customer_id,customer_name,plan,billing_type,invoice_date,invoice_id,amount_usd,status,is_first_month,is_churn_month
CUST-1000,Pinecrest Builders,Growth,Monthly,2025-02-12,in_97369856cc,897.54,Failed,Y,N
CUST-1000,Pinecrest Builders,Growth,Monthly,2025-03-19,in_5f5e52e1f0,920.82,Paid,N,N
CUST-1000,Pinecrest Builders,Growth,Monthly,2025-04-26,in_4951b2a56e,919.09,Paid,N,N
CUST-1000,Pinecrest Builders,Growth,Monthly,2025-05-30,in_e3761ce923,889.92,Paid,N,N
CUST-1000,Pinecrest Builders,Growth,Monthly,2025-06-12,in_398bde3564,873.55,Paid,N,N
CUST-1000,Pinecrest Builders,Growth,Monthly,2025-07-11,in_607805d514,893.95,Paid,N,N
CUST-1000,Pinecrest Builders,Growth,Monthly,2025-08-15,in_1f036d9b4e,912.74,Paid,N,N
CUST-1000,Pinecrest Builders,Growth,Monthly,2025-09-25,in_c07f6115de,884.72,Failed,N,N
CUST-1000,Pinecrest Builders,Growth,Monthly,2025-10-22,in_9bd65d5fc2,921.82,Paid,N,N
CUST-1000,Pinecrest Builders,Growth,Monthly,2025-11-12,in_d43b814d78,914.44,Paid,N,N
CUST-1000,Pinecrest Builders,Growth,Monthly,2025-12-10,in_247c399c7d,915.35,Paid,N,N
CUST-1001,Cascade Electrical Co,Growth,Monthly,2025-02-09,in_5d5f5db6c0,918.58,Paid,Y,N
CUST-1001,Cascade Electrical Co,Growth,Monthly,2025-03-15,in_e654e5658b,902.26,Paid,N,N
CUST-1001,Cascade Electrical Co,Growth,Monthly,2025-04-20,in_bf81d6acc9,900.87,Paid,N,N
CUST-1001,Cascade Electrical Co,Growth,Monthly,2025-05-24,in_39a9aa2a43,898.3,Paid,N,N
CUST-1001,Cascade Electrical Co,Growth,Monthly,2025-06-09,in_b50cac895f,895.83,Paid,N,N
CUST-1001,Cascade Electrical Co,Growth,Monthly,2025-07-20,in_56ffe364f4,915.06,Paid,N,N
CUST-1001,Cascade Electrical Co,Growth,Monthly,2025-08-12,in_5d5f49f68b,902.81,Paid,N,N
CUST-1001,Cascade Electrical Co,Growth,Monthly,2025-09-08,in_5e4c19d8cd,874.23,Paid,N,N
CUST-1001,Cascade Electrical Co,Growth,Monthly,2025-10-21,in_99f784a3e1,902.27,Paid,N,N
CUST-1001,Cascade Electrical Co,Growth,Monthly,2025-11-25,in_73023de6a3,891.48,Paid,N,N
CUST-1001,Cascade Electrical Co,Growth,Monthly,2025-12-16,in_696de48e80,904.96,Refunded,N,N
CUST-1002,Highfield Electrical Co,Enterprise,Monthly,2025-04-02,in_da1bb8a2fb,6705.85,Paid,Y,N
CUST-1002,Highfield Electrical Co,Enterprise,Monthly,2025-05-02,in_be942833f4,6717.9,Paid,N,N
CUST-1002,Highfield Electrical Co,Enterprise,Monthly,2025-06-21,in_a0c40d6270,6922.82,Paid,N,N
CUST-1002,Highfield Electrical Co,Enterprise,Monthly,2025-07-06,in_3dff55bae7,6681.45,Paid,N,N
CUST-1002,Highfield Electrical Co,Enterprise,Monthly,2025-08-04,in_d3d188b748,6842.85,Paid,N,N
CUST-1002,Highfield Electrical Co,Enterprise,Monthly,2025-09-04,in_b6c6c304c1,6629.47,Paid,N,N
CUST-1002,Highfield Electrical Co,Enterprise,Monthly,2025-10-24,in_6cc98fa997,6682.33,Paid,N,N
CUST-1002,Highfield Electrical Co,Enterprise,Monthly,2025-11-03,in_a4f8220925,6731.24,Paid,N,N
CUST-1002,Highfield Electrical Co,Enterprise,Monthly,2025-12-19,in_6603ab9f96,6643.22,Paid,N,N
CUST-1003,Stonegate Trades Group,Starter,Monthly,2025-01-28,in_42b4743d34,303.9,Paid,Y,N
CUST-1003,Stonegate Trades Group,Starter,Monthly,2025-02-01,in_67fdf22693,302.97,Paid,N,N
CUST-1003,Stonegate Trades Group,Starter,Monthly,2025-03-28,in_94f46ea205,294.72,Paid,N,N
CUST-1003,Stonegate Trades Group,Starter,Monthly,2025-04-02,in_8af90b21ef,294.55,Paid,N,N
CUST-1003,Stonegate Trades Group,Starter,Monthly,2025-05-21,in_95769fa576,304.93,Paid,N,N
CUST-1003,Stonegate Trades Group,Starter,Monthly,2025-06-22,in_d471e8ec48,298.76,Paid,N,N
CUST-1003,Stonegate Trades Group,Starter,Monthly,2025-07-27,in_54387441e0,306.62,Paid,N,N
CUST-1003,Stonegate Trades Group,Starter,Monthly,2025-08-24,in_6ef6b583c2,291.95,Paid,N,N
CUST-1003,Stonegate Trades Group,Starter,Monthly,2025-09-05,in_cb4c477a97,290.65,Refunded,N,N
CUST-1003,Stonegate Trades Group,Starter,Monthly,2025-10-24,in_3e63056e65,298.07,Paid,N,N
CUST-1003,Stonegate Trades Group,Starter,Monthly,2025-11-04,in_668e07f5aa,299.43,Paid,N,N
CUST-1003,Stonegate Trades Group,Starter,Monthly,2025-12-08,in_6beba5526b,303.46,Paid,N,N
CUST-1004,Timberview Electrical Co,Starter,Monthly,2025-03-26,in_1ada66dc7a,293.37,Paid,Y,N
CUST-1004,Timberview Electrical Co,Starter,Monthly,2025-04-02,in_9684a842b7,301.63,Paid,N,N
CUST-1004,Timberview Electrical Co,Starter,Monthly,2025-05-04,in_7cec559f6f,295.11,Paid,N,N
CUST-1004,Timberview Electrical Co,Starter,Monthly,2025-06-02,in_3f457916c8,304.75,Paid,N,N
CUST-1004,Timberview Electrical Co,Starter,Monthly,2025-07-27,in_78eecbe564,307.65,Paid,N,N
CUST-1004,Timberview Electrical Co,Starter,Monthly,2025-08-24,in_baa33a7446,299.4,Paid,N,N
CUST-1004,Timberview Electrical Co,Starter,Monthly,2025-09-02,in_c616136a59,292.31,Paid,N,N
CUST-1004,Timberview Electrical Co,Starter,Monthly,2025-10-23,in_88273c7003,301.44,Paid,N,N
CUST-1004,Timberview Electrical Co,Starter,Monthly,2025-11-12,in_5aadd86b96,291.32,Paid,N,N
CUST-1004,Timberview Electrical Co,Starter,Monthly,2025-12-16,in_5dcd7e2407,295.62,Paid,N,N
CUST-1005,Stonegate Construction,Growth,Monthly,2025-04-10,in_bbd2a00288,895.93,Paid,Y,N
CUST-1005,Stonegate Construction,Growth,Monthly,2025-05-18,in_a95cd73ec9,883.84,Paid,N,N
CUST-1005,Stonegate Construction,Growth,Monthly,2025-06-05,in_447dc9c998,889.36,Paid,N,N
CUST-1005,Stonegate Construction,Growth,Monthly,2025-07-23,in_c6bad3c944,873.07,Paid,N,N
CUST-1005,Stonegate Construction,Growth,Monthly,2025-08-11,in_4036544038,892.63,Paid,N,N
CUST-1005,Stonegate Construction,Growth,Monthly,2025-09-06,in_8a9a132ff7,894.09,Paid,N,N
CUST-1005,Stonegate Construction,Growth,Monthly,2025-10-23,in_9e0ceaa382,905.94,Paid,N,N
CUST-1005,Stonegate Construction,Growth,Monthly,2025-11-20,in_c0da309edd,892.23,Paid,N,N
CUST-1005,Stonegate Construction,Growth,Monthly,2025-12-18,in_6161eadff3,891.83,Paid,N,N
CUST-1006,Highfield Construction,Growth,Annual (prepaid),2025-01-12,in_b061b95cd9,908.03,Paid,Y,N
CUST-1006,Highfield Construction,Growth,Annual (prepaid),2025-02-11,in_a5ffbb3343,887.21,Paid,N,N
CUST-1006,Highfield Construction,Growth,Annual (prepaid),2025-03-24,in_402eced847,898.84,Paid,N,N
CUST-1006,Highfield Construction,Growth,Annual (prepaid),2025-04-03,in_abd782e391,904.73,Paid,N,N
CUST-1006,Highfield Construction,Growth,Annual (prepaid),2025-05-08,in_7c20b5dad7,902.73,Paid,N,N
CUST-1006,Highfield Construction,Growth,Annual (prepaid),2025-06-15,in_4ab82c46d0,922.31,Paid,N,N
CUST-1006,Highfield Construction,Growth,Annual (prepaid),2025-07-31,in_96f9a50b4e,918.57,Paid,N,N
CUST-1006,Highfield Construction,Growth,Annual (prepaid),2025-08-18,in_663a1872a0,889.26,Paid,N,N
CUST-1006,Highfield Construction,Growth,Annual (prepaid),2025-09-16,in_287ed5704e,880.06,Paid,N,N
CUST-1006,Highfield Construction,Growth,Annual (prepaid),2025-10-01,in_da9aea4546,922.0,Paid,N,N
CUST-1006,Highfield Construction,Growth,Annual (prepaid),2025-11-15,in_7ef6ff1ac7,881.79,Paid,N,N
CUST-1006,Highfield Construction,Growth,Annual (prepaid),2025-12-27,in_8339a3df98,895.21,Paid,N,N
CUST-1007,Keystone Builders,Growth,Monthly,2025-12-14,in_4849d21905,919.27,Paid,Y,N
CUST-1008,Anchor Framing Co,Growth,Monthly,2025-03-20,in_59348fd399,875.57,Paid,Y,N
CUST-1008,Anchor Framing Co,Growth,Monthly,2025-04-30,in_c0b88d7b07,896.86,Paid,N,N
CUST-1008,Anchor Framing Co,Growth,Monthly,2025-05-24,in_420194c331,911.57,Paid,N,N
CUST-1008,Anchor Framing Co,Growth,Monthly,2025-06-11,in_22b36bba25,884.43,Paid,N,N
CUST-1008,Anchor Framing Co,Growth,Monthly,2025-07-11,in_e537fd19cd,884.04,Paid,N,N
CUST-1008,Anchor Framing Co,Growth,Monthly,2025-08-24,in_dc0cd2b365,921.2,Paid,N,N
CUST-1008,Anchor Framing Co,Growth,Monthly,2025-09-12,in_b21b55bab1,878.72,Paid,N,N
CUST-1008,Anchor Framing Co,Growth,Monthly,2025-10-12,in_a5241989c6,881.22,Paid,N,N
CUST-1008,Anchor Framing Co,Growth,Monthly,2025-11-11,in_9eeda37e60,880.45,Paid,N,N
CUST-1008,Anchor Framing Co,Growth,Monthly,2025-12-17,in_b0675f0e7e,881.99,Paid,N,N
CUST-1009,Ironwood Concrete,Growth,Monthly,2025-01-13,in_3913fe0d1e,884.17,Paid,Y,N
CUST-1009,Ironwood Concrete,Growth,Monthly,2025-02-12,in_b3b6fa6766,879.31,Paid,N,N
CUST-1009,Ironwood Concrete,Growth,Monthly,2025-03-22,in_67f96163f1,917.94,Paid,N,N
CUST-1009,Ironwood Concrete,Growth,Monthly,2025-04-29,in_57de50dd27,888.44,Failed,N,N
CUST-1009,Ironwood Concrete,Growth,Monthly,2025-05-04,in_3da340d226,873.12,Paid,N,N
CUST-1009,Ironwood Concrete,Growth,Monthly,2025-06-09,in_da5bbb1b5a,888.06,Paid,N,N
CUST-1009,Ironwood Concrete,Growth,Monthly,2025-07-13,in_7d9a349160,911.36,Paid,N,N
CUST-1009,Ironwood Concrete,Growth,Monthly,2025-08-08,in_e2cfdf3d8b,897.6,Paid,N,N
CUST-1009,Ironwood Concrete,Growth,Monthly,2025-09-17,in_2e094c3e75,872.24,Paid,N,N
CUST-1009,Ironwood Concrete,Growth,Monthly,2025-10-27,in_1db9ac53b1,891.64,Paid,N,N
CUST-1009,Ironwood Concrete,Growth,Monthly,2025-11-04,in_8180f283d3,904.72,Paid,N,N
CUST-1009,Ironwood Concrete,Growth,Monthly,2025-12-02,in_61929dab41,879.49,Paid,N,N
CUST-1010,Highfield Roofing,Pro,Annual (prepaid),2025-02-15,in_1b848763f6,2541.08,Paid,Y,N
CUST-1010,Highfield Roofing,Pro,Annual (prepaid),2025-03-24,in_8a28ef85a1,2553.43,Paid,N,N
CUST-1010,Highfield Roofing,Pro,Annual (prepaid),2025-04-29,in_5bcc75dbc1,2567.08,Paid,N,N
CUST-1010,Highfield Roofing,Pro,Annual (prepaid),2025-05-07,in_373ef8d2aa,2530.73,Paid,N,N
CUST-1010,Highfield Roofing,Pro,Annual (prepaid),2025-06-16,in_ba80c1f981,2460.83,Paid,N,N
CUST-1010,Highfield Roofing,Pro,Annual (prepaid),2025-07-15,in_951d5e9519,2552.85,Paid,N,N
CUST-1010,Highfield Roofing,Pro,Annual (prepaid),2025-08-12,in_9439ec4bb5,2467.55,Paid,N,N
CUST-1010,Highfield Roofing,Pro,Annual (prepaid),2025-09-16,in_4f41bcc514,2526.77,Paid,N,N
CUST-1010,Highfield Roofing,Pro,Annual (prepaid),2025-10-31,in_daf6269ea3,2536.57,Paid,N,N
CUST-1010,Highfield Roofing,Pro,Annual (prepaid),2025-11-24,in_486de07953,2567.75,Paid,N,N
CUST-1010,Highfield Roofing,Pro,Annual (prepaid),2025-12-16,in_81ea9848b8,2441.43,Paid,N,N
CUST-1011,Pinecrest Contracting,Pro,Monthly,2025-12-24,in_7bc5f51cf3,2485.08,Failed,Y,N
CUST-1012,Highfield Roofing,Pro,Monthly,2025-01-16,in_215dd41063,2482.74,Paid,Y,N
CUST-1012,Highfield Roofing,Pro,Monthly,2025-02-21,in_c26f72b18d,2483.87,Paid,N,N
CUST-1012,Highfield Roofing,Pro,Monthly,2025-03-24,in_25f8412628,2554.6,Paid,N,N
CUST-1012,Highfield Roofing,Pro,Monthly,2025-04-14,in_70495a773b,2460.45,Paid,N,N
CUST-1012,Highfield Roofing,Pro,Monthly,2025-05-12,in_9ee559b9d7,2535.72,Paid,N,N
CUST-1012,Highfield Roofing,Pro,Monthly,2025-06-17,in_361d453cc7,2550.13,Paid,N,N
CUST-1012,Highfield Roofing,Pro,Monthly,2025-07-21,in_8d4ca1f683,2526.11,Paid,N,N
CUST-1012,Highfield Roofing,Pro,Monthly,2025-08-24,in_1f81441107,2440.26,Paid,N,N
CUST-1012,Highfield Roofing,Pro,Monthly,2025-09-15,in_5b817ba937,2532.33,Paid,N,N
CUST-1012,Highfield Roofing,Pro,Monthly,2025-10-30,in_3ea3959ae5,2532.94,Paid,N,N
CUST-1012,Highfield Roofing,Pro,Monthly,2025-11-22,in_31831fe410,2494.82,Paid,N,N
CUST-1012,Highfield Roofing,Pro,Monthly,2025-12-25,in_a895713900,2470.77,Paid,N,N
CUST-1013,Summit Electrical Co,Enterprise,Annual (prepaid),2025-04-01,in_c603f20386,6630.16,Paid,Y,N
CUST-1013,Summit Electrical Co,Enterprise,Annual (prepaid),2025-05-18,in_e3bfd7242e,6944.63,Failed,N,N
CUST-1013,Summit Electrical Co,Enterprise,Annual (prepaid),2025-06-30,in_877a5021cc,6673.2,Paid,N,N
CUST-1013,Summit Electrical Co,Enterprise,Annual (prepaid),2025-07-22,in_34b7573ec4,6970.59,Paid,N,N
CUST-1013,Summit Electrical Co,Enterprise,Annual (prepaid),2025-08-28,in_5e4e1f8353,6728.79,Paid,N,N
CUST-1013,Summit Electrical Co,Enterprise,Annual (prepaid),2025-09-19,in_8ee99a704b,6918.76,Paid,N,N
CUST-1013,Summit Electrical Co,Enterprise,Annual (prepaid),2025-10-28,in_cfc50720e3,6838.03,Paid,N,N
CUST-1013,Summit Electrical Co,Enterprise,Annual (prepaid),2025-11-29,in_c5eb3ecec1,6831.24,Paid,N,N
CUST-1013,Summit Electrical Co,Enterprise,Annual (prepaid),2025-12-22,in_84bf2b16b6,6647.98,Failed,N,N
CUST-1014,Cobalt Trades Group,Growth,Monthly,2025-09-02,in_4688a7503c,914.65,Paid,Y,N
CUST-1014,Cobalt Trades Group,Growth,Monthly,2025-10-30,in_e2b6463a54,875.7,Paid,N,N
CUST-1014,Cobalt Trades Group,Growth,Monthly,2025-11-08,in_7d190421b5,874.29,Refunded,N,N
CUST-1014,Cobalt Trades Group,Growth,Monthly,2025-12-30,in_86ba62f758,878.65,Paid,N,N
CUST-1015,Vantage Roofing,Starter,Annual (prepaid),2025-01-15,in_57ec04688c,292.08,Paid,Y,N
CUST-1015,Vantage Roofing,Starter,Annual (prepaid),2025-02-13,in_6f941aa1fa,298.12,Paid,N,N
CUST-1015,Vantage Roofing,Starter,Annual (prepaid),2025-03-09,in_90517b9f26,301.08,Paid,N,N
CUST-1015,Vantage Roofing,Starter,Annual (prepaid),2025-04-11,in_b3f63d4dbf,299.18,Paid,N,N
CUST-1015,Vantage Roofing,Starter,Annual (prepaid),2025-05-26,in_ad9ce72bcd,306.23,Paid,N,N
CUST-1015,Vantage Roofing,Starter,Annual (prepaid),2025-06-25,in_cde0cad818,298.25,Paid,N,N
CUST-1015,Vantage Roofing,Starter,Annual (prepaid),2025-07-22,in_1d3be8b12f,302.66,Paid,N,N
CUST-1015,Vantage Roofing,Starter,Annual (prepaid),2025-08-27,in_69cc3aca8b,296.09,Paid,N,N
CUST-1015,Vantage Roofing,Starter,Annual (prepaid),2025-09-17,in_9891f047f3,305.65,Paid,N,N
CUST-1015,Vantage Roofing,Starter,Annual (prepaid),2025-10-03,in_c971ba0179,294.69,Paid,N,N
CUST-1015,Vantage Roofing,Starter,Annual (prepaid),2025-11-24,in_e8a76ef7fe,295.61,Paid,N,N
CUST-1015,Vantage Roofing,Starter,Annual (prepaid),2025-12-18,in_933ee4f1c1,304.68,Refunded,N,N
CUST-1016,Ironwood Builders,Starter,Monthly,2025-06-01,in_a57b74f3de,303.19,Paid,Y,N
CUST-1016,Ironwood Builders,Starter,Monthly,2025-07-08,in_2e5d5f482e,299.27,Paid,N,N
CUST-1016,Ironwood Builders,Starter,Monthly,2025-08-24,in_475e46b558,305.59,Paid,N,N
CUST-1016,Ironwood Builders,Starter,Monthly,2025-09-05,in_e04d8c245b,304.46,Paid,N,N
CUST-1016,Ironwood Builders,Starter,Monthly,2025-10-13,in_3fbcb7c872,305.61,Paid,N,N
CUST-1016,Ironwood Builders,Starter,Monthly,2025-11-23,in_3a2ee41d76,304.01,Failed,N,N
CUST-1016,Ironwood Builders,Starter,Monthly,2025-12-06,in_1b4c6bdddc,294.01,Paid,N,N
CUST-1017,Cobalt Electrical Co,Starter,Monthly,2025-02-23,in_d0f9ae6c83,290.48,Paid,Y,N
CUST-1017,Cobalt Electrical Co,Starter,Monthly,2025-03-28,in_9c1c32fbd1,295.22,Paid,N,N
CUST-1017,Cobalt Electrical Co,Starter,Monthly,2025-04-14,in_bda74f9a74,306.23,Paid,N,N
CUST-1017,Cobalt Electrical Co,Starter,Monthly,2025-05-18,in_3702645df0,296.73,Paid,N,N
CUST-1017,Cobalt Electrical Co,Starter,Monthly,2025-06-26,in_3b703a790d,297.64,Paid,N,N
CUST-1017,Cobalt Electrical Co,Starter,Monthly,2025-07-13,in_b70729a539,298.26,Paid,N,N
CUST-1017,Cobalt Electrical Co,Starter,Monthly,2025-08-24,in_1c7662c4f7,307.07,Paid,N,N
CUST-1017,Cobalt Electrical Co,Starter,Monthly,2025-09-22,in_7088672493,296.09,Paid,N,N
CUST-1017,Cobalt Electrical Co,Starter,Monthly,2025-10-23,in_3d8fc9e064,302.5,Paid,N,N
CUST-1017,Cobalt Electrical Co,Starter,Monthly,2025-11-06,in_8f6751a499,302.21,Paid,N,N
CUST-1017,Cobalt Electrical Co,Starter,Monthly,2025-12-28,in_42a3d8ba8e,301.17,Failed,N,N
CUST-1018,Highfield Electrical Co,Starter,Monthly,2025-03-26,in_2cbc3cf030,297.49,Paid,Y,N
CUST-1018,Highfield Electrical Co,Starter,Monthly,2025-04-08,in_e0560512c5,304.91,Paid,N,N
CUST-1018,Highfield Electrical Co,Starter,Monthly,2025-05-08,in_70df954409,293.61,Paid,N,N
CUST-1018,Highfield Electrical Co,Starter,Monthly,2025-06-25,in_345d335bfc,302.64,Paid,N,N
CUST-1018,Highfield Electrical Co,Starter,Monthly,2025-07-21,in_2702be246a,300.83,Paid,N,N
CUST-1018,Highfield Electrical Co,Starter,Monthly,2025-08-05,in_2345635e16,303.86,Paid,N,N
CUST-1018,Highfield Electrical Co,Starter,Monthly,2025-09-15,in_e293022a43,297.13,Paid,N,N
CUST-1018,Highfield Electrical Co,Starter,Monthly,2025-10-31,in_533e87ce62,296.9,Paid,N,N
CUST-1018,Highfield Electrical Co,Starter,Monthly,2025-11-13,in_d4d09dd165,295.95,Paid,N,N
CUST-1018,Highfield Electrical Co,Starter,Monthly,2025-12-12,in_a0d9bd1309,302.92,Paid,N,N
CUST-1019,Brightline General Contractors,Growth,Monthly,2025-01-15,in_37f07c7502,897.66,Paid,Y,N
CUST-1019,Brightline General Contractors,Growth,Monthly,2025-02-08,in_930c2d14b7,890.19,Paid,N,N
CUST-1019,Brightline General Contractors,Growth,Monthly,2025-03-23,in_6b8935010a,892.69,Paid,N,N
CUST-1019,Brightline General Contractors,Growth,Monthly,2025-04-14,in_b36fed53e3,877.49,Paid,N,N
CUST-1019,Brightline General Contractors,Growth,Monthly,2025-05-20,in_862f713b6a,894.74,Paid,N,N
CUST-1019,Brightline General Contractors,Growth,Monthly,2025-06-14,in_a588a68230,914.76,Paid,N,N
CUST-1019,Brightline General Contractors,Growth,Monthly,2025-07-15,in_86b8ee1054,880.92,Paid,N,N
CUST-1019,Brightline General Contractors,Growth,Monthly,2025-08-30,in_6d1189a6ee,904.91,Paid,N,N
CUST-1019,Brightline General Contractors,Growth,Monthly,2025-09-27,in_acdea5fc88,898.49,Paid,N,N
CUST-1019,Brightline General Contractors,Growth,Monthly,2025-10-24,in_e36cdab66d,918.65,Paid,N,N
CUST-1019,Brightline General Contractors,Growth,Monthly,2025-11-29,in_adbf3b076e,873.53,Paid,N,N
CUST-1019,Brightline General Contractors,Growth,Monthly,2025-12-31,in_98ed244750,909.57,Paid,N,N
CUST-1020,Foster Contracting,Growth,Monthly,2025-03-01,in_6bb745e0d2,881.56,Paid,Y,N
CUST-1020,Foster Contracting,Growth,Monthly,2025-04-13,in_6ecb071440,917.56,Paid,N,N
CUST-1020,Foster Contracting,Growth,Monthly,2025-05-03,in_aea4d6aa29,908.7,Refunded,N,N
CUST-1020,Foster Contracting,Growth,Monthly,2025-06-24,in_a082748041,917.49,Paid,N,N
CUST-1020,Foster Contracting,Growth,Monthly,2025-07-15,in_55e1bad218,921.24,Paid,N,N
CUST-1020,Foster Contracting,Growth,Monthly,2025-08-02,in_ad52e75ada,909.25,Paid,N,N
CUST-1020,Foster Contracting,Growth,Monthly,2025-09-22,in_937dde915e,896.73,Paid,N,N
CUST-1020,Foster Contracting,Growth,Monthly,2025-10-28,in_db6377c79d,898.42,Paid,N,N
CUST-1020,Foster Contracting,Growth,Monthly,2025-11-01,in_e16a246d64,903.15,Failed,N,N
CUST-1020,Foster Contracting,Growth,Monthly,2025-12-06,in_1a8af8ef06,875.83,Paid,N,N
CUST-1021,Anchor Concrete,Growth,Monthly,2025-02-22,in_38e21651ba,880.04,Paid,Y,N
CUST-1021,Anchor Concrete,Growth,Monthly,2025-03-19,in_55e480caea,896.02,Paid,N,N
CUST-1021,Anchor Concrete,Growth,Monthly,2025-04-16,in_e372efc37f,902.19,Paid,N,N
CUST-1021,Anchor Concrete,Growth,Monthly,2025-05-13,in_7544518234,890.42,Paid,N,N
CUST-1021,Anchor Concrete,Growth,Monthly,2025-06-20,in_2dec84f335,872.91,Paid,N,N
CUST-1021,Anchor Concrete,Growth,Monthly,2025-07-13,in_5674f3aaf8,902.2,Paid,N,N
CUST-1021,Anchor Concrete,Growth,Monthly,2025-08-11,in_5639b6fd19,874.26,Paid,N,N
CUST-1021,Anchor Concrete,Growth,Monthly,2025-09-12,in_633db84425,895.14,Paid,N,N
CUST-1021,Anchor Concrete,Growth,Monthly,2025-10-07,in_bb3209cbd2,896.7,Paid,N,N
CUST-1021,Anchor Concrete,Growth,Monthly,2025-11-21,in_c37d7b54d8,896.06,Paid,N,N
CUST-1021,Anchor Concrete,Growth,Monthly,2025-12-11,in_8d5c0ae2ef,922.83,Paid,N,N
CUST-1022,Redwood Mechanical,Growth,Annual (prepaid),2025-01-17,in_17f881a0cc,880.9,Paid,Y,N
CUST-1022,Redwood Mechanical,Growth,Annual (prepaid),2025-02-08,in_a0c526a22d,880.59,Paid,N,N
CUST-1022,Redwood Mechanical,Growth,Annual (prepaid),2025-03-07,in_208dc12c29,925.56,Paid,N,N
CUST-1022,Redwood Mechanical,Growth,Annual (prepaid),2025-04-01,in_51c2b519e3,913.26,Failed,N,N
CUST-1022,Redwood Mechanical,Growth,Annual (prepaid),2025-05-09,in_b902f0095a,902.84,Paid,N,N
CUST-1022,Redwood Mechanical,Growth,Annual (prepaid),2025-06-10,in_1c8b5da689,878.77,Refunded,N,N
CUST-1022,Redwood Mechanical,Growth,Annual (prepaid),2025-07-08,in_e301152356,873.82,Paid,N,N
CUST-1022,Redwood Mechanical,Growth,Annual (prepaid),2025-08-04,in_e2aa68eb46,888.26,Paid,N,N
CUST-1022,Redwood Mechanical,Growth,Annual (prepaid),2025-09-03,in_6392433249,906.67,Paid,N,N
CUST-1022,Redwood Mechanical,Growth,Annual (prepaid),2025-10-23,in_d39934386b,895.11,Failed,N,N
CUST-1022,Redwood Mechanical,Growth,Annual (prepaid),2025-11-26,in_69303b5ee8,899.88,Paid,N,N
CUST-1022,Redwood Mechanical,Growth,Annual (prepaid),2025-12-07,in_911c98d7b2,893.28,Paid,N,N
CUST-1023,Pinecrest Mechanical,Growth,Monthly,2025-01-22,in_c2b606201d,874.88,Paid,Y,N
CUST-1023,Pinecrest Mechanical,Growth,Monthly,2025-02-22,in_77303fa045,884.49,Failed,N,N
CUST-1023,Pinecrest Mechanical,Growth,Monthly,2025-03-23,in_d429f60a6e,893.64,Paid,N,N
CUST-1023,Pinecrest Mechanical,Growth,Monthly,2025-04-14,in_dae3e9f95c,881.88,Paid,N,N
CUST-1023,Pinecrest Mechanical,Growth,Monthly,2025-05-31,in_c59ffbc195,923.39,Paid,N,N
CUST-1023,Pinecrest Mechanical,Growth,Monthly,2025-06-07,in_2f41e0ee0f,912.04,Paid,N,N
CUST-1023,Pinecrest Mechanical,Growth,Monthly,2025-07-25,in_b59fd179c9,907.08,Paid,N,N
CUST-1023,Pinecrest Mechanical,Growth,Monthly,2025-08-11,in_71765efe6d,893.99,Paid,N,N
CUST-1023,Pinecrest Mechanical,Growth,Monthly,2025-09-26,in_5c73f97185,879.3,Paid,N,N
CUST-1023,Pinecrest Mechanical,Growth,Monthly,2025-10-25,in_272196a0fb,889.9,Paid,N,N
CUST-1023,Pinecrest Mechanical,Growth,Monthly,2025-11-07,in_e2cef95dd3,876.65,Paid,N,N
CUST-1023,Pinecrest Mechanical,Growth,Monthly,2025-12-11,in_8f0da2027c,906.29,Paid,N,N
CUST-1024,Pinecrest Roofing,Pro,Monthly,2025-01-12,in_9358b3239a,2519.82,Paid,Y,N
CUST-1024,Pinecrest Roofing,Pro,Monthly,2025-02-18,in_7a6a29cc66,2545.72,Paid,N,N
CUST-1024,Pinecrest Roofing,Pro,Monthly,2025-03-28,in_6cb00d41e1,2526.8,Paid,N,N
CUST-1024,Pinecrest Roofing,Pro,Monthly,2025-04-03,in_1dcc8fd59c,2516.9,Paid,N,N
CUST-1024,Pinecrest Roofing,Pro,Monthly,2025-05-25,in_3ddf88c79b,2505.89,Paid,N,N
CUST-1024,Pinecrest Roofing,Pro,Monthly,2025-06-28,in_97b5f4c03a,2543.56,Paid,N,N
CUST-1024,Pinecrest Roofing,Pro,Monthly,2025-07-22,in_670769e85e,2566.36,Paid,N,N
CUST-1024,Pinecrest Roofing,Pro,Monthly,2025-08-28,in_77319c879d,2507.21,Paid,N,N
CUST-1024,Pinecrest Roofing,Pro,Monthly,2025-09-07,in_5ed6d6ac80,2470.1,Paid,N,N
CUST-1024,Pinecrest Roofing,Pro,Monthly,2025-10-27,in_da2e9a1b1c,2432.57,Paid,N,N
CUST-1024,Pinecrest Roofing,Pro,Monthly,2025-11-18,in_b56d8c183b,2525.98,Paid,N,N
CUST-1024,Pinecrest Roofing,Pro,Monthly,2025-12-17,in_e343479acc,2520.18,Paid,N,N
CUST-1025,Pinecrest Framing Co,Growth,Monthly,2025-11-25,in_2da4076b21,913.05,Paid,Y,N
CUST-1025,Pinecrest Framing Co,Growth,Monthly,2025-12-24,in_1b1c72b3c5,920.81,Paid,N,N
CUST-1026,Timberview Contracting,Enterprise,Monthly,2025-07-13,in_69c8addd4d,6799.16,Paid,Y,N
CUST-1026,Timberview Contracting,Enterprise,Monthly,2025-08-09,in_c78175229b,6831.07,Paid,N,N
CUST-1026,Timberview Contracting,Enterprise,Monthly,2025-09-01,in_b4a14d34a9,6781.43,Paid,N,N
CUST-1026,Timberview Contracting,Enterprise,Monthly,2025-10-18,in_cf83843b9e,6856.15,Paid,N,N
CUST-1026,Timberview Contracting,Enterprise,Monthly,2025-11-03,in_3b4c01fc8b,6598.22,Paid,N,N
CUST-1026,Timberview Contracting,Enterprise,Monthly,2025-12-02,in_7719caeef8,6837.07,Paid,N,N
CUST-1027,Timberview Construction,Growth,Monthly,2025-02-20,in_6dd5229b44,893.66,Paid,Y,N
CUST-1027,Timberview Construction,Growth,Monthly,2025-03-22,in_33913329af,873.47,Paid,N,N
CUST-1027,Timberview Construction,Growth,Monthly,2025-04-02,in_8a56675bd0,882.0,Paid,N,N
CUST-1027,Timberview Construction,Growth,Monthly,2025-05-16,in_2ebb8d37b0,898.69,Paid,N,N
CUST-1027,Timberview Construction,Growth,Monthly,2025-06-02,in_22f73df698,915.0,Paid,N,N
CUST-1027,Timberview Construction,Growth,Monthly,2025-07-20,in_1b5d624fa9,904.34,Refunded,N,N
CUST-1027,Timberview Construction,Growth,Monthly,2025-08-01,in_31ec3e5e3f,883.98,Paid,N,Y
CUST-1028,Marlow Contracting,Pro,Monthly,2025-03-19,in_59a620b8cd,2550.45,Paid,Y,N
CUST-1028,Marlow Contracting,Pro,Monthly,2025-04-16,in_7eb1ebf543,2483.59,Paid,N,N
CUST-1028,Marlow Contracting,Pro,Monthly,2025-05-10,in_cc4665d350,2484.71,Paid,N,N
CUST-1028,Marlow Contracting,Pro,Monthly,2025-06-23,in_9c5ddf63ea,2463.85,Paid,N,N
CUST-1028,Marlow Contracting,Pro,Monthly,2025-07-14,in_89eb51eb07,2426.04,Paid,N,N
CUST-1028,Marlow Contracting,Pro,Monthly,2025-08-10,in_72c3c36462,2477.5,Paid,N,N
CUST-1028,Marlow Contracting,Pro,Monthly,2025-09-19,in_3802998085,2517.62,Paid,N,N
CUST-1028,Marlow Contracting,Pro,Monthly,2025-10-13,in_becf3b0889,2449.81,Paid,N,N
CUST-1028,Marlow Contracting,Pro,Monthly,2025-11-06,in_63e5356afb,2565.99,Paid,N,N
CUST-1028,Marlow Contracting,Pro,Monthly,2025-12-25,in_5b458962a6,2510.46,Paid,N,N
CUST-1029,Cascade Concrete,Growth,Annual (prepaid),2025-02-25,in_2f4b6bb9a2,911.09,Paid,Y,N
CUST-1029,Cascade Concrete,Growth,Annual (prepaid),2025-03-14,in_3953d20ace,924.98,Paid,N,N
CUST-1029,Cascade Concrete,Growth,Annual (prepaid),2025-04-30,in_505b4464eb,873.61,Failed,N,N
CUST-1029,Cascade Concrete,Growth,Annual (prepaid),2025-05-23,in_3f7aaf609d,890.77,Paid,N,N
CUST-1029,Cascade Concrete,Growth,Annual (prepaid),2025-06-29,in_de42725a20,902.43,Paid,N,N
CUST-1029,Cascade Concrete,Growth,Annual (prepaid),2025-07-09,in_25241076a1,901.55,Paid,N,N
CUST-1029,Cascade Concrete,Growth,Annual (prepaid),2025-08-26,in_7871218cc1,904.95,Failed,N,N
CUST-1029,Cascade Concrete,Growth,Annual (prepaid),2025-09-06,in_e839d0e84b,902.44,Paid,N,Y
CUST-1030,Alderwood Trades Group,Starter,Monthly,2025-05-24,in_19908eb1eb,297.54,Paid,Y,N
CUST-1030,Alderwood Trades Group,Starter,Monthly,2025-06-16,in_e5e6218ac9,290.55,Paid,N,N
CUST-1030,Alderwood Trades Group,Starter,Monthly,2025-07-18,in_b218e11b8a,297.41,Paid,N,N
CUST-1030,Alderwood Trades Group,Starter,Monthly,2025-08-12,in_32676d3891,297.45,Paid,N,N
CUST-1030,Alderwood Trades Group,Starter,Monthly,2025-09-07,in_4f87622684,293.08,Paid,N,N
CUST-1030,Alderwood Trades Group,Starter,Monthly,2025-10-11,in_4390a46c0f,300.4,Paid,N,N
CUST-1030,Alderwood Trades Group,Starter,Monthly,2025-11-13,in_417e7b5430,300.02,Paid,N,N
CUST-1030,Alderwood Trades Group,Starter,Monthly,2025-12-23,in_a26157c90b,305.28,Paid,N,N
CUST-1031,Fairmont Trades Group,Growth,Monthly,2025-04-03,in_1a96ebfa09,905.19,Paid,Y,N
CUST-1031,Fairmont Trades Group,Growth,Monthly,2025-05-04,in_3777b1929d,891.57,Paid,N,N
CUST-1031,Fairmont Trades Group,Growth,Monthly,2025-06-17,in_e29f5b469c,906.57,Paid,N,N
CUST-1031,Fairmont Trades Group,Growth,Monthly,2025-07-17,in_73fa69b509,897.34,Paid,N,N
CUST-1031,Fairmont Trades Group,Growth,Monthly,2025-08-18,in_9ca18126a6,905.63,Paid,N,N
CUST-1031,Fairmont Trades Group,Growth,Monthly,2025-09-05,in_9920fcc5f0,912.37,Paid,N,N
CUST-1031,Fairmont Trades Group,Growth,Monthly,2025-10-26,in_68fe8f74ce,872.89,Paid,N,N
CUST-1031,Fairmont Trades Group,Growth,Monthly,2025-11-03,in_35ca079143,912.37,Paid,N,N
CUST-1031,Fairmont Trades Group,Growth,Monthly,2025-12-17,in_d65db669bf,904.0,Paid,N,N
CUST-1032,Fairmont Contracting,Starter,Annual (prepaid),2025-02-13,in_933e632e7e,296.1,Paid,Y,N
CUST-1032,Fairmont Contracting,Starter,Annual (prepaid),2025-03-09,in_236332f90a,307.21,Paid,N,N
CUST-1032,Fairmont Contracting,Starter,Annual (prepaid),2025-04-18,in_7108bc541d,304.79,Paid,N,N
CUST-1032,Fairmont Contracting,Starter,Annual (prepaid),2025-05-28,in_7d8199ddfa,297.42,Failed,N,N
CUST-1032,Fairmont Contracting,Starter,Annual (prepaid),2025-06-20,in_acde05fd3c,306.29,Paid,N,N
CUST-1032,Fairmont Contracting,Starter,Annual (prepaid),2025-07-31,in_65fdc03bc4,298.08,Paid,N,N
CUST-1032,Fairmont Contracting,Starter,Annual (prepaid),2025-08-29,in_888c915780,303.44,Paid,N,N
CUST-1032,Fairmont Contracting,Starter,Annual (prepaid),2025-09-17,in_955a71b675,292.09,Paid,N,N
CUST-1032,Fairmont Contracting,Starter,Annual (prepaid),2025-10-13,in_da2aa49003,301.72,Paid,N,N
CUST-1032,Fairmont Contracting,Starter,Annual (prepaid),2025-11-04,in_db9da7ef01,303.93,Paid,N,N
CUST-1032,Fairmont Contracting,Starter,Annual (prepaid),2025-12-01,in_8d8a425a49,307.03,Paid,N,N
CUST-1033,Pinecrest Framing Co,Growth,Annual (prepaid),2025-01-01,in_34fd410fae,887.72,Paid,Y,N
CUST-1033,Pinecrest Framing Co,Growth,Annual (prepaid),2025-02-28,in_99a14e48c8,884.01,Paid,N,N
CUST-1033,Pinecrest Framing Co,Growth,Annual (prepaid),2025-03-29,in_4c42fceb1c,887.53,Paid,N,Y
CUST-1034,Brightline Contracting,Growth,Monthly,2025-07-25,in_8612c20019,921.67,Paid,Y,N
CUST-1034,Brightline Contracting,Growth,Monthly,2025-08-14,in_43ce878a97,919.82,Paid,N,N
CUST-1034,Brightline Contracting,Growth,Monthly,2025-09-27,in_2ab77e4e7c,908.05,Paid,N,N
CUST-1034,Brightline Contracting,Growth,Monthly,2025-10-22,in_7f7a9a2ec8,906.2,Paid,N,N
CUST-1034,Brightline Contracting,Growth,Monthly,2025-11-09,in_e0560141c9,892.76,Paid,N,Y
CUST-1035,Summit Mechanical,Pro,Monthly,2025-11-04,in_7f3d0f1365,2541.77,Paid,Y,N
CUST-1035,Summit Mechanical,Pro,Monthly,2025-12-31,in_dd5148e173,2497.96,Paid,N,N
CUST-1036,Keystone Electrical Co,Starter,Monthly,2025-05-27,in_ab59d7ceff,302.74,Paid,Y,N
CUST-1036,Keystone Electrical Co,Starter,Monthly,2025-06-05,in_4392ef81f8,300.13,Paid,N,N
CUST-1036,Keystone Electrical Co,Starter,Monthly,2025-07-18,in_df0aa915de,307.44,Paid,N,N
CUST-1036,Keystone Electrical Co,Starter,Monthly,2025-08-22,in_62a9a7785c,302.42,Paid,N,N
CUST-1036,Keystone Electrical Co,Starter,Monthly,2025-09-16,in_5e15c58979,292.77,Paid,N,N
CUST-1036,Keystone Electrical Co,Starter,Monthly,2025-10-19,in_c519ce0590,304.62,Paid,N,N
CUST-1036,Keystone Electrical Co,Starter,Monthly,2025-11-29,in_bda03e6577,300.63,Paid,N,N
CUST-1036,Keystone Electrical Co,Starter,Monthly,2025-12-08,in_7a72aa4d83,300.02,Paid,N,N
CUST-1037,Harbor Trades Group,Pro,Monthly,2025-04-19,in_b91b08c209,2448.24,Paid,Y,N
CUST-1037,Harbor Trades Group,Pro,Monthly,2025-05-03,in_48c33b1a51,2445.56,Paid,N,N
CUST-1037,Harbor Trades Group,Pro,Monthly,2025-06-27,in_d047190c0c,2444.9,Paid,N,N
CUST-1037,Harbor Trades Group,Pro,Monthly,2025-07-04,in_54a8967111,2451.32,Paid,N,N
CUST-1037,Harbor Trades Group,Pro,Monthly,2025-08-26,in_ca32d10b8b,2556.75,Paid,N,N
CUST-1037,Harbor Trades Group,Pro,Monthly,2025-09-28,in_36f8569172,2537.8,Failed,N,N
CUST-1037,Harbor Trades Group,Pro,Monthly,2025-10-26,in_4a261d1f5d,2438.81,Paid,N,N
CUST-1037,Harbor Trades Group,Pro,Monthly,2025-11-24,in_c5991b3b2b,2571.78,Paid,N,N
CUST-1037,Harbor Trades Group,Pro,Monthly,2025-12-06,in_abb5a9ec9e,2564.95,Paid,N,N
CUST-1038,Cascade Mechanical,Growth,Monthly,2025-02-25,in_298f3a6a21,899.35,Paid,Y,N
CUST-1038,Cascade Mechanical,Growth,Monthly,2025-03-05,in_cae40b0767,884.96,Paid,N,N
CUST-1038,Cascade Mechanical,Growth,Monthly,2025-04-18,in_ce8d87c113,885.14,Paid,N,N
CUST-1038,Cascade Mechanical,Growth,Monthly,2025-05-07,in_4d273c4605,903.65,Paid,N,N
CUST-1038,Cascade Mechanical,Growth,Monthly,2025-06-13,in_8354503c81,895.73,Paid,N,N
CUST-1038,Cascade Mechanical,Growth,Monthly,2025-07-04,in_5ddb32ac5e,874.53,Paid,N,N
CUST-1038,Cascade Mechanical,Growth,Monthly,2025-08-13,in_46aac9a2d8,896.08,Paid,N,N
CUST-1038,Cascade Mechanical,Growth,Monthly,2025-09-05,in_bb83a8b161,923.25,Paid,N,N
CUST-1038,Cascade Mechanical,Growth,Monthly,2025-10-02,in_b837975456,902.78,Paid,N,N
CUST-1038,Cascade Mechanical,Growth,Monthly,2025-11-03,in_dbd975f569,925.37,Paid,N,N
CUST-1038,Cascade Mechanical,Growth,Monthly,2025-12-12,in_c7480c4cdf,924.3,Paid,N,N
CUST-1039,Harbor Mechanical,Pro,Monthly,2025-06-26,in_be5a151cbb,2454.33,Paid,Y,N
CUST-1039,Harbor Mechanical,Pro,Monthly,2025-07-08,in_2e88ba4ac4,2509.27,Paid,N,N
CUST-1039,Harbor Mechanical,Pro,Monthly,2025-08-20,in_3c5ab665b3,2502.1,Paid,N,N
CUST-1039,Harbor Mechanical,Pro,Monthly,2025-09-07,in_29c0cf1005,2550.33,Paid,N,N
CUST-1039,Harbor Mechanical,Pro,Monthly,2025-10-19,in_ce84279513,2444.25,Paid,N,N
CUST-1039,Harbor Mechanical,Pro,Monthly,2025-11-08,in_3cb5e2490c,2493.42,Paid,N,N
CUST-1039,Harbor Mechanical,Pro,Monthly,2025-12-05,in_b09bc455aa,2521.9,Paid,N,N
CUST-1040,Timberview Electrical Co,Growth,Annual (prepaid),2025-07-30,in_d43582cb35,905.89,Paid,Y,N
CUST-1040,Timberview Electrical Co,Growth,Annual (prepaid),2025-08-18,in_326268742d,877.06,Paid,N,N
CUST-1040,Timberview Electrical Co,Growth,Annual (prepaid),2025-09-27,in_4a181db473,895.71,Paid,N,N
CUST-1040,Timberview Electrical Co,Growth,Annual (prepaid),2025-10-09,in_9102465795,913.24,Paid,N,N
CUST-1040,Timberview Electrical Co,Growth,Annual (prepaid),2025-11-27,in_658fca037e,914.46,Paid,N,N
CUST-1040,Timberview Electrical Co,Growth,Annual (prepaid),2025-12-12,in_57a33b6def,920.06,Paid,N,N
CUST-1041,Vantage Builders,Pro,Monthly,2025-01-28,in_c1844e854f,2522.2,Paid,Y,N
CUST-1041,Vantage Builders,Pro,Monthly,2025-02-10,in_5dc2bed0d3,2563.74,Paid,N,N
CUST-1041,Vantage Builders,Pro,Monthly,2025-03-23,in_882db462ab,2557.21,Paid,N,N
CUST-1041,Vantage Builders,Pro,Monthly,2025-04-26,in_d2c902efab,2571.31,Paid,N,N
CUST-1041,Vantage Builders,Pro,Monthly,2025-05-23,in_9f0cf5038f,2492.49,Paid,N,N
CUST-1041,Vantage Builders,Pro,Monthly,2025-06-09,in_c40de57658,2553.81,Paid,N,N
CUST-1041,Vantage Builders,Pro,Monthly,2025-07-19,in_9365d7aef8,2506.5,Paid,N,N
CUST-1041,Vantage Builders,Pro,Monthly,2025-08-28,in_dbde58df45,2496.49,Paid,N,N
CUST-1041,Vantage Builders,Pro,Monthly,2025-09-15,in_5ea500ebd3,2504.68,Paid,N,N
CUST-1041,Vantage Builders,Pro,Monthly,2025-10-19,in_89c1197b92,2473.49,Paid,N,N
CUST-1041,Vantage Builders,Pro,Monthly,2025-11-21,in_81020f4803,2496.13,Paid,N,N
CUST-1041,Vantage Builders,Pro,Monthly,2025-12-14,in_7654690100,2507.84,Paid,N,N
CUST-1042,Cobalt General Contractors,Growth,Monthly,2025-03-19,in_a810f5f59b,887.63,Paid,Y,N
CUST-1042,Cobalt General Contractors,Growth,Monthly,2025-04-14,in_d5a7e39064,918.88,Paid,N,N
CUST-1042,Cobalt General Contractors,Growth,Monthly,2025-05-13,in_a4ae2c3fa7,925.36,Paid,N,N
CUST-1042,Cobalt General Contractors,Growth,Monthly,2025-06-20,in_5e9ff678bf,917.56,Paid,N,N
CUST-1042,Cobalt General Contractors,Growth,Monthly,2025-07-22,in_3ae4c05666,923.65,Paid,N,N
CUST-1042,Cobalt General Contractors,Growth,Monthly,2025-08-15,in_ad77a745a1,880.84,Paid,N,N
CUST-1042,Cobalt General Contractors,Growth,Monthly,2025-09-20,in_9346798aae,905.15,Paid,N,N
CUST-1042,Cobalt General Contractors,Growth,Monthly,2025-10-12,in_25d8345080,893.45,Paid,N,N
CUST-1042,Cobalt General Contractors,Growth,Monthly,2025-11-21,in_42363a5a21,922.37,Paid,N,N
CUST-1042,Cobalt General Contractors,Growth,Monthly,2025-12-05,in_9ce5bd8132,922.12,Paid,N,Y
CUST-1043,Brightline Construction,Starter,Monthly,2025-01-30,in_7addc14e7a,300.98,Paid,Y,N
CUST-1043,Brightline Construction,Starter,Monthly,2025-02-13,in_2db1b1edd7,292.4,Paid,N,N
CUST-1043,Brightline Construction,Starter,Monthly,2025-03-01,in_79388396b3,295.69,Paid,N,N
CUST-1043,Brightline Construction,Starter,Monthly,2025-04-24,in_704a438d31,290.49,Paid,N,N
CUST-1043,Brightline Construction,Starter,Monthly,2025-05-16,in_96a8158736,305.42,Paid,N,N
CUST-1043,Brightline Construction,Starter,Monthly,2025-06-11,in_521c459012,306.52,Paid,N,N
CUST-1043,Brightline Construction,Starter,Monthly,2025-07-02,in_9c73f7733d,307.82,Paid,N,N
CUST-1043,Brightline Construction,Starter,Monthly,2025-08-28,in_7db528220b,298.47,Paid,N,N
CUST-1043,Brightline Construction,Starter,Monthly,2025-09-16,in_e68cb7e317,301.64,Paid,N,N
CUST-1043,Brightline Construction,Starter,Monthly,2025-10-26,in_802a4b5d24,303.98,Refunded,N,N
CUST-1043,Brightline Construction,Starter,Monthly,2025-11-19,in_53f3cef4bb,300.43,Paid,N,N
CUST-1043,Brightline Construction,Starter,Monthly,2025-12-04,in_8b1db76ac6,305.44,Paid,N,N
CUST-1044,Pinecrest Mechanical,Pro,Monthly,2025-01-11,in_8a41fa1108,2447.17,Paid,Y,N
CUST-1044,Pinecrest Mechanical,Pro,Monthly,2025-02-24,in_9def0b2b10,2484.49,Paid,N,N
CUST-1044,Pinecrest Mechanical,Pro,Monthly,2025-03-29,in_93c200443b,2445.84,Paid,N,N
CUST-1044,Pinecrest Mechanical,Pro,Monthly,2025-04-23,in_5ef5f17725,2481.91,Paid,N,N
CUST-1044,Pinecrest Mechanical,Pro,Monthly,2025-05-26,in_a0962c0608,2559.65,Paid,N,N
CUST-1044,Pinecrest Mechanical,Pro,Monthly,2025-06-17,in_353aeb3bd7,2446.49,Paid,N,N
CUST-1044,Pinecrest Mechanical,Pro,Monthly,2025-07-16,in_d9c938955f,2517.6,Paid,N,N
CUST-1044,Pinecrest Mechanical,Pro,Monthly,2025-08-28,in_5305e8c56f,2545.87,Failed,N,N
CUST-1044,Pinecrest Mechanical,Pro,Monthly,2025-09-23,in_2e212c73ca,2537.31,Paid,N,N
CUST-1044,Pinecrest Mechanical,Pro,Monthly,2025-10-21,in_d5fce18c80,2429.7,Paid,N,N
CUST-1044,Pinecrest Mechanical,Pro,Monthly,2025-11-23,in_b5a76707b5,2496.67,Paid,N,N
CUST-1044,Pinecrest Mechanical,Pro,Monthly,2025-12-26,in_755b226a90,2473.33,Paid,N,N
CUST-1045,Brightline Contracting,Growth,Monthly,2025-01-17,in_c57bd1c38d,894.27,Paid,Y,N
CUST-1045,Brightline Contracting,Growth,Monthly,2025-02-26,in_dade0b6a28,899.75,Paid,N,N
CUST-1045,Brightline Contracting,Growth,Monthly,2025-03-26,in_7c4ba53dfc,909.16,Paid,N,N
CUST-1045,Brightline Contracting,Growth,Monthly,2025-04-14,in_7ffeba8b7e,890.91,Paid,N,N
CUST-1045,Brightline Contracting,Growth,Monthly,2025-05-15,in_2d93aa83ea,879.47,Paid,N,N
CUST-1045,Brightline Contracting,Growth,Monthly,2025-06-30,in_1d1097fa55,891.74,Paid,N,N
CUST-1045,Brightline Contracting,Growth,Monthly,2025-07-12,in_e0f7d32179,887.64,Paid,N,N
CUST-1045,Brightline Contracting,Growth,Monthly,2025-08-21,in_b41530b5dd,923.21,Paid,N,N
CUST-1045,Brightline Contracting,Growth,Monthly,2025-09-13,in_aa0b7d7a01,885.86,Paid,N,N
CUST-1045,Brightline Contracting,Growth,Monthly,2025-10-20,in_ccbef8cd6b,888.0,Paid,N,N
CUST-1045,Brightline Contracting,Growth,Monthly,2025-11-16,in_bf340f81a7,919.02,Paid,N,N
CUST-1045,Brightline Contracting,Growth,Monthly,2025-12-31,in_c790fa617d,896.01,Paid,N,N
CUST-1046,Stonegate Concrete,Pro,Monthly,2025-03-12,in_a71d2ac7d3,2473.08,Paid,Y,N
CUST-1046,Stonegate Concrete,Pro,Monthly,2025-04-21,in_179a309f73,2538.81,Paid,N,N
CUST-1046,Stonegate Concrete,Pro,Monthly,2025-05-16,in_6e86efaeac,2498.86,Paid,N,N
CUST-1046,Stonegate Concrete,Pro,Monthly,2025-06-26,in_c5858fb590,2526.98,Paid,N,N
CUST-1046,Stonegate Concrete,Pro,Monthly,2025-07-10,in_1f08b5c54f,2556.0,Paid,N,N
CUST-1046,Stonegate Concrete,Pro,Monthly,2025-08-09,in_5404c20188,2541.55,Paid,N,N
CUST-1046,Stonegate Concrete,Pro,Monthly,2025-09-04,in_3496c419c3,2483.06,Paid,N,N
CUST-1046,Stonegate Concrete,Pro,Monthly,2025-10-24,in_73834454e7,2544.14,Paid,N,N
CUST-1046,Stonegate Concrete,Pro,Monthly,2025-11-27,in_26161acfee,2571.78,Paid,N,N
CUST-1046,Stonegate Concrete,Pro,Monthly,2025-12-27,in_b9d1144719,2489.01,Paid,N,N
CUST-1047,Summit Roofing,Starter,Monthly,2025-01-26,in_2d8c72f3ed,299.22,Paid,Y,N
CUST-1047,Summit Roofing,Starter,Monthly,2025-02-01,in_87467ae8c0,304.23,Paid,N,N
CUST-1047,Summit Roofing,Starter,Monthly,2025-03-07,in_74b9c53916,307.72,Paid,N,N
CUST-1047,Summit Roofing,Starter,Monthly,2025-04-28,in_adf71674c5,293.96,Paid,N,N
CUST-1047,Summit Roofing,Starter,Monthly,2025-05-11,in_db2692c23c,293.35,Paid,N,N
CUST-1047,Summit Roofing,Starter,Monthly,2025-06-30,in_a02630d24a,298.29,Failed,N,N
CUST-1047,Summit Roofing,Starter,Monthly,2025-07-20,in_3fec27ba3e,295.28,Paid,N,N
CUST-1047,Summit Roofing,Starter,Monthly,2025-08-05,in_55d4dcf790,295.85,Paid,N,N
CUST-1047,Summit Roofing,Starter,Monthly,2025-09-13,in_320843966d,301.02,Paid,N,N
CUST-1047,Summit Roofing,Starter,Monthly,2025-10-09,in_e8c1a2b14f,302.15,Paid,N,Y
CUST-1048,Harbor Contracting,Growth,Annual (prepaid),2025-03-12,in_7735a3f991,907.66,Failed,Y,N
CUST-1048,Harbor Contracting,Growth,Annual (prepaid),2025-04-29,in_181031c64f,883.92,Paid,N,N
CUST-1048,Harbor Contracting,Growth,Annual (prepaid),2025-05-25,in_3495c8d60c,893.46,Paid,N,N
CUST-1048,Harbor Contracting,Growth,Annual (prepaid),2025-06-03,in_93d17ddefb,912.31,Paid,N,N
CUST-1048,Harbor Contracting,Growth,Annual (prepaid),2025-07-01,in_5924a6bf4e,903.96,Paid,N,N
CUST-1048,Harbor Contracting,Growth,Annual (prepaid),2025-08-20,in_c2c6c741ac,903.86,Paid,N,N
CUST-1048,Harbor Contracting,Growth,Annual (prepaid),2025-09-28,in_c624496767,921.1,Paid,N,N
CUST-1048,Harbor Contracting,Growth,Annual (prepaid),2025-10-18,in_aa2c45b812,910.68,Paid,N,N
CUST-1048,Harbor Contracting,Growth,Annual (prepaid),2025-11-26,in_6ec52e8b29,889.6,Paid,N,N
CUST-1048,Harbor Contracting,Growth,Annual (prepaid),2025-12-31,in_6d08b988e2,899.01,Paid,N,N
CUST-1049,Wexford Construction,Pro,Monthly,2025-02-17,in_5bf04ad63e,2515.8,Refunded,Y,N
CUST-1049,Wexford Construction,Pro,Monthly,2025-03-10,in_234562218c,2540.38,Paid,N,N
CUST-1049,Wexford Construction,Pro,Monthly,2025-04-06,in_d7cc2b4fdf,2480.79,Paid,N,N
CUST-1049,Wexford Construction,Pro,Monthly,2025-05-28,in_1ca2023fbc,2515.11,Paid,N,N
CUST-1049,Wexford Construction,Pro,Monthly,2025-06-17,in_70fc4404c1,2463.26,Failed,N,N
CUST-1049,Wexford Construction,Pro,Monthly,2025-07-17,in_acb4f78ccd,2457.01,Paid,N,N
CUST-1049,Wexford Construction,Pro,Monthly,2025-08-23,in_7b2818812c,2444.3,Paid,N,N
CUST-1049,Wexford Construction,Pro,Monthly,2025-09-19,in_3b9bd1ea44,2434.67,Paid,N,N
CUST-1049,Wexford Construction,Pro,Monthly,2025-10-29,in_ab07add4d4,2503.99,Paid,N,N
CUST-1049,Wexford Construction,Pro,Monthly,2025-11-13,in_e1ecb32e0e,2434.59,Paid,N,N
CUST-1049,Wexford Construction,Pro,Monthly,2025-12-08,in_a68ac2163a,2481.22,Paid,N,N
CUST-1050,Brightline Contracting,Enterprise,Monthly,2025-11-15,in_baef89ec4b,6634.77,Paid,Y,N
CUST-1050,Brightline Contracting,Enterprise,Monthly,2025-12-25,in_66284c5ea5,6789.18,Paid,N,N
CUST-1051,Highfield Concrete,Pro,Monthly,2025-02-21,in_b4f3054532,2521.1,Paid,Y,N
CUST-1051,Highfield Concrete,Pro,Monthly,2025-03-24,in_2b511c70bd,2521.38,Paid,N,N
CUST-1051,Highfield Concrete,Pro,Monthly,2025-04-20,in_405e6eb0fc,2522.45,Paid,N,N
CUST-1051,Highfield Concrete,Pro,Monthly,2025-05-24,in_d2befccadb,2526.13,Paid,N,N
CUST-1051,Highfield Concrete,Pro,Monthly,2025-06-24,in_8e909e9796,2424.33,Paid,N,N
CUST-1051,Highfield Concrete,Pro,Monthly,2025-07-23,in_a2c50c2750,2495.99,Paid,N,N
CUST-1051,Highfield Concrete,Pro,Monthly,2025-08-13,in_de8e217292,2523.79,Paid,N,N
CUST-1051,Highfield Concrete,Pro,Monthly,2025-09-29,in_72a88803d7,2558.78,Paid,N,N
CUST-1051,Highfield Concrete,Pro,Monthly,2025-10-07,in_926a4866fb,2444.27,Paid,N,N
CUST-1051,Highfield Concrete,Pro,Monthly,2025-11-30,in_e07940a6d3,2571.48,Failed,N,N
CUST-1051,Highfield Concrete,Pro,Monthly,2025-12-09,in_37b6a79c88,2464.98,Paid,N,N
CUST-1052,Cobalt Electrical Co,Pro,Monthly,2025-01-07,in_21fd2341da,2541.86,Paid,Y,N
CUST-1052,Cobalt Electrical Co,Pro,Monthly,2025-02-13,in_236d289c1c,2445.9,Paid,N,N
CUST-1052,Cobalt Electrical Co,Pro,Monthly,2025-03-16,in_2f44cdf263,2503.38,Paid,N,N
CUST-1052,Cobalt Electrical Co,Pro,Monthly,2025-04-15,in_7fcf8588e4,2439.73,Paid,N,N
CUST-1052,Cobalt Electrical Co,Pro,Monthly,2025-05-08,in_d4206395ee,2507.69,Paid,N,N
CUST-1052,Cobalt Electrical Co,Pro,Monthly,2025-06-23,in_cfa4b64059,2472.6,Paid,N,N
CUST-1052,Cobalt Electrical Co,Pro,Monthly,2025-07-27,in_a47e61e747,2573.25,Paid,N,N
CUST-1052,Cobalt Electrical Co,Pro,Monthly,2025-08-03,in_78a586333c,2432.09,Paid,N,N
CUST-1052,Cobalt Electrical Co,Pro,Monthly,2025-09-12,in_a6789b6c47,2541.7,Paid,N,N
CUST-1052,Cobalt Electrical Co,Pro,Monthly,2025-10-14,in_483aff74c5,2511.85,Paid,N,N
CUST-1052,Cobalt Electrical Co,Pro,Monthly,2025-11-29,in_61f057bf4f,2425.15,Paid,N,N
CUST-1052,Cobalt Electrical Co,Pro,Monthly,2025-12-20,in_95a24126ed,2490.83,Paid,N,N
CUST-1053,Ironwood Concrete,Pro,Annual (prepaid),2025-01-15,in_4034a8424b,2569.57,Paid,Y,N
CUST-1053,Ironwood Concrete,Pro,Annual (prepaid),2025-02-15,in_65ea47190f,2521.26,Paid,N,N
CUST-1053,Ironwood Concrete,Pro,Annual (prepaid),2025-03-13,in_d31e9c811b,2445.95,Paid,N,N
CUST-1053,Ironwood Concrete,Pro,Annual (prepaid),2025-04-17,in_a2fb9c3e87,2461.15,Paid,N,N
CUST-1053,Ironwood Concrete,Pro,Annual (prepaid),2025-05-29,in_dcb0d658fc,2470.87,Paid,N,N
CUST-1053,Ironwood Concrete,Pro,Annual (prepaid),2025-06-19,in_cd6feb655a,2506.36,Paid,N,N
CUST-1053,Ironwood Concrete,Pro,Annual (prepaid),2025-07-19,in_cc0c6b9ecd,2443.99,Paid,N,N
CUST-1053,Ironwood Concrete,Pro,Annual (prepaid),2025-08-26,in_27dbe74eec,2442.68,Paid,N,N
CUST-1053,Ironwood Concrete,Pro,Annual (prepaid),2025-09-17,in_a72d197f19,2491.57,Paid,N,N
CUST-1053,Ironwood Concrete,Pro,Annual (prepaid),2025-10-26,in_d317117217,2494.92,Paid,N,N
CUST-1053,Ironwood Concrete,Pro,Annual (prepaid),2025-11-18,in_a775d343a0,2429.22,Paid,N,N
CUST-1053,Ironwood Concrete,Pro,Annual (prepaid),2025-12-06,in_32690e0ed1,2493.14,Paid,N,N
CUST-1054,Harbor Concrete,Starter,Monthly,2025-02-17,in_57f2a34958,305.82,Paid,Y,N
CUST-1054,Harbor Concrete,Starter,Monthly,2025-03-23,in_a95dc4a631,295.67,Paid,N,N
CUST-1054,Harbor Concrete,Starter,Monthly,2025-04-27,in_993b482f15,292.31,Paid,N,N
CUST-1054,Harbor Concrete,Starter,Monthly,2025-05-21,in_464515eb23,290.64,Paid,N,N
CUST-1054,Harbor Concrete,Starter,Monthly,2025-06-22,in_9b71304a0a,307.67,Paid,N,N
CUST-1054,Harbor Concrete,Starter,Monthly,2025-07-29,in_7df6598474,291.05,Paid,N,N
CUST-1054,Harbor Concrete,Starter,Monthly,2025-08-25,in_4311949dca,294.39,Paid,N,N
CUST-1054,Harbor Concrete,Starter,Monthly,2025-09-12,in_2e6094e308,292.15,Paid,N,N
CUST-1054,Harbor Concrete,Starter,Monthly,2025-10-03,in_4f5c75548d,301.17,Paid,N,N
CUST-1054,Harbor Concrete,Starter,Monthly,2025-11-28,in_9511f5747a,303.07,Failed,N,N
CUST-1054,Harbor Concrete,Starter,Monthly,2025-12-29,in_cdf137e425,294.53,Paid,N,N
CUST-1055,Wexford Construction,Growth,Monthly,2025-01-16,in_8aaccbd4eb,892.5,Paid,Y,N
CUST-1055,Wexford Construction,Growth,Monthly,2025-02-01,in_22258a8f28,910.36,Paid,N,N
CUST-1055,Wexford Construction,Growth,Monthly,2025-03-27,in_65e4199e29,875.96,Paid,N,N
CUST-1055,Wexford Construction,Growth,Monthly,2025-04-18,in_59629e7f3b,883.67,Paid,N,N
CUST-1055,Wexford Construction,Growth,Monthly,2025-05-19,in_b84b3c46ca,922.36,Paid,N,N
CUST-1055,Wexford Construction,Growth,Monthly,2025-06-27,in_5fd3220144,906.03,Paid,N,Y
CUST-1056,Ironwood Contracting,Growth,Monthly,2025-02-21,in_b084e05982,912.98,Paid,Y,N
CUST-1056,Ironwood Contracting,Growth,Monthly,2025-03-04,in_808d9faeb0,922.32,Paid,N,N
CUST-1056,Ironwood Contracting,Growth,Monthly,2025-04-22,in_b8b9b27d2f,898.39,Paid,N,N
CUST-1056,Ironwood Contracting,Growth,Monthly,2025-05-28,in_b51de37596,875.96,Failed,N,N
CUST-1056,Ironwood Contracting,Growth,Monthly,2025-06-11,in_9cbc5b9a49,882.54,Paid,N,N
CUST-1056,Ironwood Contracting,Growth,Monthly,2025-07-23,in_4f79e64f3f,904.41,Paid,N,N
CUST-1056,Ironwood Contracting,Growth,Monthly,2025-08-21,in_e4b1b6c4ec,919.83,Paid,N,N
CUST-1056,Ironwood Contracting,Growth,Monthly,2025-09-12,in_e72ccfb5b7,872.5,Paid,N,N
CUST-1056,Ironwood Contracting,Growth,Monthly,2025-10-08,in_baea364ca6,888.82,Paid,N,N
CUST-1056,Ironwood Contracting,Growth,Monthly,2025-11-18,in_6238054ee3,918.05,Paid,N,N
CUST-1056,Ironwood Contracting,Growth,Monthly,2025-12-21,in_e0f60bb208,910.55,Paid,N,N
CUST-1057,Marlow Framing Co,Growth,Annual (prepaid),2025-01-15,in_467cfd398d,890.12,Refunded,Y,N
CUST-1057,Marlow Framing Co,Growth,Annual (prepaid),2025-02-17,in_6fafe7b29a,922.23,Paid,N,N
CUST-1057,Marlow Framing Co,Growth,Annual (prepaid),2025-03-07,in_9e5e5c2f2b,908.67,Paid,N,N
CUST-1057,Marlow Framing Co,Growth,Annual (prepaid),2025-04-07,in_a7b0293545,919.22,Paid,N,N
CUST-1057,Marlow Framing Co,Growth,Annual (prepaid),2025-05-27,in_976e5a599f,902.42,Paid,N,N
CUST-1057,Marlow Framing Co,Growth,Annual (prepaid),2025-06-27,in_a58b7fa091,899.0,Paid,N,N
CUST-1057,Marlow Framing Co,Growth,Annual (prepaid),2025-07-13,in_65942e33ca,878.28,Paid,N,N
CUST-1057,Marlow Framing Co,Growth,Annual (prepaid),2025-08-11,in_432825a314,902.88,Paid,N,N
CUST-1057,Marlow Framing Co,Growth,Annual (prepaid),2025-09-10,in_595571a0b5,878.62,Paid,N,N
CUST-1057,Marlow Framing Co,Growth,Annual (prepaid),2025-10-26,in_4cd9bd2b23,910.11,Paid,N,N
CUST-1057,Marlow Framing Co,Growth,Annual (prepaid),2025-11-01,in_cff898d225,913.61,Paid,N,N
CUST-1057,Marlow Framing Co,Growth,Annual (prepaid),2025-12-21,in_6323b2969b,910.97,Failed,N,N
CUST-1058,Keystone Mechanical,Starter,Annual (prepaid),2025-01-18,in_e1ab126438,296.47,Paid,Y,N
CUST-1058,Keystone Mechanical,Starter,Annual (prepaid),2025-02-03,in_85e9950477,303.88,Paid,N,N
CUST-1058,Keystone Mechanical,Starter,Annual (prepaid),2025-03-08,in_e67465f8cc,295.76,Paid,N,N
CUST-1058,Keystone Mechanical,Starter,Annual (prepaid),2025-04-01,in_c1de4c7264,290.46,Paid,N,N
CUST-1058,Keystone Mechanical,Starter,Annual (prepaid),2025-05-01,in_732ee51b6e,293.77,Paid,N,N
CUST-1058,Keystone Mechanical,Starter,Annual (prepaid),2025-06-01,in_181cda31ac,296.72,Paid,N,N
CUST-1058,Keystone Mechanical,Starter,Annual (prepaid),2025-07-26,in_b4b33626e9,300.0,Paid,N,N
CUST-1058,Keystone Mechanical,Starter,Annual (prepaid),2025-08-09,in_52103c09d3,306.03,Paid,N,N
CUST-1058,Keystone Mechanical,Starter,Annual (prepaid),2025-09-28,in_4c4dd8d2d9,306.89,Paid,N,N
CUST-1058,Keystone Mechanical,Starter,Annual (prepaid),2025-10-23,in_bd1d61d92e,301.74,Paid,N,N
CUST-1058,Keystone Mechanical,Starter,Annual (prepaid),2025-11-05,in_d5011a08bc,305.21,Paid,N,N
CUST-1058,Keystone Mechanical,Starter,Annual (prepaid),2025-12-03,in_873633b867,300.68,Paid,N,N
CUST-1059,Stonegate Trades Group,Starter,Annual (prepaid),2025-01-22,in_6f2af82425,296.42,Paid,Y,N
CUST-1059,Stonegate Trades Group,Starter,Annual (prepaid),2025-02-03,in_c8fae6698d,305.97,Paid,N,N
CUST-1059,Stonegate Trades Group,Starter,Annual (prepaid),2025-03-10,in_d31604c54b,296.91,Paid,N,N
CUST-1059,Stonegate Trades Group,Starter,Annual (prepaid),2025-04-17,in_ddb8e55d4c,299.76,Paid,N,N
CUST-1059,Stonegate Trades Group,Starter,Annual (prepaid),2025-05-24,in_3720f2eaa7,305.31,Paid,N,N
CUST-1059,Stonegate Trades Group,Starter,Annual (prepaid),2025-06-06,in_a1fc8ac05f,307.45,Paid,N,N
CUST-1059,Stonegate Trades Group,Starter,Annual (prepaid),2025-07-13,in_8b13889105,294.11,Paid,N,N
CUST-1059,Stonegate Trades Group,Starter,Annual (prepaid),2025-08-22,in_74c98aa4cc,296.16,Paid,N,N
CUST-1059,Stonegate Trades Group,Starter,Annual (prepaid),2025-09-06,in_28cf58db48,296.63,Failed,N,N
CUST-1059,Stonegate Trades Group,Starter,Annual (prepaid),2025-10-20,in_435394c562,296.95,Paid,N,N
CUST-1059,Stonegate Trades Group,Starter,Annual (prepaid),2025-11-19,in_5cd461b5ef,300.12,Paid,N,N
CUST-1059,Stonegate Trades Group,Starter,Annual (prepaid),2025-12-16,in_576cabe31a,295.85,Paid,N,N
CUST-1060,Redwood Electrical Co,Growth,Annual (prepaid),2025-02-07,in_a06a4493c3,885.27,Paid,Y,N
CUST-1060,Redwood Electrical Co,Growth,Annual (prepaid),2025-03-12,in_64a549ca46,911.13,Paid,N,N
CUST-1060,Redwood Electrical Co,Growth,Annual (prepaid),2025-04-19,in_731723034e,905.94,Paid,N,N
CUST-1060,Redwood Electrical Co,Growth,Annual (prepaid),2025-05-12,in_1f2f0d1976,883.21,Paid,N,N
CUST-1060,Redwood Electrical Co,Growth,Annual (prepaid),2025-06-27,in_5294face14,906.03,Paid,N,N
CUST-1060,Redwood Electrical Co,Growth,Annual (prepaid),2025-07-07,in_3ff8e05ccf,906.37,Paid,N,N
CUST-1060,Redwood Electrical Co,Growth,Annual (prepaid),2025-08-26,in_509ae9a190,883.31,Paid,N,N
CUST-1060,Redwood Electrical Co,Growth,Annual (prepaid),2025-09-05,in_8d1ae46179,915.65,Paid,N,N
CUST-1060,Redwood Electrical Co,Growth,Annual (prepaid),2025-10-22,in_785d62e318,874.44,Paid,N,N
CUST-1060,Redwood Electrical Co,Growth,Annual (prepaid),2025-11-20,in_195001c71a,882.5,Paid,N,N
CUST-1060,Redwood Electrical Co,Growth,Annual (prepaid),2025-12-28,in_6f5de428cd,892.45,Paid,N,N
CUST-1061,Summit Mechanical,Enterprise,Monthly,2025-05-19,in_4b4530e6fd,6630.55,Paid,Y,N
CUST-1061,Summit Mechanical,Enterprise,Monthly,2025-06-08,in_aee65018f3,6742.99,Paid,N,N
CUST-1061,Summit Mechanical,Enterprise,Monthly,2025-07-19,in_29e999e9c9,6890.74,Paid,N,N
CUST-1061,Summit Mechanical,Enterprise,Monthly,2025-08-20,in_52e12b1e6a,7002.57,Paid,N,N
CUST-1061,Summit Mechanical,Enterprise,Monthly,2025-09-05,in_e572ba69f2,6996.42,Paid,N,N
CUST-1061,Summit Mechanical,Enterprise,Monthly,2025-10-22,in_a2efb5cc25,6932.66,Paid,N,N
CUST-1061,Summit Mechanical,Enterprise,Monthly,2025-11-27,in_5c6aa450ef,6764.72,Paid,N,N
CUST-1061,Summit Mechanical,Enterprise,Monthly,2025-12-10,in_e0d97fcabe,6970.24,Paid,N,N
CUST-1062,Keystone Builders,Enterprise,Monthly,2025-06-27,in_be40124c9a,6827.62,Paid,Y,N
CUST-1062,Keystone Builders,Enterprise,Monthly,2025-07-12,in_b87d7adeac,6743.9,Failed,N,N
CUST-1062,Keystone Builders,Enterprise,Monthly,2025-08-07,in_b55d7c8dfa,6949.62,Paid,N,N
CUST-1062,Keystone Builders,Enterprise,Monthly,2025-09-29,in_8b62ae49cc,6751.68,Paid,N,N
CUST-1062,Keystone Builders,Enterprise,Monthly,2025-10-18,in_5f47d4e92b,6873.98,Paid,N,N
CUST-1062,Keystone Builders,Enterprise,Monthly,2025-11-07,in_5e39d46627,6818.22,Paid,N,N
CUST-1062,Keystone Builders,Enterprise,Monthly,2025-12-27,in_52c119d0b9,6931.11,Paid,N,N
CUST-1063,Ironwood Mechanical,Growth,Monthly,2025-02-13,in_da91e4392d,873.94,Paid,Y,N
CUST-1063,Ironwood Mechanical,Growth,Monthly,2025-03-01,in_d8eaaeead7,875.03,Paid,N,N
CUST-1063,Ironwood Mechanical,Growth,Monthly,2025-04-11,in_7160f4655c,905.49,Paid,N,N
CUST-1063,Ironwood Mechanical,Growth,Monthly,2025-05-25,in_2a2b1d9321,880.18,Paid,N,N
CUST-1063,Ironwood Mechanical,Growth,Monthly,2025-06-17,in_6f16a6a06f,905.33,Paid,N,N
CUST-1063,Ironwood Mechanical,Growth,Monthly,2025-07-12,in_52e5ae4c19,891.27,Paid,N,N
CUST-1063,Ironwood Mechanical,Growth,Monthly,2025-08-02,in_38c63f47d2,875.76,Paid,N,N
CUST-1063,Ironwood Mechanical,Growth,Monthly,2025-09-09,in_6f82c34848,890.72,Paid,N,N
CUST-1063,Ironwood Mechanical,Growth,Monthly,2025-10-23,in_ba4934890a,888.35,Paid,N,N
CUST-1063,Ironwood Mechanical,Growth,Monthly,2025-11-13,in_49c02f1e35,920.31,Paid,N,N
CUST-1063,Ironwood Mechanical,Growth,Monthly,2025-12-24,in_4bc60c9f64,915.01,Paid,N,N
CUST-1064,Marlow General Contractors,Starter,Monthly,2025-02-03,in_b0e63d09df,306.63,Paid,Y,N
CUST-1064,Marlow General Contractors,Starter,Monthly,2025-03-30,in_2a83a5b137,303.13,Paid,N,N
CUST-1064,Marlow General Contractors,Starter,Monthly,2025-04-08,in_2e20c564cc,307.76,Paid,N,N
CUST-1064,Marlow General Contractors,Starter,Monthly,2025-05-08,in_2d18d00362,296.11,Paid,N,N
CUST-1064,Marlow General Contractors,Starter,Monthly,2025-06-25,in_71a1ae64cc,294.37,Paid,N,N
CUST-1064,Marlow General Contractors,Starter,Monthly,2025-07-16,in_1f9453011f,299.42,Paid,N,N
CUST-1064,Marlow General Contractors,Starter,Monthly,2025-08-10,in_4d624583e2,306.29,Paid,N,N
CUST-1064,Marlow General Contractors,Starter,Monthly,2025-09-22,in_4f112c6357,304.77,Paid,N,N
CUST-1064,Marlow General Contractors,Starter,Monthly,2025-10-27,in_43fb0f4b05,300.93,Paid,N,N
CUST-1064,Marlow General Contractors,Starter,Monthly,2025-11-24,in_aa6d9a3ca8,298.78,Refunded,N,N
CUST-1064,Marlow General Contractors,Starter,Monthly,2025-12-19,in_76c2533d02,304.18,Paid,N,N
CUST-1065,Summit Contracting,Pro,Monthly,2025-03-17,in_37a1309b77,2515.9,Paid,Y,N
CUST-1065,Summit Contracting,Pro,Monthly,2025-04-20,in_6c37b54954,2566.84,Paid,N,N
CUST-1065,Summit Contracting,Pro,Monthly,2025-05-22,in_a0c6110e3e,2524.35,Paid,N,N
CUST-1065,Summit Contracting,Pro,Monthly,2025-06-26,in_72b22aac33,2462.41,Paid,N,N
CUST-1065,Summit Contracting,Pro,Monthly,2025-07-15,in_9ac3f411e6,2573.07,Paid,N,N
CUST-1065,Summit Contracting,Pro,Monthly,2025-08-30,in_922a30b458,2537.81,Paid,N,N
CUST-1065,Summit Contracting,Pro,Monthly,2025-09-23,in_b04c00e82e,2556.95,Paid,N,N
CUST-1065,Summit Contracting,Pro,Monthly,2025-10-04,in_5710c58dc7,2540.98,Paid,N,N
CUST-1065,Summit Contracting,Pro,Monthly,2025-11-21,in_17c14c32b5,2464.5,Paid,N,N
CUST-1065,Summit Contracting,Pro,Monthly,2025-12-29,in_c9e680f277,2573.92,Paid,N,N
CUST-1066,Anchor Framing Co,Growth,Monthly,2025-01-15,in_e3a4f00d33,912.29,Paid,Y,N
CUST-1066,Anchor Framing Co,Growth,Monthly,2025-02-23,in_692fe26559,903.11,Paid,N,N
CUST-1066,Anchor Framing Co,Growth,Monthly,2025-03-19,in_4aa8c8dfc4,899.76,Paid,N,N
CUST-1066,Anchor Framing Co,Growth,Monthly,2025-04-07,in_1b3990e609,923.67,Paid,N,N
CUST-1066,Anchor Framing Co,Growth,Monthly,2025-05-13,in_da05fee152,919.08,Paid,N,N
CUST-1066,Anchor Framing Co,Growth,Monthly,2025-06-07,in_6e63496f67,879.1,Paid,N,N
CUST-1066,Anchor Framing Co,Growth,Monthly,2025-07-13,in_671183d5b5,892.1,Paid,N,N
CUST-1066,Anchor Framing Co,Growth,Monthly,2025-08-17,in_4b50e1d78c,907.46,Paid,N,N
CUST-1066,Anchor Framing Co,Growth,Monthly,2025-09-28,in_6904f7c123,897.19,Paid,N,N
CUST-1066,Anchor Framing Co,Growth,Monthly,2025-10-24,in_7ab452d089,877.7,Paid,N,N
CUST-1066,Anchor Framing Co,Growth,Monthly,2025-11-05,in_31882a803e,906.68,Paid,N,N
CUST-1066,Anchor Framing Co,Growth,Monthly,2025-12-05,in_3a6dcd9ea7,875.94,Paid,N,Y
CUST-1067,Summit Builders,Starter,Monthly,2025-01-04,in_c364867fe2,298.13,Paid,Y,N
CUST-1067,Summit Builders,Starter,Monthly,2025-02-24,in_93409af7fe,290.83,Paid,N,N
CUST-1067,Summit Builders,Starter,Monthly,2025-03-29,in_e5fac096a6,307.93,Paid,N,N
CUST-1067,Summit Builders,Starter,Monthly,2025-04-29,in_817f0cfbd3,305.59,Paid,N,N
CUST-1067,Summit Builders,Starter,Monthly,2025-05-05,in_3d75ef084e,304.7,Paid,N,N
CUST-1067,Summit Builders,Starter,Monthly,2025-06-07,in_7028ac0fde,302.8,Paid,N,N
CUST-1067,Summit Builders,Starter,Monthly,2025-07-20,in_c8654265b4,293.81,Paid,N,N
CUST-1067,Summit Builders,Starter,Monthly,2025-08-24,in_1e9b95dfcf,292.94,Paid,N,N
CUST-1067,Summit Builders,Starter,Monthly,2025-09-25,in_50ce32446c,290.11,Paid,N,N
CUST-1067,Summit Builders,Starter,Monthly,2025-10-17,in_59c1e14fbc,296.33,Paid,N,N
CUST-1067,Summit Builders,Starter,Monthly,2025-11-04,in_2d9bb33be6,296.51,Paid,N,N
CUST-1067,Summit Builders,Starter,Monthly,2025-12-08,in_95b6c78b85,301.95,Paid,N,N
CUST-1068,Fairmont Roofing,Starter,Monthly,2025-06-24,in_6a21c0a296,303.14,Paid,Y,N
CUST-1068,Fairmont Roofing,Starter,Monthly,2025-07-20,in_535c7503ca,296.75,Paid,N,N
CUST-1068,Fairmont Roofing,Starter,Monthly,2025-08-05,in_4e5e3cdf5f,304.27,Paid,N,N
CUST-1068,Fairmont Roofing,Starter,Monthly,2025-09-09,in_3522ad5d1b,293.68,Paid,N,N
CUST-1068,Fairmont Roofing,Starter,Monthly,2025-10-15,in_cdbd799a83,292.98,Paid,N,N
CUST-1068,Fairmont Roofing,Starter,Monthly,2025-11-24,in_840efb95e4,293.15,Paid,N,N
CUST-1068,Fairmont Roofing,Starter,Monthly,2025-12-15,in_c4650d304b,291.12,Failed,N,N
CUST-1069,Harbor Mechanical,Pro,Monthly,2025-03-02,in_665242805d,2537.72,Paid,Y,N
CUST-1069,Harbor Mechanical,Pro,Monthly,2025-04-25,in_4f9017ae7c,2489.37,Paid,N,N
CUST-1069,Harbor Mechanical,Pro,Monthly,2025-05-08,in_c6746a957c,2493.68,Paid,N,N
CUST-1069,Harbor Mechanical,Pro,Monthly,2025-06-03,in_377812efa8,2463.64,Paid,N,N
CUST-1069,Harbor Mechanical,Pro,Monthly,2025-07-29,in_e290937ecd,2549.53,Paid,N,N
CUST-1069,Harbor Mechanical,Pro,Monthly,2025-08-24,in_55c642e278,2504.46,Paid,N,N
CUST-1069,Harbor Mechanical,Pro,Monthly,2025-09-22,in_1928edd1de,2548.23,Paid,N,N
CUST-1069,Harbor Mechanical,Pro,Monthly,2025-10-01,in_84759b2aed,2468.89,Paid,N,N
CUST-1069,Harbor Mechanical,Pro,Monthly,2025-11-14,in_5aa914dc49,2473.38,Paid,N,N
CUST-1069,Harbor Mechanical,Pro,Monthly,2025-12-16,in_1b04aa80b6,2524.35,Paid,N,Y
CUST-1070,Cobalt Electrical Co,Pro,Monthly,2025-04-20,in_e7dcba1c32,2431.87,Paid,Y,N
CUST-1070,Cobalt Electrical Co,Pro,Monthly,2025-05-25,in_1f6d6f2e05,2499.82,Paid,N,N
CUST-1070,Cobalt Electrical Co,Pro,Monthly,2025-06-13,in_d21eaf8691,2567.65,Paid,N,N
CUST-1070,Cobalt Electrical Co,Pro,Monthly,2025-07-31,in_2cf6a9bf05,2518.49,Paid,N,N
CUST-1070,Cobalt Electrical Co,Pro,Monthly,2025-08-05,in_31e557b2b7,2427.86,Paid,N,N
CUST-1070,Cobalt Electrical Co,Pro,Monthly,2025-09-09,in_69d5f66648,2540.3,Paid,N,N
CUST-1070,Cobalt Electrical Co,Pro,Monthly,2025-10-20,in_57f4ff619f,2479.02,Paid,N,N
CUST-1070,Cobalt Electrical Co,Pro,Monthly,2025-11-01,in_2645bd2459,2497.05,Paid,N,N
CUST-1070,Cobalt Electrical Co,Pro,Monthly,2025-12-09,in_e881845032,2525.84,Failed,N,N
CUST-1071,Marlow Builders,Growth,Monthly,2025-03-07,in_1deeb66a00,872.19,Paid,Y,N
CUST-1071,Marlow Builders,Growth,Monthly,2025-04-10,in_3b7efd2de6,883.95,Paid,N,N
CUST-1071,Marlow Builders,Growth,Monthly,2025-05-27,in_5a20e878bc,902.75,Paid,N,N
CUST-1071,Marlow Builders,Growth,Monthly,2025-06-09,in_28ca906e2a,880.05,Paid,N,N
CUST-1071,Marlow Builders,Growth,Monthly,2025-07-09,in_761e9e443f,872.73,Paid,N,N
CUST-1071,Marlow Builders,Growth,Monthly,2025-08-08,in_beac61f901,894.49,Paid,N,N
CUST-1071,Marlow Builders,Growth,Monthly,2025-09-16,in_c1937bb8c0,898.18,Paid,N,N
CUST-1071,Marlow Builders,Growth,Monthly,2025-10-08,in_c858dc2b5d,900.07,Paid,N,N
CUST-1071,Marlow Builders,Growth,Monthly,2025-11-28,in_c521d7dfbf,881.28,Paid,N,N
CUST-1071,Marlow Builders,Growth,Monthly,2025-12-09,in_24f89667d8,906.02,Failed,N,N
CUST-1072,Cascade Contracting,Starter,Monthly,2025-03-17,in_8f182d3be9,295.67,Paid,Y,N
CUST-1072,Cascade Contracting,Starter,Monthly,2025-04-02,in_bd910fb71a,303.34,Paid,N,N
CUST-1072,Cascade Contracting,Starter,Monthly,2025-05-31,in_54c39027dc,297.37,Paid,N,N
CUST-1072,Cascade Contracting,Starter,Monthly,2025-06-07,in_1a68e43bf0,305.54,Paid,N,N
CUST-1072,Cascade Contracting,Starter,Monthly,2025-07-12,in_43889fb6fa,300.84,Paid,N,N
CUST-1072,Cascade Contracting,Starter,Monthly,2025-08-07,in_83cf1e2bb5,300.56,Paid,N,N
CUST-1072,Cascade Contracting,Starter,Monthly,2025-09-29,in_a6a36a831f,302.65,Paid,N,N
CUST-1072,Cascade Contracting,Starter,Monthly,2025-10-26,in_ac4110433d,295.85,Paid,N,N
CUST-1072,Cascade Contracting,Starter,Monthly,2025-11-05,in_29c49fdd6f,306.19,Paid,N,N
CUST-1072,Cascade Contracting,Starter,Monthly,2025-12-19,in_83cf840394,295.34,Paid,N,N
CUST-1073,Summit Mechanical,Pro,Monthly,2025-02-28,in_e1ae5652d9,2433.96,Paid,Y,N
CUST-1073,Summit Mechanical,Pro,Monthly,2025-03-02,in_6ee727e382,2436.41,Paid,N,N
CUST-1073,Summit Mechanical,Pro,Monthly,2025-04-01,in_73cacba5f5,2563.27,Paid,N,N
CUST-1073,Summit Mechanical,Pro,Monthly,2025-05-02,in_7829c935f2,2566.19,Paid,N,N
CUST-1073,Summit Mechanical,Pro,Monthly,2025-06-27,in_a57da62757,2539.35,Paid,N,N
CUST-1073,Summit Mechanical,Pro,Monthly,2025-07-16,in_d4ae22a702,2496.17,Paid,N,N
CUST-1073,Summit Mechanical,Pro,Monthly,2025-08-15,in_5deec5f265,2509.36,Paid,N,N
CUST-1073,Summit Mechanical,Pro,Monthly,2025-09-04,in_556df074ce,2488.51,Paid,N,N
CUST-1073,Summit Mechanical,Pro,Monthly,2025-10-10,in_610a56e61b,2566.73,Paid,N,N
CUST-1073,Summit Mechanical,Pro,Monthly,2025-11-14,in_2bf50291cf,2445.04,Paid,N,N
CUST-1073,Summit Mechanical,Pro,Monthly,2025-12-31,in_a85773f1f7,2455.93,Paid,N,N
CUST-1074,Timberview Builders,Pro,Monthly,2025-03-09,in_52d4271d18,2458.39,Paid,Y,N
CUST-1074,Timberview Builders,Pro,Monthly,2025-04-05,in_8e81884933,2549.17,Paid,N,N
CUST-1074,Timberview Builders,Pro,Monthly,2025-05-06,in_a78b38a34b,2514.54,Failed,N,N
CUST-1074,Timberview Builders,Pro,Monthly,2025-06-10,in_2684e0df28,2486.69,Paid,N,N
CUST-1074,Timberview Builders,Pro,Monthly,2025-07-10,in_966b0ba0f5,2572.57,Paid,N,N
CUST-1074,Timberview Builders,Pro,Monthly,2025-08-30,in_70357aac09,2487.84,Paid,N,N
CUST-1074,Timberview Builders,Pro,Monthly,2025-09-29,in_82d06b1baa,2473.31,Paid,N,N
CUST-1074,Timberview Builders,Pro,Monthly,2025-10-20,in_489ae598e8,2488.3,Paid,N,N
CUST-1074,Timberview Builders,Pro,Monthly,2025-11-23,in_b8ea937780,2537.75,Paid,N,N
CUST-1074,Timberview Builders,Pro,Monthly,2025-12-10,in_d4914f223a,2558.44,Paid,N,N
CUST-1075,Anchor Framing Co,Enterprise,Monthly,2025-01-28,in_8dbcf42cc2,6905.66,Paid,Y,N
CUST-1075,Anchor Framing Co,Enterprise,Monthly,2025-02-09,in_c25a92dd5c,7001.99,Paid,N,N
CUST-1075,Anchor Framing Co,Enterprise,Monthly,2025-03-29,in_6c0a282a76,6767.35,Paid,N,N
CUST-1075,Anchor Framing Co,Enterprise,Monthly,2025-04-08,in_6492061770,6975.89,Paid,N,N
CUST-1075,Anchor Framing Co,Enterprise,Monthly,2025-05-14,in_cf67d0c781,6649.55,Refunded,N,N
CUST-1075,Anchor Framing Co,Enterprise,Monthly,2025-06-24,in_4baf029c83,6638.74,Paid,N,N
CUST-1075,Anchor Framing Co,Enterprise,Monthly,2025-07-03,in_8480a3b788,6855.87,Paid,N,N
CUST-1075,Anchor Framing Co,Enterprise,Monthly,2025-08-20,in_a032fab98d,6984.88,Paid,N,N
CUST-1075,Anchor Framing Co,Enterprise,Monthly,2025-09-06,in_ce03b77cfd,6980.23,Paid,N,N
CUST-1075,Anchor Framing Co,Enterprise,Monthly,2025-10-09,in_c543bbef48,6824.74,Paid,N,N
CUST-1075,Anchor Framing Co,Enterprise,Monthly,2025-11-01,in_a555a9fde7,6977.87,Paid,N,N
CUST-1075,Anchor Framing Co,Enterprise,Monthly,2025-12-16,in_b1144bc757,6822.18,Paid,N,N
CUST-1076,Harbor General Contractors,Growth,Monthly,2025-11-01,in_9334075a3c,915.25,Paid,Y,N
CUST-1076,Harbor General Contractors,Growth,Monthly,2025-12-18,in_1df848e157,885.41,Paid,N,N
CUST-1077,Redwood Contracting,Enterprise,Monthly,2025-06-05,in_5853478993,6662.0,Paid,Y,N
CUST-1077,Redwood Contracting,Enterprise,Monthly,2025-07-26,in_60c88a8d06,6624.74,Paid,N,N
CUST-1077,Redwood Contracting,Enterprise,Monthly,2025-08-08,in_b1e5838fe2,6701.06,Paid,N,N
CUST-1077,Redwood Contracting,Enterprise,Monthly,2025-09-16,in_976c47414d,6991.63,Paid,N,N
CUST-1077,Redwood Contracting,Enterprise,Monthly,2025-10-30,in_c327e53377,6975.67,Paid,N,N
CUST-1077,Redwood Contracting,Enterprise,Monthly,2025-11-30,in_9c129ff4b2,6802.97,Paid,N,N
CUST-1077,Redwood Contracting,Enterprise,Monthly,2025-12-04,in_dd80febb28,6994.81,Paid,N,N
CUST-1078,Vantage Contracting,Starter,Monthly,2025-03-31,in_349831a7a1,294.33,Refunded,Y,N
CUST-1078,Vantage Contracting,Starter,Monthly,2025-04-16,in_91ce6d69d9,304.99,Paid,N,N
CUST-1078,Vantage Contracting,Starter,Monthly,2025-05-16,in_802f4c9132,294.08,Paid,N,N
CUST-1078,Vantage Contracting,Starter,Monthly,2025-06-25,in_2a6ceefdd8,292.71,Paid,N,N
CUST-1078,Vantage Contracting,Starter,Monthly,2025-07-20,in_bea9972a2c,296.51,Refunded,N,N
CUST-1078,Vantage Contracting,Starter,Monthly,2025-08-14,in_38eb3456b9,299.23,Paid,N,N
CUST-1078,Vantage Contracting,Starter,Monthly,2025-09-22,in_d3595ac461,306.64,Paid,N,N
CUST-1078,Vantage Contracting,Starter,Monthly,2025-10-16,in_a863162490,305.59,Paid,N,N
CUST-1078,Vantage Contracting,Starter,Monthly,2025-11-21,in_4fd9365e5f,296.22,Paid,N,N
CUST-1078,Vantage Contracting,Starter,Monthly,2025-12-26,in_ca01cb4e4a,300.74,Paid,N,N
CUST-1079,Summit Framing Co,Growth,Monthly,2025-01-06,in_c7c70beda6,893.43,Paid,Y,N
CUST-1079,Summit Framing Co,Growth,Monthly,2025-02-06,in_33990cb573,882.56,Paid,N,N
CUST-1079,Summit Framing Co,Growth,Monthly,2025-03-07,in_7425ea64bc,924.51,Paid,N,Y
CUST-1080,Brightline General Contractors,Growth,Monthly,2025-04-07,in_83f3ad869a,919.22,Paid,Y,N
CUST-1080,Brightline General Contractors,Growth,Monthly,2025-05-31,in_2932a1bde0,911.36,Paid,N,N
CUST-1080,Brightline General Contractors,Growth,Monthly,2025-06-17,in_d6516b1ca4,916.54,Paid,N,N
CUST-1080,Brightline General Contractors,Growth,Monthly,2025-07-11,in_6476cb5b76,908.61,Paid,N,N
CUST-1080,Brightline General Contractors,Growth,Monthly,2025-08-20,in_313ac009c3,919.58,Paid,N,N
CUST-1080,Brightline General Contractors,Growth,Monthly,2025-09-10,in_6886988148,877.8,Paid,N,N
CUST-1080,Brightline General Contractors,Growth,Monthly,2025-10-04,in_b70221b8a8,874.31,Paid,N,N
CUST-1080,Brightline General Contractors,Growth,Monthly,2025-11-27,in_afec2475b9,901.82,Paid,N,N
CUST-1080,Brightline General Contractors,Growth,Monthly,2025-12-14,in_d775b1aef6,912.58,Paid,N,N
CUST-1081,Vantage Mechanical,Pro,Monthly,2025-03-20,in_d10b86d25b,2459.1,Paid,Y,N
CUST-1081,Vantage Mechanical,Pro,Monthly,2025-04-03,in_43c4bcaf60,2426.74,Paid,N,N
CUST-1081,Vantage Mechanical,Pro,Monthly,2025-05-23,in_1984df18a8,2474.49,Paid,N,N
CUST-1081,Vantage Mechanical,Pro,Monthly,2025-06-01,in_48907ee24d,2524.55,Paid,N,N
CUST-1081,Vantage Mechanical,Pro,Monthly,2025-07-31,in_a52e7ebdcc,2553.87,Paid,N,N
CUST-1081,Vantage Mechanical,Pro,Monthly,2025-08-11,in_3913d21ce8,2473.63,Paid,N,N
CUST-1081,Vantage Mechanical,Pro,Monthly,2025-09-16,in_600f016d17,2479.17,Paid,N,N
CUST-1081,Vantage Mechanical,Pro,Monthly,2025-10-16,in_e362c76b6d,2567.9,Paid,N,N
CUST-1081,Vantage Mechanical,Pro,Monthly,2025-11-25,in_e8d3f9e02d,2486.36,Paid,N,N
CUST-1081,Vantage Mechanical,Pro,Monthly,2025-12-31,in_90da7901c2,2563.47,Paid,N,N
CUST-1082,Ridgeline Trades Group,Growth,Annual (prepaid),2025-03-15,in_9dc8c35433,882.2,Paid,Y,N
CUST-1082,Ridgeline Trades Group,Growth,Annual (prepaid),2025-04-29,in_886dec2bc4,898.99,Paid,N,N
CUST-1082,Ridgeline Trades Group,Growth,Annual (prepaid),2025-05-16,in_a99a6c3417,891.08,Paid,N,N
CUST-1082,Ridgeline Trades Group,Growth,Annual (prepaid),2025-06-09,in_50a046ec76,894.91,Paid,N,N
CUST-1082,Ridgeline Trades Group,Growth,Annual (prepaid),2025-07-07,in_2fb587ff1f,903.88,Paid,N,N
CUST-1082,Ridgeline Trades Group,Growth,Annual (prepaid),2025-08-11,in_318ae618e1,906.65,Paid,N,N
CUST-1082,Ridgeline Trades Group,Growth,Annual (prepaid),2025-09-21,in_351b525a47,892.7,Paid,N,N
CUST-1082,Ridgeline Trades Group,Growth,Annual (prepaid),2025-10-03,in_6d02192827,918.1,Paid,N,N
CUST-1082,Ridgeline Trades Group,Growth,Annual (prepaid),2025-11-03,in_c496bb083e,896.19,Paid,N,N
CUST-1082,Ridgeline Trades Group,Growth,Annual (prepaid),2025-12-11,in_9d7c3f9892,909.65,Paid,N,N
CUST-1083,Alderwood Mechanical,Growth,Monthly,2025-09-12,in_19d6210a6a,896.2,Paid,Y,N
CUST-1083,Alderwood Mechanical,Growth,Monthly,2025-10-07,in_d46a4b642a,892.1,Paid,N,N
CUST-1083,Alderwood Mechanical,Growth,Monthly,2025-11-06,in_33ce2cf993,909.36,Failed,N,N
CUST-1083,Alderwood Mechanical,Growth,Monthly,2025-12-30,in_2546795cbe,891.09,Paid,N,N
CUST-1084,Marlow Contracting,Starter,Monthly,2025-08-29,in_b536dc022f,297.24,Paid,Y,N
CUST-1084,Marlow Contracting,Starter,Monthly,2025-09-14,in_90be484859,306.95,Paid,N,N
CUST-1084,Marlow Contracting,Starter,Monthly,2025-10-18,in_54ab3d4b62,302.06,Paid,N,N
CUST-1084,Marlow Contracting,Starter,Monthly,2025-11-11,in_de1b01b5c8,294.9,Paid,N,N
CUST-1084,Marlow Contracting,Starter,Monthly,2025-12-10,in_61635cf1b0,297.59,Paid,N,N
CUST-1085,Ironwood Construction,Pro,Monthly,2025-01-27,in_d4b854c804,2549.26,Paid,Y,N
CUST-1085,Ironwood Construction,Pro,Monthly,2025-02-23,in_4e3821a861,2547.27,Paid,N,N
CUST-1085,Ironwood Construction,Pro,Monthly,2025-03-16,in_761b44dd58,2501.36,Paid,N,N
CUST-1085,Ironwood Construction,Pro,Monthly,2025-04-18,in_7ff15f643d,2435.17,Paid,N,N
CUST-1085,Ironwood Construction,Pro,Monthly,2025-05-27,in_314dd74fb1,2550.36,Paid,N,N
CUST-1085,Ironwood Construction,Pro,Monthly,2025-06-23,in_cafb9edef7,2550.15,Paid,N,N
CUST-1085,Ironwood Construction,Pro,Monthly,2025-07-27,in_afe8ea47d6,2447.74,Failed,N,N
CUST-1085,Ironwood Construction,Pro,Monthly,2025-08-14,in_86a1ff7458,2435.68,Paid,N,N
CUST-1085,Ironwood Construction,Pro,Monthly,2025-09-30,in_5b5dcda771,2524.89,Paid,N,N
CUST-1085,Ironwood Construction,Pro,Monthly,2025-10-02,in_87931a2dc7,2501.77,Paid,N,N
CUST-1085,Ironwood Construction,Pro,Monthly,2025-11-03,in_bdcbee65c6,2441.53,Paid,N,N
CUST-1085,Ironwood Construction,Pro,Monthly,2025-12-04,in_19723c16e5,2543.03,Paid,N,N
CUST-1086,Vantage Builders,Pro,Monthly,2025-01-25,in_73a90af36f,2476.15,Paid,Y,N
CUST-1086,Vantage Builders,Pro,Monthly,2025-02-27,in_4e9b2414e4,2472.08,Paid,N,N
CUST-1086,Vantage Builders,Pro,Monthly,2025-03-09,in_a9cd915650,2510.91,Paid,N,N
CUST-1086,Vantage Builders,Pro,Monthly,2025-04-11,in_dddba51bb9,2493.56,Paid,N,N
CUST-1086,Vantage Builders,Pro,Monthly,2025-05-25,in_7a9e12af4e,2454.0,Paid,N,N
CUST-1086,Vantage Builders,Pro,Monthly,2025-06-14,in_620762f430,2458.68,Paid,N,N
CUST-1086,Vantage Builders,Pro,Monthly,2025-07-10,in_303905e7e3,2527.84,Paid,N,N
CUST-1086,Vantage Builders,Pro,Monthly,2025-08-30,in_37674a8027,2467.02,Paid,N,N
CUST-1086,Vantage Builders,Pro,Monthly,2025-09-07,in_41127d4b35,2456.58,Paid,N,N
CUST-1086,Vantage Builders,Pro,Monthly,2025-10-15,in_2da746ded7,2539.51,Paid,N,N
CUST-1086,Vantage Builders,Pro,Monthly,2025-11-06,in_9a238137ff,2469.94,Refunded,N,N
CUST-1086,Vantage Builders,Pro,Monthly,2025-12-28,in_86059dd004,2563.11,Paid,N,N
CUST-1087,Cobalt General Contractors,Pro,Monthly,2025-01-13,in_3f26e06614,2462.5,Paid,Y,N
CUST-1087,Cobalt General Contractors,Pro,Monthly,2025-02-27,in_1af325497f,2486.02,Paid,N,N
CUST-1087,Cobalt General Contractors,Pro,Monthly,2025-03-09,in_86625fe2c4,2482.35,Paid,N,N
CUST-1087,Cobalt General Contractors,Pro,Monthly,2025-04-21,in_26db70198f,2479.19,Paid,N,N
CUST-1087,Cobalt General Contractors,Pro,Monthly,2025-05-01,in_3f15231833,2554.47,Paid,N,N
CUST-1087,Cobalt General Contractors,Pro,Monthly,2025-06-20,in_913ce8fd94,2460.44,Paid,N,N
CUST-1087,Cobalt General Contractors,Pro,Monthly,2025-07-25,in_78185b1ddf,2476.35,Paid,N,N
CUST-1087,Cobalt General Contractors,Pro,Monthly,2025-08-17,in_91d6ddab00,2433.94,Paid,N,N
CUST-1087,Cobalt General Contractors,Pro,Monthly,2025-09-11,in_7cce3acdd0,2452.81,Paid,N,N
CUST-1087,Cobalt General Contractors,Pro,Monthly,2025-10-24,in_969d253d00,2429.75,Paid,N,N
CUST-1087,Cobalt General Contractors,Pro,Monthly,2025-11-15,in_7b85e9d904,2530.4,Paid,N,N
CUST-1087,Cobalt General Contractors,Pro,Monthly,2025-12-09,in_8e81039459,2441.46,Paid,N,N
CUST-1088,Cobalt Concrete,Starter,Monthly,2025-01-29,in_78b84afd46,303.03,Paid,Y,N
CUST-1088,Cobalt Concrete,Starter,Monthly,2025-02-26,in_36c311b9fd,300.66,Paid,N,N
CUST-1088,Cobalt Concrete,Starter,Monthly,2025-03-22,in_5ea27e377b,306.87,Paid,N,N
CUST-1088,Cobalt Concrete,Starter,Monthly,2025-04-09,in_7b4372567a,304.89,Paid,N,N
CUST-1088,Cobalt Concrete,Starter,Monthly,2025-05-22,in_c0c5026b11,292.14,Paid,N,N
CUST-1088,Cobalt Concrete,Starter,Monthly,2025-06-30,in_806e620d8d,290.16,Paid,N,N
CUST-1088,Cobalt Concrete,Starter,Monthly,2025-07-02,in_a0b27145ce,292.36,Paid,N,N
CUST-1088,Cobalt Concrete,Starter,Monthly,2025-08-13,in_90d7752025,302.2,Paid,N,N
CUST-1088,Cobalt Concrete,Starter,Monthly,2025-09-13,in_45696d266c,293.22,Paid,N,N
CUST-1088,Cobalt Concrete,Starter,Monthly,2025-10-27,in_c37261ca44,298.0,Refunded,N,N
CUST-1088,Cobalt Concrete,Starter,Monthly,2025-11-06,in_34eb2a9e05,307.17,Paid,N,N
CUST-1088,Cobalt Concrete,Starter,Monthly,2025-12-06,in_7774855da3,299.22,Paid,N,N
CUST-1089,Stonegate Contracting,Starter,Annual (prepaid),2025-05-23,in_9926d63e6c,307.49,Paid,Y,N
CUST-1089,Stonegate Contracting,Starter,Annual (prepaid),2025-06-17,in_befe919c58,302.11,Paid,N,N
CUST-1089,Stonegate Contracting,Starter,Annual (prepaid),2025-07-05,in_b132108cd6,304.69,Paid,N,N
CUST-1089,Stonegate Contracting,Starter,Annual (prepaid),2025-08-22,in_184d4d6fbd,304.35,Paid,N,N
CUST-1089,Stonegate Contracting,Starter,Annual (prepaid),2025-09-14,in_33498651d1,296.19,Paid,N,N
CUST-1089,Stonegate Contracting,Starter,Annual (prepaid),2025-10-26,in_435de20736,299.57,Paid,N,N
CUST-1089,Stonegate Contracting,Starter,Annual (prepaid),2025-11-29,in_d370d11aca,294.58,Paid,N,N
CUST-1089,Stonegate Contracting,Starter,Annual (prepaid),2025-12-13,in_a76335c5b8,296.06,Paid,N,N
CUST-1090,Marlow Construction,Growth,Monthly,2025-01-12,in_b80a816717,919.77,Failed,Y,N
CUST-1090,Marlow Construction,Growth,Monthly,2025-02-07,in_c7d6ddbdf2,888.97,Paid,N,N
CUST-1090,Marlow Construction,Growth,Monthly,2025-03-16,in_cd82546ab4,883.61,Failed,N,N
CUST-1090,Marlow Construction,Growth,Monthly,2025-04-19,in_c022cdec28,898.75,Paid,N,N
CUST-1090,Marlow Construction,Growth,Monthly,2025-05-14,in_4020808211,914.95,Failed,N,N
CUST-1090,Marlow Construction,Growth,Monthly,2025-06-27,in_df98355892,900.97,Paid,N,N
CUST-1090,Marlow Construction,Growth,Monthly,2025-07-30,in_5587e18fa0,895.38,Paid,N,N
CUST-1090,Marlow Construction,Growth,Monthly,2025-08-08,in_e4ee01a695,886.82,Paid,N,N
CUST-1090,Marlow Construction,Growth,Monthly,2025-09-21,in_4e913936bd,896.63,Paid,N,N
CUST-1090,Marlow Construction,Growth,Monthly,2025-10-07,in_ca0d3ad4bb,904.6,Paid,N,N
CUST-1090,Marlow Construction,Growth,Monthly,2025-11-29,in_96b7fbd6dc,910.98,Paid,N,N
CUST-1090,Marlow Construction,Growth,Monthly,2025-12-15,in_6755c5a1f0,872.08,Paid,N,N
CUST-1091,Ironwood Mechanical,Growth,Monthly,2025-02-21,in_60cddde744,878.2,Paid,Y,N
CUST-1091,Ironwood Mechanical,Growth,Monthly,2025-03-23,in_cc35b9e9c6,899.95,Paid,N,N
CUST-1091,Ironwood Mechanical,Growth,Monthly,2025-04-24,in_c53f3c22a8,906.26,Paid,N,N
CUST-1091,Ironwood Mechanical,Growth,Monthly,2025-05-27,in_648acc54b4,873.12,Paid,N,N
CUST-1091,Ironwood Mechanical,Growth,Monthly,2025-06-04,in_43eb4e93b9,918.43,Paid,N,N
CUST-1091,Ironwood Mechanical,Growth,Monthly,2025-07-19,in_1c2af0c941,917.08,Refunded,N,N
CUST-1091,Ironwood Mechanical,Growth,Monthly,2025-08-04,in_9b56d964d9,903.96,Paid,N,N
CUST-1091,Ironwood Mechanical,Growth,Monthly,2025-09-14,in_a76bc89a0b,872.71,Paid,N,N
CUST-1091,Ironwood Mechanical,Growth,Monthly,2025-10-03,in_b9a37eb3a0,923.0,Paid,N,N
CUST-1091,Ironwood Mechanical,Growth,Monthly,2025-11-28,in_aa94b58551,876.12,Paid,N,N
CUST-1091,Ironwood Mechanical,Growth,Monthly,2025-12-24,in_580bb91829,903.08,Failed,N,N
CUST-1092,Pinecrest Contracting,Growth,Monthly,2025-02-19,in_b3fe72f124,912.99,Paid,Y,N
CUST-1092,Pinecrest Contracting,Growth,Monthly,2025-03-04,in_3cec0114fb,901.24,Paid,N,N
CUST-1092,Pinecrest Contracting,Growth,Monthly,2025-04-14,in_ac1b0b8070,889.75,Paid,N,N
CUST-1092,Pinecrest Contracting,Growth,Monthly,2025-05-31,in_2b709f5efb,902.93,Paid,N,N
CUST-1092,Pinecrest Contracting,Growth,Monthly,2025-06-08,in_849765fb81,902.49,Paid,N,N
CUST-1092,Pinecrest Contracting,Growth,Monthly,2025-07-01,in_cb8a56f972,908.74,Paid,N,N
CUST-1092,Pinecrest Contracting,Growth,Monthly,2025-08-28,in_719543d841,903.47,Paid,N,N
CUST-1092,Pinecrest Contracting,Growth,Monthly,2025-09-29,in_43ea9de5a9,920.87,Paid,N,N
CUST-1092,Pinecrest Contracting,Growth,Monthly,2025-10-14,in_2566b21895,905.86,Paid,N,N
CUST-1092,Pinecrest Contracting,Growth,Monthly,2025-11-02,in_9f7348e190,879.82,Failed,N,N
CUST-1092,Pinecrest Contracting,Growth,Monthly,2025-12-30,in_5d6836de46,912.52,Paid,N,N
CUST-1093,Timberview Builders,Enterprise,Annual (prepaid),2025-01-20,in_bbf06a3c90,6653.01,Failed,Y,N
CUST-1093,Timberview Builders,Enterprise,Annual (prepaid),2025-02-28,in_a81a009118,6923.21,Paid,N,N
CUST-1093,Timberview Builders,Enterprise,Annual (prepaid),2025-03-02,in_3330a00450,6709.18,Paid,N,N
CUST-1093,Timberview Builders,Enterprise,Annual (prepaid),2025-04-12,in_1ba1837d58,6959.86,Paid,N,N
CUST-1093,Timberview Builders,Enterprise,Annual (prepaid),2025-05-02,in_89ed0b9496,6806.6,Paid,N,N
CUST-1093,Timberview Builders,Enterprise,Annual (prepaid),2025-06-09,in_512195c065,6883.87,Paid,N,N
CUST-1093,Timberview Builders,Enterprise,Annual (prepaid),2025-07-26,in_c2e14a644d,6618.72,Paid,N,N
CUST-1093,Timberview Builders,Enterprise,Annual (prepaid),2025-08-17,in_637a70a369,6627.95,Paid,N,N
CUST-1093,Timberview Builders,Enterprise,Annual (prepaid),2025-09-04,in_b3578ceecb,6920.81,Paid,N,N
CUST-1093,Timberview Builders,Enterprise,Annual (prepaid),2025-10-21,in_1a007a9e85,6926.97,Paid,N,N
CUST-1093,Timberview Builders,Enterprise,Annual (prepaid),2025-11-17,in_8e1291e838,6760.79,Paid,N,N
CUST-1093,Timberview Builders,Enterprise,Annual (prepaid),2025-12-30,in_68d658b47a,6955.57,Paid,N,N
CUST-1094,Cascade Framing Co,Starter,Monthly,2025-01-31,in_aed123b7bb,296.52,Paid,Y,N
CUST-1094,Cascade Framing Co,Starter,Monthly,2025-02-11,in_b1dd0546be,298.75,Paid,N,N
CUST-1094,Cascade Framing Co,Starter,Monthly,2025-03-04,in_c0092a9dd8,302.26,Paid,N,Y
CUST-1095,Anchor Construction,Pro,Monthly,2025-04-18,in_e6b85d6b1a,2523.56,Paid,Y,N
CUST-1095,Anchor Construction,Pro,Monthly,2025-05-26,in_883968021b,2454.63,Paid,N,N
CUST-1095,Anchor Construction,Pro,Monthly,2025-06-19,in_584b0f0ed0,2498.07,Paid,N,N
CUST-1095,Anchor Construction,Pro,Monthly,2025-07-14,in_b593c8f87c,2425.77,Paid,N,N
CUST-1095,Anchor Construction,Pro,Monthly,2025-08-27,in_29f566d534,2453.95,Paid,N,N
CUST-1095,Anchor Construction,Pro,Monthly,2025-09-19,in_945326e799,2425.84,Paid,N,N
CUST-1095,Anchor Construction,Pro,Monthly,2025-10-27,in_17d6b7acb9,2451.06,Paid,N,N
CUST-1095,Anchor Construction,Pro,Monthly,2025-11-10,in_c605a4079a,2540.75,Paid,N,N
CUST-1095,Anchor Construction,Pro,Monthly,2025-12-23,in_a80afc6b4f,2427.03,Paid,N,N
CUST-1096,Ironwood Mechanical,Starter,Annual (prepaid),2025-01-14,in_92da642c05,304.83,Paid,Y,N
CUST-1096,Ironwood Mechanical,Starter,Annual (prepaid),2025-02-11,in_e0044df3af,294.21,Paid,N,N
CUST-1096,Ironwood Mechanical,Starter,Annual (prepaid),2025-03-12,in_c3826b0273,300.89,Paid,N,N
CUST-1096,Ironwood Mechanical,Starter,Annual (prepaid),2025-04-12,in_4ef4701a95,299.76,Paid,N,N
CUST-1096,Ironwood Mechanical,Starter,Annual (prepaid),2025-05-13,in_e1fc00e61d,295.2,Paid,N,N
CUST-1096,Ironwood Mechanical,Starter,Annual (prepaid),2025-06-09,in_2ddacce063,304.6,Paid,N,N
CUST-1096,Ironwood Mechanical,Starter,Annual (prepaid),2025-07-06,in_721798afb1,300.91,Paid,N,N
CUST-1096,Ironwood Mechanical,Starter,Annual (prepaid),2025-08-07,in_44e94812f1,303.96,Paid,N,N
CUST-1096,Ironwood Mechanical,Starter,Annual (prepaid),2025-09-27,in_e4d3498684,295.63,Paid,N,N
CUST-1096,Ironwood Mechanical,Starter,Annual (prepaid),2025-10-02,in_21cd889302,298.67,Paid,N,N
CUST-1096,Ironwood Mechanical,Starter,Annual (prepaid),2025-11-08,in_c3399a44ae,292.54,Paid,N,N
CUST-1096,Ironwood Mechanical,Starter,Annual (prepaid),2025-12-15,in_de18625812,294.94,Paid,N,N
CUST-1097,Marlow Construction,Growth,Monthly,2025-02-10,in_d90e36a653,916.06,Paid,Y,N
CUST-1097,Marlow Construction,Growth,Monthly,2025-03-05,in_4a44c42b4a,891.93,Paid,N,N
CUST-1097,Marlow Construction,Growth,Monthly,2025-04-24,in_670ab0b010,880.11,Paid,N,N
CUST-1097,Marlow Construction,Growth,Monthly,2025-05-10,in_77223000ab,901.92,Paid,N,N
CUST-1097,Marlow Construction,Growth,Monthly,2025-06-16,in_621d5db703,913.74,Paid,N,N
CUST-1097,Marlow Construction,Growth,Monthly,2025-07-21,in_deab279809,886.81,Paid,N,N
CUST-1097,Marlow Construction,Growth,Monthly,2025-08-20,in_cce37c9679,890.18,Paid,N,N
CUST-1097,Marlow Construction,Growth,Monthly,2025-09-04,in_85d56cc48c,884.71,Paid,N,N
CUST-1097,Marlow Construction,Growth,Monthly,2025-10-04,in_67e586c1bb,893.21,Paid,N,N
CUST-1097,Marlow Construction,Growth,Monthly,2025-11-06,in_52021f3555,883.66,Paid,N,N
CUST-1097,Marlow Construction,Growth,Monthly,2025-12-20,in_1da12c90b1,875.3,Paid,N,N
CUST-1098,Brightline Mechanical,Pro,Monthly,2025-03-27,in_8ea1f0f142,2443.99,Paid,Y,N
CUST-1098,Brightline Mechanical,Pro,Monthly,2025-04-05,in_e4122c16fd,2444.98,Paid,N,N
CUST-1098,Brightline Mechanical,Pro,Monthly,2025-05-09,in_656ab7b79a,2514.64,Paid,N,N
CUST-1098,Brightline Mechanical,Pro,Monthly,2025-06-26,in_4c45b53d97,2440.13,Paid,N,N
CUST-1098,Brightline Mechanical,Pro,Monthly,2025-07-05,in_4ce0d7565e,2525.13,Paid,N,N
CUST-1098,Brightline Mechanical,Pro,Monthly,2025-08-08,in_3632b41181,2565.95,Paid,N,N
CUST-1098,Brightline Mechanical,Pro,Monthly,2025-09-12,in_d973f48271,2446.58,Refunded,N,N
CUST-1098,Brightline Mechanical,Pro,Monthly,2025-10-04,in_3a4731a79b,2510.07,Paid,N,N
CUST-1098,Brightline Mechanical,Pro,Monthly,2025-11-13,in_c6bdd30a37,2553.77,Paid,N,N
CUST-1098,Brightline Mechanical,Pro,Monthly,2025-12-22,in_2072fbb6f7,2483.55,Paid,N,N
CUST-1099,Keystone Concrete,Growth,Monthly,2025-03-17,in_3a7392e51b,912.11,Paid,Y,N
CUST-1099,Keystone Concrete,Growth,Monthly,2025-04-20,in_ae38186ff3,878.68,Paid,N,N
CUST-1099,Keystone Concrete,Growth,Monthly,2025-05-21,in_7b474ef6cc,921.7,Paid,N,N
CUST-1099,Keystone Concrete,Growth,Monthly,2025-06-22,in_a3a3f0eff7,887.71,Paid,N,N
CUST-1099,Keystone Concrete,Growth,Monthly,2025-07-21,in_3920cf4655,904.32,Paid,N,N
CUST-1099,Keystone Concrete,Growth,Monthly,2025-08-09,in_17d95065f2,922.75,Paid,N,N
CUST-1099,Keystone Concrete,Growth,Monthly,2025-09-05,in_c36f5a8a3c,916.57,Paid,N,N
CUST-1099,Keystone Concrete,Growth,Monthly,2025-10-16,in_78838163a1,894.84,Paid,N,N
CUST-1099,Keystone Concrete,Growth,Monthly,2025-11-06,in_610a103ffe,903.38,Paid,N,N
CUST-1099,Keystone Concrete,Growth,Monthly,2025-12-18,in_8b67a37312,885.46,Paid,N,N
CUST-1100,Wexford Electrical Co,Starter,Monthly,2025-03-04,in_3286823e6c,295.14,Paid,Y,N
CUST-1100,Wexford Electrical Co,Starter,Monthly,2025-04-27,in_7e303357e7,302.27,Paid,N,N
CUST-1100,Wexford Electrical Co,Starter,Monthly,2025-05-15,in_44c4580e01,301.12,Paid,N,N
CUST-1100,Wexford Electrical Co,Starter,Monthly,2025-06-13,in_cf3b9a5247,301.84,Paid,N,N
CUST-1100,Wexford Electrical Co,Starter,Monthly,2025-07-03,in_3c87b0e114,300.04,Paid,N,N
CUST-1100,Wexford Electrical Co,Starter,Monthly,2025-08-12,in_493921405e,295.07,Paid,N,N
CUST-1100,Wexford Electrical Co,Starter,Monthly,2025-09-08,in_8af5b2843b,298.43,Paid,N,N
CUST-1100,Wexford Electrical Co,Starter,Monthly,2025-10-03,in_d48fbc57c0,301.36,Paid,N,N
CUST-1100,Wexford Electrical Co,Starter,Monthly,2025-11-09,in_4b1e006f68,304.92,Paid,N,N
CUST-1100,Wexford Electrical Co,Starter,Monthly,2025-12-15,in_ace7277db0,305.03,Paid,N,N
CUST-1101,Harbor Electrical Co,Pro,Monthly,2025-01-24,in_418f84261d,2466.58,Paid,Y,N
CUST-1101,Harbor Electrical Co,Pro,Monthly,2025-02-27,in_4ba6e2cbc1,2478.74,Paid,N,N
CUST-1101,Harbor Electrical Co,Pro,Monthly,2025-03-07,in_c398f4c97f,2516.62,Paid,N,N
CUST-1101,Harbor Electrical Co,Pro,Monthly,2025-04-08,in_cea3dfe6aa,2508.3,Paid,N,N
CUST-1101,Harbor Electrical Co,Pro,Monthly,2025-05-26,in_c8a7f94cff,2550.43,Paid,N,N
CUST-1101,Harbor Electrical Co,Pro,Monthly,2025-06-22,in_dff6b1b323,2491.85,Paid,N,N
CUST-1101,Harbor Electrical Co,Pro,Monthly,2025-07-31,in_18ff02f13f,2506.55,Paid,N,N
CUST-1101,Harbor Electrical Co,Pro,Monthly,2025-08-01,in_e71a568480,2548.47,Paid,N,N
CUST-1101,Harbor Electrical Co,Pro,Monthly,2025-09-26,in_1ec939f88c,2498.15,Paid,N,N
CUST-1101,Harbor Electrical Co,Pro,Monthly,2025-10-09,in_271b8674c6,2438.86,Paid,N,N
CUST-1101,Harbor Electrical Co,Pro,Monthly,2025-11-29,in_cdc0331ac5,2571.52,Paid,N,N
CUST-1101,Harbor Electrical Co,Pro,Monthly,2025-12-31,in_d4326bd590,2528.1,Paid,N,N
CUST-1102,Vantage Builders,Growth,Monthly,2025-02-24,in_d65033279c,891.58,Paid,Y,N
CUST-1102,Vantage Builders,Growth,Monthly,2025-03-12,in_715e190cec,883.22,Paid,N,N
CUST-1102,Vantage Builders,Growth,Monthly,2025-04-11,in_dd1e4e8504,883.67,Paid,N,N
CUST-1102,Vantage Builders,Growth,Monthly,2025-05-24,in_55887d14a4,896.62,Paid,N,N
CUST-1102,Vantage Builders,Growth,Monthly,2025-06-20,in_4a7ecb19c5,882.45,Paid,N,N
CUST-1102,Vantage Builders,Growth,Monthly,2025-07-12,in_e41272201b,915.42,Failed,N,N
CUST-1102,Vantage Builders,Growth,Monthly,2025-08-26,in_867771b023,886.46,Paid,N,N
CUST-1102,Vantage Builders,Growth,Monthly,2025-09-22,in_696fd9b288,890.68,Paid,N,N
CUST-1102,Vantage Builders,Growth,Monthly,2025-10-03,in_c48d72d4b2,874.66,Paid,N,N
CUST-1102,Vantage Builders,Growth,Monthly,2025-11-15,in_df683daff8,900.29,Paid,N,N
CUST-1102,Vantage Builders,Growth,Monthly,2025-12-18,in_aa5ca1fbca,894.49,Paid,N,N
CUST-1103,Ironwood Roofing,Growth,Monthly,2025-01-15,in_e19d1e444f,922.11,Paid,Y,N
CUST-1103,Ironwood Roofing,Growth,Monthly,2025-02-08,in_836975fb4d,913.91,Paid,N,N
CUST-1103,Ironwood Roofing,Growth,Monthly,2025-03-23,in_c75d2b43bf,914.54,Paid,N,N
CUST-1103,Ironwood Roofing,Growth,Monthly,2025-04-28,in_33602e0554,910.92,Paid,N,N
CUST-1103,Ironwood Roofing,Growth,Monthly,2025-05-18,in_7c3e46a24e,884.19,Paid,N,N
CUST-1103,Ironwood Roofing,Growth,Monthly,2025-06-17,in_7ec147bfa1,882.94,Paid,N,N
CUST-1103,Ironwood Roofing,Growth,Monthly,2025-07-26,in_9249b04571,880.63,Paid,N,N
CUST-1103,Ironwood Roofing,Growth,Monthly,2025-08-27,in_cd2a5af603,873.43,Paid,N,N
CUST-1103,Ironwood Roofing,Growth,Monthly,2025-09-16,in_7b247afe98,904.69,Paid,N,N
CUST-1103,Ironwood Roofing,Growth,Monthly,2025-10-27,in_d170ab7ee7,883.85,Paid,N,N
CUST-1103,Ironwood Roofing,Growth,Monthly,2025-11-27,in_227d1d0070,875.4,Paid,N,N
CUST-1103,Ironwood Roofing,Growth,Monthly,2025-12-10,in_b7bc5846dc,877.09,Paid,N,N
CUST-1104,Vantage Electrical Co,Growth,Monthly,2025-07-31,in_a3babfd2c6,903.34,Paid,Y,N
CUST-1104,Vantage Electrical Co,Growth,Monthly,2025-08-29,in_8c4e12272d,889.46,Paid,N,N
CUST-1104,Vantage Electrical Co,Growth,Monthly,2025-09-14,in_6eff8948eb,884.17,Paid,N,N
CUST-1104,Vantage Electrical Co,Growth,Monthly,2025-10-22,in_cbe0cf1586,915.41,Paid,N,N
CUST-1104,Vantage Electrical Co,Growth,Monthly,2025-11-20,in_46a3a37ca4,894.57,Paid,N,N
CUST-1104,Vantage Electrical Co,Growth,Monthly,2025-12-01,in_68de2d24ce,915.06,Paid,N,Y
CUST-1105,Redwood Builders,Starter,Monthly,2025-01-30,in_c6b611281e,297.84,Paid,Y,N
CUST-1105,Redwood Builders,Starter,Monthly,2025-02-15,in_832687a980,299.68,Paid,N,N
CUST-1105,Redwood Builders,Starter,Monthly,2025-03-03,in_7a71645b3b,301.83,Paid,N,N
CUST-1105,Redwood Builders,Starter,Monthly,2025-04-18,in_26c60af0ef,290.17,Paid,N,N
CUST-1105,Redwood Builders,Starter,Monthly,2025-05-18,in_4f4b830e1e,302.33,Paid,N,N
CUST-1105,Redwood Builders,Starter,Monthly,2025-06-08,in_9d645a3eec,306.73,Paid,N,N
CUST-1105,Redwood Builders,Starter,Monthly,2025-07-15,in_1e3ec0f946,300.21,Paid,N,N
CUST-1105,Redwood Builders,Starter,Monthly,2025-08-06,in_c024f27bce,291.69,Paid,N,N
CUST-1105,Redwood Builders,Starter,Monthly,2025-09-06,in_c1d24a3c98,305.13,Paid,N,N
CUST-1105,Redwood Builders,Starter,Monthly,2025-10-22,in_87286edeee,303.66,Paid,N,N
CUST-1105,Redwood Builders,Starter,Monthly,2025-11-08,in_caa2dd3289,307.75,Paid,N,N
CUST-1105,Redwood Builders,Starter,Monthly,2025-12-09,in_4d1eb7c6eb,293.76,Paid,N,N
CUST-1106,Timberview Concrete,Enterprise,Monthly,2025-01-11,in_c0c892a123,6742.95,Paid,Y,N
CUST-1106,Timberview Concrete,Enterprise,Monthly,2025-02-27,in_40c139d2e7,6680.59,Paid,N,N
CUST-1106,Timberview Concrete,Enterprise,Monthly,2025-03-15,in_7821786515,6745.69,Paid,N,N
CUST-1106,Timberview Concrete,Enterprise,Monthly,2025-04-20,in_5dab3ff577,6767.57,Paid,N,N
CUST-1106,Timberview Concrete,Enterprise,Monthly,2025-05-04,in_9a549b7067,6842.37,Paid,N,N
CUST-1106,Timberview Concrete,Enterprise,Monthly,2025-06-10,in_958e953c1a,6767.54,Paid,N,N
CUST-1106,Timberview Concrete,Enterprise,Monthly,2025-07-02,in_86e8602969,6674.34,Paid,N,N
CUST-1106,Timberview Concrete,Enterprise,Monthly,2025-08-29,in_4c8715b48f,6609.53,Failed,N,N
CUST-1106,Timberview Concrete,Enterprise,Monthly,2025-09-08,in_7aef0cd7fd,6784.83,Paid,N,N
CUST-1106,Timberview Concrete,Enterprise,Monthly,2025-10-24,in_48050f359f,6703.86,Paid,N,N
CUST-1106,Timberview Concrete,Enterprise,Monthly,2025-11-08,in_ba3201d0f1,6977.07,Paid,N,N
CUST-1106,Timberview Concrete,Enterprise,Monthly,2025-12-08,in_7953b33fbe,6709.37,Paid,N,N
CUST-1107,Redwood Mechanical,Pro,Monthly,2025-01-22,in_8cd8007d08,2481.15,Paid,Y,N
CUST-1107,Redwood Mechanical,Pro,Monthly,2025-02-12,in_da268c5d3a,2436.43,Paid,N,N
CUST-1107,Redwood Mechanical,Pro,Monthly,2025-03-31,in_c435e8aa0c,2555.48,Paid,N,N
CUST-1107,Redwood Mechanical,Pro,Monthly,2025-04-15,in_90af083f25,2570.39,Paid,N,N
CUST-1107,Redwood Mechanical,Pro,Monthly,2025-05-01,in_c540a2f99d,2556.75,Paid,N,N
CUST-1107,Redwood Mechanical,Pro,Monthly,2025-06-24,in_66803e4d48,2571.42,Paid,N,N
CUST-1107,Redwood Mechanical,Pro,Monthly,2025-07-04,in_e8beaf4c77,2484.14,Paid,N,N
CUST-1107,Redwood Mechanical,Pro,Monthly,2025-08-03,in_8694fbad20,2498.58,Paid,N,N
CUST-1107,Redwood Mechanical,Pro,Monthly,2025-09-19,in_5f240941a1,2517.9,Paid,N,N
CUST-1107,Redwood Mechanical,Pro,Monthly,2025-10-04,in_d3360ca8c2,2568.98,Paid,N,N
CUST-1107,Redwood Mechanical,Pro,Monthly,2025-11-09,in_a6bc9fafaa,2500.93,Paid,N,N
CUST-1107,Redwood Mechanical,Pro,Monthly,2025-12-07,in_a21ef1bc0d,2487.54,Paid,N,N
CUST-1108,Anchor Trades Group,Starter,Annual (prepaid),2025-06-19,in_25cc8b239f,304.24,Paid,Y,N
CUST-1108,Anchor Trades Group,Starter,Annual (prepaid),2025-07-30,in_d65f65fdfe,307.23,Paid,N,N
CUST-1108,Anchor Trades Group,Starter,Annual (prepaid),2025-08-28,in_2f6d687320,303.22,Paid,N,N
CUST-1108,Anchor Trades Group,Starter,Annual (prepaid),2025-09-26,in_284a1bcd84,296.0,Paid,N,N
CUST-1108,Anchor Trades Group,Starter,Annual (prepaid),2025-10-04,in_3f3edc9433,299.29,Paid,N,N
CUST-1108,Anchor Trades Group,Starter,Annual (prepaid),2025-11-05,in_a07b2dd38b,304.03,Paid,N,N
CUST-1108,Anchor Trades Group,Starter,Annual (prepaid),2025-12-20,in_d93ae72b1e,293.11,Paid,N,N
CUST-1109,Ironwood Roofing,Growth,Monthly,2025-01-07,in_cf9484758b,873.08,Paid,Y,N
CUST-1109,Ironwood Roofing,Growth,Monthly,2025-02-07,in_1a914464f7,902.59,Paid,N,N
CUST-1109,Ironwood Roofing,Growth,Monthly,2025-03-30,in_946f7fc955,899.52,Paid,N,N
CUST-1109,Ironwood Roofing,Growth,Monthly,2025-04-30,in_2af6f88c66,923.78,Paid,N,N
CUST-1109,Ironwood Roofing,Growth,Monthly,2025-05-02,in_e837f4bf25,915.61,Paid,N,N
CUST-1109,Ironwood Roofing,Growth,Monthly,2025-06-12,in_a7fb41f03c,896.4,Paid,N,N
CUST-1109,Ironwood Roofing,Growth,Monthly,2025-07-01,in_b959e6ad2a,882.42,Paid,N,N
CUST-1109,Ironwood Roofing,Growth,Monthly,2025-08-09,in_2b424d5d21,885.5,Paid,N,N
CUST-1109,Ironwood Roofing,Growth,Monthly,2025-09-29,in_565d98bc24,914.27,Paid,N,N
CUST-1109,Ironwood Roofing,Growth,Monthly,2025-10-30,in_e29de42ecd,885.08,Paid,N,N
CUST-1109,Ironwood Roofing,Growth,Monthly,2025-11-07,in_1f4f0054e5,917.59,Paid,N,N
CUST-1109,Ironwood Roofing,Growth,Monthly,2025-12-12,in_8a5ad10ed7,891.15,Paid,N,N
CUST-1110,Alderwood Mechanical,Starter,Monthly,2025-03-25,in_2a96412648,297.15,Paid,Y,N
CUST-1110,Alderwood Mechanical,Starter,Monthly,2025-04-08,in_e0561d5cbd,306.35,Paid,N,N
CUST-1110,Alderwood Mechanical,Starter,Monthly,2025-05-30,in_89ade6babb,304.45,Paid,N,N
CUST-1110,Alderwood Mechanical,Starter,Monthly,2025-06-19,in_c57472cdf6,300.51,Paid,N,N
CUST-1110,Alderwood Mechanical,Starter,Monthly,2025-07-25,in_5356d5dbf9,292.38,Paid,N,N
CUST-1110,Alderwood Mechanical,Starter,Monthly,2025-08-12,in_34aae2a878,292.51,Paid,N,N
CUST-1110,Alderwood Mechanical,Starter,Monthly,2025-09-21,in_96f85ab563,291.13,Paid,N,N
CUST-1110,Alderwood Mechanical,Starter,Monthly,2025-10-23,in_d1602194f3,302.43,Paid,N,N
CUST-1110,Alderwood Mechanical,Starter,Monthly,2025-11-19,in_5484e94277,303.08,Paid,N,N
CUST-1110,Alderwood Mechanical,Starter,Monthly,2025-12-28,in_895c168955,290.41,Paid,N,N
CUST-1111,Alderwood Concrete,Enterprise,Monthly,2025-02-28,in_c3814f56ee,6805.2,Paid,Y,N
CUST-1111,Alderwood Concrete,Enterprise,Monthly,2025-03-19,in_46fce129d7,6738.92,Failed,N,N
CUST-1111,Alderwood Concrete,Enterprise,Monthly,2025-04-15,in_e0f2a09100,6618.61,Paid,N,N
CUST-1111,Alderwood Concrete,Enterprise,Monthly,2025-05-09,in_1dbcfe6820,6713.35,Paid,N,N
CUST-1111,Alderwood Concrete,Enterprise,Monthly,2025-06-30,in_a94911e46d,6942.11,Paid,N,N
CUST-1111,Alderwood Concrete,Enterprise,Monthly,2025-07-14,in_9d101f12d1,6616.94,Paid,N,N
CUST-1111,Alderwood Concrete,Enterprise,Monthly,2025-08-20,in_b56dcdfab4,6671.68,Paid,N,N
CUST-1111,Alderwood Concrete,Enterprise,Monthly,2025-09-19,in_1dd3089861,6771.29,Paid,N,N
CUST-1111,Alderwood Concrete,Enterprise,Monthly,2025-10-18,in_46594fe80a,6884.72,Refunded,N,N
CUST-1111,Alderwood Concrete,Enterprise,Monthly,2025-11-30,in_3f0e86b4b2,6707.27,Paid,N,N
CUST-1111,Alderwood Concrete,Enterprise,Monthly,2025-12-13,in_8f3b7e8fbb,6934.76,Paid,N,N
CUST-1112,Anchor Mechanical,Enterprise,Annual (prepaid),2025-08-19,in_371875ace8,6683.98,Paid,Y,N
CUST-1112,Anchor Mechanical,Enterprise,Annual (prepaid),2025-09-10,in_3265f3ed8e,6760.37,Paid,N,N
CUST-1112,Anchor Mechanical,Enterprise,Annual (prepaid),2025-10-12,in_805b6d4c0a,6667.78,Paid,N,N
CUST-1112,Anchor Mechanical,Enterprise,Annual (prepaid),2025-11-14,in_23485ac678,6701.2,Failed,N,N
CUST-1112,Anchor Mechanical,Enterprise,Annual (prepaid),2025-12-21,in_7fb86c8ab4,6929.54,Paid,N,N
CUST-1113,Harbor Roofing,Pro,Monthly,2025-01-25,in_921504e3d9,2443.68,Paid,Y,N
CUST-1113,Harbor Roofing,Pro,Monthly,2025-02-21,in_b922b33494,2513.99,Paid,N,N
CUST-1113,Harbor Roofing,Pro,Monthly,2025-03-02,in_b70cbd4acf,2544.52,Paid,N,N
CUST-1113,Harbor Roofing,Pro,Monthly,2025-04-24,in_ba850509dd,2430.97,Paid,N,N
CUST-1113,Harbor Roofing,Pro,Monthly,2025-05-12,in_9ea52b45ff,2543.97,Failed,N,N
CUST-1113,Harbor Roofing,Pro,Monthly,2025-06-12,in_e4b02ca0a8,2497.07,Paid,N,N
CUST-1113,Harbor Roofing,Pro,Monthly,2025-07-08,in_d496636c43,2462.35,Paid,N,N
CUST-1113,Harbor Roofing,Pro,Monthly,2025-08-29,in_e70432e5e2,2529.75,Paid,N,N
CUST-1113,Harbor Roofing,Pro,Monthly,2025-09-17,in_4d0c750f20,2537.08,Paid,N,N
CUST-1113,Harbor Roofing,Pro,Monthly,2025-10-08,in_31d0c4a509,2533.43,Paid,N,N
CUST-1113,Harbor Roofing,Pro,Monthly,2025-11-22,in_cf857b8b70,2475.73,Paid,N,N
CUST-1113,Harbor Roofing,Pro,Monthly,2025-12-10,in_81f3ed2092,2480.22,Paid,N,N
CUST-1114,Vantage Concrete,Pro,Monthly,2025-06-29,in_39b365f83c,2426.97,Paid,Y,N
CUST-1114,Vantage Concrete,Pro,Monthly,2025-07-08,in_b2fc564a01,2523.89,Paid,N,N
CUST-1114,Vantage Concrete,Pro,Monthly,2025-08-06,in_6e92b429ac,2556.08,Paid,N,N
CUST-1114,Vantage Concrete,Pro,Monthly,2025-09-27,in_5c608dc007,2465.13,Paid,N,N
CUST-1114,Vantage Concrete,Pro,Monthly,2025-10-14,in_3134bb8874,2548.52,Paid,N,N
CUST-1114,Vantage Concrete,Pro,Monthly,2025-11-26,in_3e3073d539,2452.82,Paid,N,N
CUST-1114,Vantage Concrete,Pro,Monthly,2025-12-12,in_328837196c,2540.45,Paid,N,N
CUST-1115,Timberview Electrical Co,Growth,Monthly,2025-03-15,in_57fc3622a5,891.6,Paid,Y,N
CUST-1115,Timberview Electrical Co,Growth,Monthly,2025-04-24,in_c242ddcd9d,878.57,Paid,N,N
CUST-1115,Timberview Electrical Co,Growth,Monthly,2025-05-13,in_832cefc48e,923.17,Paid,N,N
CUST-1115,Timberview Electrical Co,Growth,Monthly,2025-06-25,in_99d7cd2fb5,922.12,Paid,N,N
CUST-1115,Timberview Electrical Co,Growth,Monthly,2025-07-15,in_476e899cc3,889.41,Paid,N,N
CUST-1115,Timberview Electrical Co,Growth,Monthly,2025-08-06,in_a7b10a3d3b,914.93,Paid,N,N
CUST-1115,Timberview Electrical Co,Growth,Monthly,2025-09-22,in_9741fa4c74,924.78,Paid,N,N
CUST-1115,Timberview Electrical Co,Growth,Monthly,2025-10-03,in_9492f8484e,896.75,Paid,N,N
CUST-1115,Timberview Electrical Co,Growth,Monthly,2025-11-25,in_cbd0fdcf75,921.28,Paid,N,N
CUST-1115,Timberview Electrical Co,Growth,Monthly,2025-12-24,in_b693d47b84,892.53,Paid,N,N
CUST-1116,Foster Trades Group,Pro,Monthly,2025-01-24,in_536b55eb9a,2450.1,Paid,Y,N
CUST-1116,Foster Trades Group,Pro,Monthly,2025-02-07,in_8675726b1d,2572.45,Paid,N,N
CUST-1116,Foster Trades Group,Pro,Monthly,2025-03-30,in_44807f097b,2475.66,Paid,N,N
CUST-1116,Foster Trades Group,Pro,Monthly,2025-04-28,in_59a31e9cce,2505.36,Paid,N,N
CUST-1116,Foster Trades Group,Pro,Monthly,2025-05-30,in_81367a12f6,2565.51,Paid,N,N
CUST-1116,Foster Trades Group,Pro,Monthly,2025-06-01,in_327bf0ed41,2547.79,Paid,N,N
CUST-1116,Foster Trades Group,Pro,Monthly,2025-07-11,in_b581f8fa6c,2461.75,Paid,N,N
CUST-1116,Foster Trades Group,Pro,Monthly,2025-08-11,in_9ea660a30b,2492.21,Paid,N,N
CUST-1116,Foster Trades Group,Pro,Monthly,2025-09-02,in_7b3b6b8290,2523.21,Paid,N,N
CUST-1116,Foster Trades Group,Pro,Monthly,2025-10-06,in_36abac60d4,2481.18,Paid,N,N
CUST-1116,Foster Trades Group,Pro,Monthly,2025-11-17,in_ab79814a74,2481.29,Paid,N,N
CUST-1116,Foster Trades Group,Pro,Monthly,2025-12-29,in_5fb582ad9b,2517.48,Paid,N,N
CUST-1117,Foster Builders,Pro,Monthly,2025-04-26,in_58e7a57ca0,2566.95,Refunded,Y,N
CUST-1117,Foster Builders,Pro,Monthly,2025-05-25,in_da70bfe18d,2433.27,Paid,N,N
CUST-1117,Foster Builders,Pro,Monthly,2025-06-01,in_1cecbc95c4,2516.05,Paid,N,N
CUST-1117,Foster Builders,Pro,Monthly,2025-07-19,in_ad5f0151d2,2546.69,Paid,N,N
CUST-1117,Foster Builders,Pro,Monthly,2025-08-13,in_a95cca01d5,2444.96,Paid,N,N
CUST-1117,Foster Builders,Pro,Monthly,2025-09-23,in_e677f08127,2479.33,Paid,N,N
CUST-1117,Foster Builders,Pro,Monthly,2025-10-03,in_bd05bfe325,2534.2,Paid,N,N
CUST-1117,Foster Builders,Pro,Monthly,2025-11-28,in_768cbd8815,2544.06,Paid,N,N
CUST-1117,Foster Builders,Pro,Monthly,2025-12-17,in_c93100111d,2524.0,Paid,N,N
CUST-1118,Timberview Framing Co,Starter,Monthly,2025-03-30,in_1b37c5afbe,305.79,Paid,Y,N
CUST-1118,Timberview Framing Co,Starter,Monthly,2025-04-03,in_9dce15f8da,301.36,Paid,N,N
CUST-1118,Timberview Framing Co,Starter,Monthly,2025-05-13,in_3e50bab228,306.89,Paid,N,N
CUST-1118,Timberview Framing Co,Starter,Monthly,2025-06-26,in_79b1a7d277,294.76,Paid,N,N
CUST-1118,Timberview Framing Co,Starter,Monthly,2025-07-21,in_3d238f981e,295.83,Paid,N,N
CUST-1118,Timberview Framing Co,Starter,Monthly,2025-08-03,in_647db7c846,301.62,Paid,N,N
CUST-1118,Timberview Framing Co,Starter,Monthly,2025-09-01,in_17dd46b337,298.05,Paid,N,N
CUST-1118,Timberview Framing Co,Starter,Monthly,2025-10-08,in_86e14e47d1,300.27,Paid,N,N
CUST-1118,Timberview Framing Co,Starter,Monthly,2025-11-19,in_73b397a661,303.88,Paid,N,N
CUST-1118,Timberview Framing Co,Starter,Monthly,2025-12-28,in_af9b2cedb1,295.76,Paid,N,N
CUST-1119,Alderwood Construction,Growth,Monthly,2025-02-12,in_753f1899b6,884.54,Paid,Y,N
CUST-1119,Alderwood Construction,Growth,Monthly,2025-03-20,in_1faf3273db,874.62,Paid,N,N
CUST-1119,Alderwood Construction,Growth,Monthly,2025-04-28,in_44d8816350,891.06,Paid,N,N
CUST-1119,Alderwood Construction,Growth,Monthly,2025-05-09,in_82e7383eac,896.07,Paid,N,N
CUST-1119,Alderwood Construction,Growth,Monthly,2025-06-07,in_799c9f44c1,901.65,Paid,N,N
CUST-1119,Alderwood Construction,Growth,Monthly,2025-07-03,in_55ff773d72,873.66,Paid,N,N
CUST-1119,Alderwood Construction,Growth,Monthly,2025-08-18,in_c05c1ff35a,910.0,Paid,N,N
CUST-1119,Alderwood Construction,Growth,Monthly,2025-09-29,in_a6863ce6e5,912.34,Paid,N,N
CUST-1119,Alderwood Construction,Growth,Monthly,2025-10-14,in_7beb07f8cc,897.68,Paid,N,N
CUST-1119,Alderwood Construction,Growth,Monthly,2025-11-10,in_30f3112a25,922.64,Paid,N,N
CUST-1119,Alderwood Construction,Growth,Monthly,2025-12-25,in_96c7c9b03f,875.58,Paid,N,N
CUST-1120,Highfield Concrete,Starter,Monthly,2025-01-13,in_a674c9ff9f,304.25,Paid,Y,N
CUST-1120,Highfield Concrete,Starter,Monthly,2025-02-08,in_993c2811c6,303.46,Paid,N,N
CUST-1120,Highfield Concrete,Starter,Monthly,2025-03-20,in_2d6dfbe356,306.99,Paid,N,N
CUST-1120,Highfield Concrete,Starter,Monthly,2025-04-13,in_ac454e880a,297.31,Paid,N,N
CUST-1120,Highfield Concrete,Starter,Monthly,2025-05-24,in_8fe70058f9,304.32,Paid,N,N
CUST-1120,Highfield Concrete,Starter,Monthly,2025-06-15,in_b66bcc6b49,293.8,Paid,N,N
CUST-1120,Highfield Concrete,Starter,Monthly,2025-07-06,in_38635793ee,305.49,Paid,N,N
CUST-1120,Highfield Concrete,Starter,Monthly,2025-08-15,in_658ff84667,304.93,Paid,N,N
CUST-1120,Highfield Concrete,Starter,Monthly,2025-09-28,in_1b2e79d720,294.16,Paid,N,N
CUST-1120,Highfield Concrete,Starter,Monthly,2025-10-05,in_46b15c3284,305.64,Paid,N,N
CUST-1120,Highfield Concrete,Starter,Monthly,2025-11-16,in_79221e8ff0,302.79,Paid,N,N
CUST-1120,Highfield Concrete,Starter,Monthly,2025-12-10,in_7ae980ac0a,290.4,Paid,N,N
CUST-1121,Fairmont Construction,Growth,Monthly,2025-03-16,in_ab5731c8d8,909.82,Paid,Y,N
CUST-1121,Fairmont Construction,Growth,Monthly,2025-04-17,in_a4b80582ab,887.72,Paid,N,N
CUST-1121,Fairmont Construction,Growth,Monthly,2025-05-12,in_ca66526dc6,880.51,Paid,N,N
CUST-1121,Fairmont Construction,Growth,Monthly,2025-06-12,in_81f9b4175a,884.36,Paid,N,N
CUST-1121,Fairmont Construction,Growth,Monthly,2025-07-13,in_54f3ffe726,923.96,Paid,N,N
CUST-1121,Fairmont Construction,Growth,Monthly,2025-08-03,in_176e9f0916,921.21,Paid,N,N
CUST-1121,Fairmont Construction,Growth,Monthly,2025-09-25,in_88885f9f64,925.56,Paid,N,N
CUST-1121,Fairmont Construction,Growth,Monthly,2025-10-29,in_1f0344c8e0,902.61,Paid,N,N
CUST-1121,Fairmont Construction,Growth,Monthly,2025-11-25,in_af526efbf9,899.93,Paid,N,N
CUST-1121,Fairmont Construction,Growth,Monthly,2025-12-29,in_63d63329c6,905.2,Paid,N,N
CUST-1122,Harbor Roofing,Growth,Monthly,2025-04-21,in_b4c1963159,909.52,Paid,Y,N
CUST-1122,Harbor Roofing,Growth,Monthly,2025-05-15,in_c2d9c1e3f8,891.55,Paid,N,N
CUST-1122,Harbor Roofing,Growth,Monthly,2025-06-06,in_3b1088a7e7,902.36,Paid,N,N
CUST-1122,Harbor Roofing,Growth,Monthly,2025-07-12,in_af1470d2cc,890.52,Paid,N,N
CUST-1122,Harbor Roofing,Growth,Monthly,2025-08-25,in_712e44a6ac,887.24,Paid,N,N
CUST-1122,Harbor Roofing,Growth,Monthly,2025-09-11,in_2cf0175345,873.38,Paid,N,N
CUST-1122,Harbor Roofing,Growth,Monthly,2025-10-21,in_33cb46fe4a,876.6,Paid,N,N
CUST-1122,Harbor Roofing,Growth,Monthly,2025-11-15,in_830c058723,874.88,Paid,N,N
CUST-1122,Harbor Roofing,Growth,Monthly,2025-12-19,in_819aad79e0,900.28,Paid,N,N
CUST-1123,Highfield Roofing,Starter,Monthly,2025-01-25,in_66bee720d3,290.92,Paid,Y,N
CUST-1123,Highfield Roofing,Starter,Monthly,2025-02-14,in_9b3b43ecd6,301.56,Paid,N,N
CUST-1123,Highfield Roofing,Starter,Monthly,2025-03-14,in_8ed2829f24,292.3,Paid,N,N
CUST-1123,Highfield Roofing,Starter,Monthly,2025-04-02,in_70a49d0083,297.12,Paid,N,N
CUST-1123,Highfield Roofing,Starter,Monthly,2025-05-09,in_79fe6ce891,305.28,Paid,N,N
CUST-1123,Highfield Roofing,Starter,Monthly,2025-06-26,in_30b4b53745,306.78,Paid,N,N
CUST-1123,Highfield Roofing,Starter,Monthly,2025-07-30,in_831eed0058,297.13,Paid,N,N
CUST-1123,Highfield Roofing,Starter,Monthly,2025-08-27,in_4c70484304,297.55,Paid,N,N
CUST-1123,Highfield Roofing,Starter,Monthly,2025-09-02,in_c067fb956a,292.59,Paid,N,N
CUST-1123,Highfield Roofing,Starter,Monthly,2025-10-19,in_721f0f0454,306.65,Paid,N,N
CUST-1123,Highfield Roofing,Starter,Monthly,2025-11-23,in_a4554dd3fc,292.89,Paid,N,N
CUST-1123,Highfield Roofing,Starter,Monthly,2025-12-29,in_34612084f3,301.61,Paid,N,N
CUST-1124,Keystone General Contractors,Pro,Monthly,2025-02-07,in_90bb3991f5,2563.12,Paid,Y,N
CUST-1124,Keystone General Contractors,Pro,Monthly,2025-03-04,in_e0b1e282a5,2466.04,Paid,N,N
CUST-1124,Keystone General Contractors,Pro,Monthly,2025-04-03,in_5f78cb366d,2563.38,Paid,N,N
CUST-1124,Keystone General Contractors,Pro,Monthly,2025-05-19,in_3e2552ab26,2477.98,Paid,N,N
CUST-1124,Keystone General Contractors,Pro,Monthly,2025-06-01,in_2cdf089247,2518.62,Paid,N,N
CUST-1124,Keystone General Contractors,Pro,Monthly,2025-07-19,in_30e5a6cdf1,2438.77,Paid,N,N
CUST-1124,Keystone General Contractors,Pro,Monthly,2025-08-22,in_1caed96195,2481.47,Paid,N,N
CUST-1124,Keystone General Contractors,Pro,Monthly,2025-09-14,in_a7a584e2f7,2512.66,Paid,N,N
CUST-1124,Keystone General Contractors,Pro,Monthly,2025-10-01,in_7a91ed5215,2428.59,Paid,N,N
CUST-1124,Keystone General Contractors,Pro,Monthly,2025-11-29,in_57df5fc854,2506.88,Paid,N,N
CUST-1124,Keystone General Contractors,Pro,Monthly,2025-12-07,in_a714145ac5,2541.3,Paid,N,N
CUST-1125,Redwood Roofing,Starter,Monthly,2025-01-18,in_e128389dff,306.26,Paid,Y,N
CUST-1125,Redwood Roofing,Starter,Monthly,2025-02-17,in_6ffd0d59cc,299.8,Paid,N,N
CUST-1125,Redwood Roofing,Starter,Monthly,2025-03-09,in_487a7eb23d,292.92,Failed,N,N
CUST-1125,Redwood Roofing,Starter,Monthly,2025-04-11,in_ce2da4a9db,291.14,Paid,N,N
CUST-1125,Redwood Roofing,Starter,Monthly,2025-05-30,in_812564298a,291.99,Paid,N,N
CUST-1125,Redwood Roofing,Starter,Monthly,2025-06-30,in_26dbf2621e,293.74,Paid,N,N
CUST-1125,Redwood Roofing,Starter,Monthly,2025-07-27,in_c685700bbf,303.83,Paid,N,N
CUST-1125,Redwood Roofing,Starter,Monthly,2025-08-24,in_68c75c3d03,307.7,Paid,N,N
CUST-1125,Redwood Roofing,Starter,Monthly,2025-09-08,in_823b65e7d1,292.88,Paid,N,N
CUST-1125,Redwood Roofing,Starter,Monthly,2025-10-11,in_2a43f31f4e,300.88,Paid,N,N
CUST-1125,Redwood Roofing,Starter,Monthly,2025-11-20,in_d8d241d26c,300.53,Failed,N,N
CUST-1125,Redwood Roofing,Starter,Monthly,2025-12-19,in_bacdb12a10,290.43,Paid,N,N
CUST-1126,Brightline Construction,Growth,Monthly,2025-01-14,in_60093678b9,914.42,Paid,Y,N
CUST-1126,Brightline Construction,Growth,Monthly,2025-02-16,in_8a054ca0ef,911.08,Paid,N,N
CUST-1126,Brightline Construction,Growth,Monthly,2025-03-13,in_773ea739b4,917.37,Paid,N,N
CUST-1126,Brightline Construction,Growth,Monthly,2025-04-18,in_2df6ade74a,893.03,Refunded,N,N
CUST-1126,Brightline Construction,Growth,Monthly,2025-05-12,in_63738cf5fc,880.08,Paid,N,N
CUST-1126,Brightline Construction,Growth,Monthly,2025-06-03,in_d0b38ea9bb,919.34,Paid,N,N
CUST-1126,Brightline Construction,Growth,Monthly,2025-07-13,in_94197f0ea3,925.06,Paid,N,N
CUST-1126,Brightline Construction,Growth,Monthly,2025-08-13,in_1fe4860d99,918.23,Paid,N,N
CUST-1126,Brightline Construction,Growth,Monthly,2025-09-20,in_9d37f3c04b,878.8,Paid,N,N
CUST-1126,Brightline Construction,Growth,Monthly,2025-10-09,in_d6270d20d6,899.39,Paid,N,N
CUST-1126,Brightline Construction,Growth,Monthly,2025-11-28,in_a6eacb23af,905.78,Paid,N,N
CUST-1126,Brightline Construction,Growth,Monthly,2025-12-13,in_80685ec708,883.03,Paid,N,N
CUST-1127,Harbor Electrical Co,Enterprise,Monthly,2025-02-01,in_a48065069e,6691.88,Paid,Y,N
CUST-1127,Harbor Electrical Co,Enterprise,Monthly,2025-03-05,in_a462b3cca3,6612.65,Paid,N,N
CUST-1127,Harbor Electrical Co,Enterprise,Monthly,2025-04-29,in_3ed59a4b15,6605.18,Failed,N,N
CUST-1127,Harbor Electrical Co,Enterprise,Monthly,2025-05-21,in_3a4ab3f9e3,6918.82,Paid,N,N
CUST-1127,Harbor Electrical Co,Enterprise,Monthly,2025-06-29,in_44b594c89d,6735.38,Paid,N,N
CUST-1127,Harbor Electrical Co,Enterprise,Monthly,2025-07-27,in_bd887454b2,6633.47,Paid,N,N
CUST-1127,Harbor Electrical Co,Enterprise,Monthly,2025-08-12,in_976f53e3c5,6981.1,Paid,N,N
CUST-1127,Harbor Electrical Co,Enterprise,Monthly,2025-09-27,in_4e85833b5d,6612.33,Paid,N,N
CUST-1127,Harbor Electrical Co,Enterprise,Monthly,2025-10-24,in_68c8246e52,6598.56,Paid,N,N
CUST-1127,Harbor Electrical Co,Enterprise,Monthly,2025-11-11,in_dd2de63dbc,6935.4,Paid,N,N
CUST-1127,Harbor Electrical Co,Enterprise,Monthly,2025-12-11,in_676fa6a442,6729.35,Paid,N,N
CUST-1128,Vantage Roofing,Pro,Monthly,2025-12-17,in_6017f27c50,2565.89,Paid,Y,N
CUST-1129,Anchor Builders,Starter,Monthly,2025-03-31,in_754161b3a8,303.2,Paid,Y,N
CUST-1129,Anchor Builders,Starter,Monthly,2025-04-28,in_79931837d8,290.18,Paid,N,N
CUST-1129,Anchor Builders,Starter,Monthly,2025-05-04,in_bb7861f453,295.48,Failed,N,N
CUST-1129,Anchor Builders,Starter,Monthly,2025-06-27,in_9e33b5b0a4,307.83,Paid,N,N
CUST-1129,Anchor Builders,Starter,Monthly,2025-07-25,in_41ddde0e9c,305.88,Paid,N,N
CUST-1129,Anchor Builders,Starter,Monthly,2025-08-31,in_77e9f6377d,302.74,Paid,N,N
CUST-1129,Anchor Builders,Starter,Monthly,2025-09-28,in_9dacb10141,296.41,Paid,N,N
CUST-1129,Anchor Builders,Starter,Monthly,2025-10-16,in_1a9114a7e6,301.47,Paid,N,N
CUST-1129,Anchor Builders,Starter,Monthly,2025-11-20,in_80b8814144,296.5,Paid,N,N
CUST-1129,Anchor Builders,Starter,Monthly,2025-12-29,in_acb601741d,304.02,Paid,N,N
CUST-1130,Marlow General Contractors,Starter,Annual (prepaid),2025-01-08,in_539e7e1ea5,291.39,Paid,Y,N
CUST-1130,Marlow General Contractors,Starter,Annual (prepaid),2025-02-20,in_87931475f6,295.05,Paid,N,N
CUST-1130,Marlow General Contractors,Starter,Annual (prepaid),2025-03-20,in_52dc8796f2,291.5,Paid,N,N
CUST-1130,Marlow General Contractors,Starter,Annual (prepaid),2025-04-09,in_c90309dcf9,300.61,Paid,N,N
CUST-1130,Marlow General Contractors,Starter,Annual (prepaid),2025-05-11,in_51647ecc9e,307.53,Paid,N,N
CUST-1130,Marlow General Contractors,Starter,Annual (prepaid),2025-06-28,in_d1cab51ca7,305.54,Paid,N,N
CUST-1130,Marlow General Contractors,Starter,Annual (prepaid),2025-07-17,in_9e38f2c9d4,302.62,Paid,N,N
CUST-1130,Marlow General Contractors,Starter,Annual (prepaid),2025-08-15,in_423a000f80,300.8,Paid,N,N
CUST-1130,Marlow General Contractors,Starter,Annual (prepaid),2025-09-04,in_b2b12ba3e8,302.48,Paid,N,N
CUST-1130,Marlow General Contractors,Starter,Annual (prepaid),2025-10-27,in_3ded530e25,291.73,Paid,N,N
CUST-1130,Marlow General Contractors,Starter,Annual (prepaid),2025-11-05,in_e5b1b05a89,294.67,Paid,N,N
CUST-1130,Marlow General Contractors,Starter,Annual (prepaid),2025-12-20,in_37e44cc1a5,293.95,Paid,N,N
CUST-1131,Cobalt Trades Group,Growth,Monthly,2025-01-11,in_c17a885107,907.1,Paid,Y,N
CUST-1131,Cobalt Trades Group,Growth,Monthly,2025-02-26,in_b46d9cc29d,882.37,Paid,N,N
CUST-1131,Cobalt Trades Group,Growth,Monthly,2025-03-13,in_d8b4493392,906.34,Paid,N,N
CUST-1131,Cobalt Trades Group,Growth,Monthly,2025-04-13,in_a56455384a,877.7,Paid,N,N
CUST-1131,Cobalt Trades Group,Growth,Monthly,2025-05-28,in_a6fb15caa1,893.07,Paid,N,N
CUST-1131,Cobalt Trades Group,Growth,Monthly,2025-06-26,in_61dfc10690,874.72,Paid,N,N
CUST-1131,Cobalt Trades Group,Growth,Monthly,2025-07-27,in_39234dcc37,912.38,Paid,N,N
CUST-1131,Cobalt Trades Group,Growth,Monthly,2025-08-30,in_28db29d71b,921.05,Paid,N,N
CUST-1131,Cobalt Trades Group,Growth,Monthly,2025-09-14,in_8ff8b770e6,921.45,Paid,N,N
CUST-1131,Cobalt Trades Group,Growth,Monthly,2025-10-03,in_1cc921adf3,911.8,Paid,N,N
CUST-1131,Cobalt Trades Group,Growth,Monthly,2025-11-17,in_3651994c7b,874.04,Paid,N,N
CUST-1131,Cobalt Trades Group,Growth,Monthly,2025-12-27,in_69e755b449,909.2,Paid,N,N
CUST-1132,Summit Concrete,Enterprise,Monthly,2025-01-12,in_49404fdf19,6871.22,Paid,Y,N
CUST-1132,Summit Concrete,Enterprise,Monthly,2025-02-25,in_84bcebf503,6714.66,Paid,N,N
CUST-1132,Summit Concrete,Enterprise,Monthly,2025-03-31,in_a840b9c3c4,6602.83,Paid,N,N
CUST-1132,Summit Concrete,Enterprise,Monthly,2025-04-24,in_96df633b33,6888.3,Paid,N,N
CUST-1132,Summit Concrete,Enterprise,Monthly,2025-05-07,in_641d991f03,6919.97,Paid,N,N
CUST-1132,Summit Concrete,Enterprise,Monthly,2025-06-16,in_a3abe25b1c,6929.84,Paid,N,N
CUST-1132,Summit Concrete,Enterprise,Monthly,2025-07-30,in_444aa181d2,6629.65,Paid,N,N
CUST-1132,Summit Concrete,Enterprise,Monthly,2025-08-09,in_e8b66dc4cb,6693.16,Refunded,N,N
CUST-1132,Summit Concrete,Enterprise,Monthly,2025-09-12,in_31962141e1,6648.72,Paid,N,N
CUST-1132,Summit Concrete,Enterprise,Monthly,2025-10-06,in_83f87da11b,6636.38,Paid,N,N
CUST-1132,Summit Concrete,Enterprise,Monthly,2025-11-19,in_4632e7c0b5,6670.31,Paid,N,N
CUST-1132,Summit Concrete,Enterprise,Monthly,2025-12-15,in_66cb8e8c36,6713.24,Paid,N,N
CUST-1133,Harbor Contracting,Growth,Monthly,2025-09-16,in_7ce405f924,909.24,Paid,Y,N
CUST-1133,Harbor Contracting,Growth,Monthly,2025-10-03,in_5810065f6f,897.21,Paid,N,N
CUST-1133,Harbor Contracting,Growth,Monthly,2025-11-12,in_e5e2c28c3c,874.65,Paid,N,N
CUST-1133,Harbor Contracting,Growth,Monthly,2025-12-16,in_e0b1ed3a1b,917.53,Paid,N,N
CUST-1134,Keystone Roofing,Starter,Monthly,2025-01-12,in_e1a5862464,303.32,Paid,Y,N
CUST-1134,Keystone Roofing,Starter,Monthly,2025-02-08,in_840ac633d2,305.02,Paid,N,N
CUST-1134,Keystone Roofing,Starter,Monthly,2025-03-23,in_cd0fb21d74,291.32,Paid,N,N
CUST-1134,Keystone Roofing,Starter,Monthly,2025-04-02,in_a3ebcb2d4a,306.27,Paid,N,N
CUST-1134,Keystone Roofing,Starter,Monthly,2025-05-17,in_ac78a17b28,291.88,Refunded,N,N
CUST-1134,Keystone Roofing,Starter,Monthly,2025-06-13,in_8ff423d531,305.14,Paid,N,N
CUST-1134,Keystone Roofing,Starter,Monthly,2025-07-23,in_71e9eaf970,301.65,Paid,N,N
CUST-1134,Keystone Roofing,Starter,Monthly,2025-08-12,in_5763597536,290.94,Paid,N,N
CUST-1134,Keystone Roofing,Starter,Monthly,2025-09-26,in_b42117984c,300.32,Paid,N,N
CUST-1134,Keystone Roofing,Starter,Monthly,2025-10-29,in_386db32d01,303.02,Refunded,N,N
CUST-1134,Keystone Roofing,Starter,Monthly,2025-11-15,in_413015c325,295.48,Paid,N,N
CUST-1134,Keystone Roofing,Starter,Monthly,2025-12-12,in_45b8f58c8a,300.86,Paid,N,N
CUST-1135,Ironwood Mechanical,Growth,Monthly,2025-02-03,in_ba1ce1fc01,906.85,Paid,Y,N
CUST-1135,Ironwood Mechanical,Growth,Monthly,2025-03-27,in_4639c826f0,908.96,Paid,N,N
CUST-1135,Ironwood Mechanical,Growth,Monthly,2025-04-26,in_9868db6263,898.02,Paid,N,N
CUST-1135,Ironwood Mechanical,Growth,Monthly,2025-05-10,in_689192346d,912.12,Paid,N,N
CUST-1135,Ironwood Mechanical,Growth,Monthly,2025-06-18,in_c85315431d,895.06,Paid,N,N
CUST-1135,Ironwood Mechanical,Growth,Monthly,2025-07-21,in_d05fb6efe5,914.89,Paid,N,N
CUST-1135,Ironwood Mechanical,Growth,Monthly,2025-08-08,in_53d2669dd8,917.89,Paid,N,N
CUST-1135,Ironwood Mechanical,Growth,Monthly,2025-09-24,in_d3179badb2,891.45,Paid,N,N
CUST-1135,Ironwood Mechanical,Growth,Monthly,2025-10-06,in_2ebc67afe3,876.95,Paid,N,N
CUST-1135,Ironwood Mechanical,Growth,Monthly,2025-11-12,in_9b3d907b57,924.47,Paid,N,N
CUST-1135,Ironwood Mechanical,Growth,Monthly,2025-12-04,in_d0b69d3a6a,872.99,Paid,N,N
CUST-1136,Cascade Concrete,Growth,Monthly,2025-02-20,in_b2442da72e,924.63,Paid,Y,N
CUST-1136,Cascade Concrete,Growth,Monthly,2025-03-22,in_cd33b0f877,884.95,Paid,N,N
CUST-1136,Cascade Concrete,Growth,Monthly,2025-04-30,in_720ff7ea69,892.45,Paid,N,N
CUST-1136,Cascade Concrete,Growth,Monthly,2025-05-15,in_3a8a5e4093,911.49,Paid,N,N
CUST-1136,Cascade Concrete,Growth,Monthly,2025-06-01,in_285b067368,878.67,Paid,N,N
CUST-1136,Cascade Concrete,Growth,Monthly,2025-07-10,in_521cf8d210,898.86,Paid,N,N
CUST-1136,Cascade Concrete,Growth,Monthly,2025-08-30,in_79ca525c1a,904.57,Paid,N,N
CUST-1136,Cascade Concrete,Growth,Monthly,2025-09-21,in_bb211a449e,906.31,Paid,N,N
CUST-1136,Cascade Concrete,Growth,Monthly,2025-10-11,in_a207058784,902.73,Paid,N,N
CUST-1136,Cascade Concrete,Growth,Monthly,2025-11-18,in_5f08ac3280,905.41,Failed,N,N
CUST-1136,Cascade Concrete,Growth,Monthly,2025-12-22,in_bce3975bd7,908.15,Paid,N,N
CUST-1137,Ridgeline Electrical Co,Growth,Monthly,2025-01-01,in_2682d69c0f,912.24,Paid,Y,N
CUST-1137,Ridgeline Electrical Co,Growth,Monthly,2025-02-25,in_712e9d6085,921.84,Paid,N,N
CUST-1137,Ridgeline Electrical Co,Growth,Monthly,2025-03-15,in_5bce6ce5b1,899.64,Paid,N,N
CUST-1137,Ridgeline Electrical Co,Growth,Monthly,2025-04-16,in_d377eeabf5,903.31,Paid,N,Y
CUST-1138,Harbor Mechanical,Pro,Monthly,2025-05-04,in_3488193d9d,2492.77,Paid,Y,N
CUST-1138,Harbor Mechanical,Pro,Monthly,2025-06-11,in_b21c404e23,2488.7,Paid,N,N
CUST-1138,Harbor Mechanical,Pro,Monthly,2025-07-14,in_2250e20a51,2525.3,Paid,N,N
CUST-1138,Harbor Mechanical,Pro,Monthly,2025-08-25,in_69a5b6d42b,2558.8,Paid,N,N
CUST-1138,Harbor Mechanical,Pro,Monthly,2025-09-10,in_3575c421e8,2450.15,Paid,N,N
CUST-1138,Harbor Mechanical,Pro,Monthly,2025-10-26,in_1f33818224,2459.14,Paid,N,N
CUST-1138,Harbor Mechanical,Pro,Monthly,2025-11-09,in_7d48aceb39,2544.31,Paid,N,N
CUST-1138,Harbor Mechanical,Pro,Monthly,2025-12-23,in_4dd2fc57e1,2477.37,Paid,N,N
CUST-1139,Cascade Roofing,Starter,Monthly,2025-01-08,in_b424f3db0d,299.45,Paid,Y,N
CUST-1139,Cascade Roofing,Starter,Monthly,2025-02-22,in_86307b0492,294.35,Paid,N,N
CUST-1139,Cascade Roofing,Starter,Monthly,2025-03-12,in_18e0d5a657,306.14,Failed,N,N
CUST-1139,Cascade Roofing,Starter,Monthly,2025-04-04,in_997dabba19,290.74,Paid,N,N
CUST-1139,Cascade Roofing,Starter,Monthly,2025-05-25,in_951066ecbb,294.32,Paid,N,N
CUST-1139,Cascade Roofing,Starter,Monthly,2025-06-05,in_73c5a4efde,293.89,Paid,N,N
CUST-1139,Cascade Roofing,Starter,Monthly,2025-07-20,in_c497a350e0,292.8,Paid,N,N
CUST-1139,Cascade Roofing,Starter,Monthly,2025-08-05,in_2784f87331,290.87,Paid,N,N
CUST-1139,Cascade Roofing,Starter,Monthly,2025-09-04,in_c88dcbf0c0,299.78,Paid,N,N
CUST-1139,Cascade Roofing,Starter,Monthly,2025-10-25,in_e15d1b86a9,295.73,Paid,N,N
CUST-1139,Cascade Roofing,Starter,Monthly,2025-11-27,in_d42099e49c,303.91,Paid,N,N
CUST-1139,Cascade Roofing,Starter,Monthly,2025-12-27,in_4c274538a3,299.33,Paid,N,N
CUST-1140,Alderwood Construction,Growth,Monthly,2025-02-13,in_ab4a68aee8,902.75,Paid,Y,N
CUST-1140,Alderwood Construction,Growth,Monthly,2025-03-20,in_b36aaef63b,895.35,Paid,N,N
CUST-1140,Alderwood Construction,Growth,Monthly,2025-04-09,in_8fc3252e73,877.67,Paid,N,N
CUST-1140,Alderwood Construction,Growth,Monthly,2025-05-04,in_6f74632f11,912.0,Paid,N,N
CUST-1140,Alderwood Construction,Growth,Monthly,2025-06-20,in_e0d4f557d5,908.25,Paid,N,N
CUST-1140,Alderwood Construction,Growth,Monthly,2025-07-16,in_aa9b18d74f,907.32,Paid,N,N
CUST-1140,Alderwood Construction,Growth,Monthly,2025-08-11,in_540474a397,892.5,Paid,N,N
CUST-1140,Alderwood Construction,Growth,Monthly,2025-09-30,in_b237b04cf3,915.56,Paid,N,N
CUST-1140,Alderwood Construction,Growth,Monthly,2025-10-06,in_63001ef9e2,893.35,Paid,N,N
CUST-1140,Alderwood Construction,Growth,Monthly,2025-11-01,in_5c358dd67c,886.76,Paid,N,N
CUST-1140,Alderwood Construction,Growth,Monthly,2025-12-29,in_7a897735de,925.2,Paid,N,N
CUST-1141,Cascade Framing Co,Pro,Monthly,2025-01-22,in_414dcf4705,2517.32,Paid,Y,N
CUST-1141,Cascade Framing Co,Pro,Monthly,2025-02-18,in_6bf7a22c09,2573.45,Paid,N,N
CUST-1141,Cascade Framing Co,Pro,Monthly,2025-03-08,in_e19ebb0b4a,2531.19,Paid,N,N
CUST-1141,Cascade Framing Co,Pro,Monthly,2025-04-18,in_5023c281db,2532.84,Paid,N,N
CUST-1141,Cascade Framing Co,Pro,Monthly,2025-05-16,in_24d3a78393,2541.63,Paid,N,N
CUST-1141,Cascade Framing Co,Pro,Monthly,2025-06-21,in_4831f6866d,2471.77,Paid,N,N
CUST-1141,Cascade Framing Co,Pro,Monthly,2025-07-06,in_a9000cf1f9,2553.32,Paid,N,N
CUST-1141,Cascade Framing Co,Pro,Monthly,2025-08-05,in_690dd7ca72,2541.71,Paid,N,N
CUST-1141,Cascade Framing Co,Pro,Monthly,2025-09-01,in_39047ad6ae,2540.53,Paid,N,N
CUST-1141,Cascade Framing Co,Pro,Monthly,2025-10-06,in_5427a32d05,2546.7,Paid,N,N
CUST-1141,Cascade Framing Co,Pro,Monthly,2025-11-06,in_1d029dc3f4,2539.31,Paid,N,N
CUST-1141,Cascade Framing Co,Pro,Monthly,2025-12-09,in_6b6ff741ef,2542.11,Refunded,N,N
CUST-1142,Redwood Electrical Co,Starter,Monthly,2025-06-24,in_a46ead9879,307.02,Paid,Y,N
CUST-1142,Redwood Electrical Co,Starter,Monthly,2025-07-12,in_2661230471,301.33,Paid,N,N
CUST-1142,Redwood Electrical Co,Starter,Monthly,2025-08-25,in_b322cec217,301.97,Paid,N,N
CUST-1142,Redwood Electrical Co,Starter,Monthly,2025-09-27,in_2c43a27385,306.02,Paid,N,N
CUST-1142,Redwood Electrical Co,Starter,Monthly,2025-10-18,in_19aced8a78,296.0,Paid,N,N
CUST-1142,Redwood Electrical Co,Starter,Monthly,2025-11-26,in_2483861f5f,292.5,Paid,N,N
CUST-1142,Redwood Electrical Co,Starter,Monthly,2025-12-17,in_90ced7f049,292.89,Paid,N,N
CUST-1143,Harbor Concrete,Pro,Monthly,2025-06-07,in_c943c8f2a8,2550.52,Paid,Y,N
CUST-1143,Harbor Concrete,Pro,Monthly,2025-07-11,in_9d79d94188,2508.38,Paid,N,N
CUST-1143,Harbor Concrete,Pro,Monthly,2025-08-20,in_3956f8d38f,2444.17,Paid,N,N
CUST-1143,Harbor Concrete,Pro,Monthly,2025-09-25,in_8b3db7873c,2517.96,Paid,N,N
CUST-1143,Harbor Concrete,Pro,Monthly,2025-10-03,in_7377db62cc,2461.62,Paid,N,N
CUST-1143,Harbor Concrete,Pro,Monthly,2025-11-26,in_7e5a0b3c54,2437.25,Paid,N,N
CUST-1143,Harbor Concrete,Pro,Monthly,2025-12-18,in_978270aee1,2477.52,Paid,N,N
CUST-1144,Foster Roofing,Pro,Annual (prepaid),2025-03-29,in_41f23a5dc9,2427.97,Paid,Y,N
CUST-1144,Foster Roofing,Pro,Annual (prepaid),2025-04-24,in_7535ceec1a,2487.14,Paid,N,N
CUST-1144,Foster Roofing,Pro,Annual (prepaid),2025-05-25,in_75b222902c,2484.04,Paid,N,N
CUST-1144,Foster Roofing,Pro,Annual (prepaid),2025-06-01,in_4e429a486c,2465.65,Paid,N,N
CUST-1144,Foster Roofing,Pro,Annual (prepaid),2025-07-17,in_dea8c6a8b7,2528.09,Paid,N,N
CUST-1144,Foster Roofing,Pro,Annual (prepaid),2025-08-10,in_97e023ceed,2491.71,Paid,N,N
CUST-1144,Foster Roofing,Pro,Annual (prepaid),2025-09-20,in_90a96714cc,2494.83,Paid,N,N
CUST-1144,Foster Roofing,Pro,Annual (prepaid),2025-10-28,in_cab0fbe1a2,2503.51,Paid,N,N
CUST-1144,Foster Roofing,Pro,Annual (prepaid),2025-11-09,in_7ae7523d40,2541.61,Paid,N,N
CUST-1144,Foster Roofing,Pro,Annual (prepaid),2025-12-31,in_7df126019e,2458.4,Paid,N,N
CUST-1145,Fairmont Concrete,Enterprise,Monthly,2025-01-11,in_243bd246b7,6671.37,Paid,Y,N
CUST-1145,Fairmont Concrete,Enterprise,Monthly,2025-02-15,in_28f61fea1d,6727.1,Paid,N,N
CUST-1145,Fairmont Concrete,Enterprise,Monthly,2025-03-07,in_3cbb126efe,6962.92,Paid,N,N
CUST-1145,Fairmont Concrete,Enterprise,Monthly,2025-04-28,in_97ead07b34,6798.63,Paid,N,N
CUST-1145,Fairmont Concrete,Enterprise,Monthly,2025-05-14,in_e358bedc8f,6636.74,Paid,N,N
CUST-1145,Fairmont Concrete,Enterprise,Monthly,2025-06-28,in_8342819e94,6781.93,Paid,N,N
CUST-1145,Fairmont Concrete,Enterprise,Monthly,2025-07-24,in_a330a177cc,6767.51,Paid,N,N
CUST-1145,Fairmont Concrete,Enterprise,Monthly,2025-08-30,in_5cac8b380d,6713.49,Paid,N,N
CUST-1145,Fairmont Concrete,Enterprise,Monthly,2025-09-28,in_1a76fe1e60,6827.97,Paid,N,N
CUST-1145,Fairmont Concrete,Enterprise,Monthly,2025-10-06,in_9dcc8db1c6,6709.15,Paid,N,N
CUST-1145,Fairmont Concrete,Enterprise,Monthly,2025-11-23,in_c4cc9c9614,6986.18,Paid,N,N
CUST-1145,Fairmont Concrete,Enterprise,Monthly,2025-12-27,in_bef2485e8a,6762.72,Paid,N,N
CUST-1146,Pinecrest Roofing,Enterprise,Monthly,2025-05-27,in_3701ab92b2,6758.26,Paid,Y,N
CUST-1146,Pinecrest Roofing,Enterprise,Monthly,2025-06-03,in_aeb9230d9e,6978.01,Paid,N,N
CUST-1146,Pinecrest Roofing,Enterprise,Monthly,2025-07-28,in_18acd5ec66,6961.84,Paid,N,N
CUST-1146,Pinecrest Roofing,Enterprise,Monthly,2025-08-02,in_64670728fe,6651.2,Paid,N,N
CUST-1146,Pinecrest Roofing,Enterprise,Monthly,2025-09-11,in_52292885b9,6810.0,Paid,N,N
CUST-1146,Pinecrest Roofing,Enterprise,Monthly,2025-10-17,in_6bcfc1efbc,6643.0,Paid,N,N
CUST-1146,Pinecrest Roofing,Enterprise,Monthly,2025-11-20,in_8f6fad7c9c,6959.46,Paid,N,N
CUST-1146,Pinecrest Roofing,Enterprise,Monthly,2025-12-15,in_7d47f1b58c,6900.13,Paid,N,N
CUST-1147,Anchor Builders,Pro,Monthly,2025-10-10,in_787e00540a,2550.0,Paid,Y,N
CUST-1147,Anchor Builders,Pro,Monthly,2025-11-20,in_caf41137a1,2559.37,Paid,N,N
CUST-1147,Anchor Builders,Pro,Monthly,2025-12-12,in_c4dcb2c669,2553.71,Paid,N,N
CUST-1148,Timberview Framing Co,Starter,Monthly,2025-01-23,in_bc9ef3c69e,292.43,Paid,Y,N
CUST-1148,Timberview Framing Co,Starter,Monthly,2025-02-12,in_1df002c145,297.43,Paid,N,N
CUST-1148,Timberview Framing Co,Starter,Monthly,2025-03-08,in_5236c8b429,296.52,Paid,N,N
CUST-1148,Timberview Framing Co,Starter,Monthly,2025-04-29,in_50fcd2d4a5,306.35,Paid,N,N
CUST-1148,Timberview Framing Co,Starter,Monthly,2025-05-23,in_cfbff179eb,292.65,Paid,N,N
CUST-1148,Timberview Framing Co,Starter,Monthly,2025-06-02,in_dc1e1dc16d,304.02,Paid,N,N
CUST-1148,Timberview Framing Co,Starter,Monthly,2025-07-17,in_5b06769478,297.25,Paid,N,N
CUST-1148,Timberview Framing Co,Starter,Monthly,2025-08-09,in_96a869fc3d,297.32,Paid,N,N
CUST-1148,Timberview Framing Co,Starter,Monthly,2025-09-29,in_b8ddd9d051,293.28,Paid,N,N
CUST-1148,Timberview Framing Co,Starter,Monthly,2025-10-26,in_2cfd83c76e,295.52,Paid,N,N
CUST-1148,Timberview Framing Co,Starter,Monthly,2025-11-02,in_b580a689c8,294.11,Paid,N,N
CUST-1148,Timberview Framing Co,Starter,Monthly,2025-12-17,in_8df99d0969,303.12,Paid,N,N
CUST-1149,Keystone General Contractors,Starter,Annual (prepaid),2025-04-15,in_8dee901ffe,295.97,Paid,Y,N
CUST-1149,Keystone General Contractors,Starter,Annual (prepaid),2025-05-10,in_3c01e54729,307.0,Paid,N,N
CUST-1149,Keystone General Contractors,Starter,Annual (prepaid),2025-06-23,in_834b51f7bc,299.39,Paid,N,N
CUST-1149,Keystone General Contractors,Starter,Annual (prepaid),2025-07-23,in_362b4d6d9a,306.29,Paid,N,N
CUST-1149,Keystone General Contractors,Starter,Annual (prepaid),2025-08-28,in_d4928507d6,297.5,Paid,N,N
CUST-1149,Keystone General Contractors,Starter,Annual (prepaid),2025-09-09,in_bb4146ed36,298.64,Paid,N,N
CUST-1149,Keystone General Contractors,Starter,Annual (prepaid),2025-10-09,in_5612e74f31,302.15,Paid,N,N
CUST-1149,Keystone General Contractors,Starter,Annual (prepaid),2025-11-19,in_5bd417a43b,300.5,Paid,N,N
CUST-1149,Keystone General Contractors,Starter,Annual (prepaid),2025-12-16,in_81f44cc052,294.91,Paid,N,N
CUST-1150,Foster Electrical Co,Pro,Monthly,2025-01-14,in_c75c1e8469,2454.38,Paid,Y,N
CUST-1150,Foster Electrical Co,Pro,Monthly,2025-02-27,in_e6d6f36bb0,2504.0,Paid,N,N
CUST-1150,Foster Electrical Co,Pro,Monthly,2025-03-06,in_4d1d6e1fcc,2570.74,Paid,N,N
CUST-1150,Foster Electrical Co,Pro,Monthly,2025-04-18,in_b684391d87,2512.37,Paid,N,Y
CUST-1151,Redwood General Contractors,Pro,Monthly,2025-04-06,in_44b5098092,2478.16,Paid,Y,N
CUST-1151,Redwood General Contractors,Pro,Monthly,2025-05-20,in_e256d2fbfa,2481.88,Paid,N,N
CUST-1151,Redwood General Contractors,Pro,Monthly,2025-06-22,in_9b73a7b6c2,2545.64,Paid,N,N
CUST-1151,Redwood General Contractors,Pro,Monthly,2025-07-13,in_bc2a254a44,2495.44,Failed,N,N
CUST-1151,Redwood General Contractors,Pro,Monthly,2025-08-02,in_e5aab94daf,2493.13,Paid,N,N
CUST-1151,Redwood General Contractors,Pro,Monthly,2025-09-10,in_c8639debfb,2522.01,Paid,N,N
CUST-1151,Redwood General Contractors,Pro,Monthly,2025-10-11,in_3b489e4b3a,2523.4,Paid,N,Y
CUST-1152,Fairmont Builders,Starter,Monthly,2025-01-13,in_854a8552a8,304.02,Paid,Y,N
CUST-1152,Fairmont Builders,Starter,Monthly,2025-02-07,in_d0a81e31a5,294.7,Paid,N,N
CUST-1152,Fairmont Builders,Starter,Monthly,2025-03-15,in_5ab1417431,291.16,Paid,N,N
CUST-1152,Fairmont Builders,Starter,Monthly,2025-04-05,in_2c41f1d744,299.76,Paid,N,N
CUST-1152,Fairmont Builders,Starter,Monthly,2025-05-25,in_20d61e49c2,300.96,Paid,N,N
CUST-1152,Fairmont Builders,Starter,Monthly,2025-06-09,in_cdfaa29106,305.43,Paid,N,N
CUST-1152,Fairmont Builders,Starter,Monthly,2025-07-08,in_8c6dbe7b45,303.04,Paid,N,N
CUST-1152,Fairmont Builders,Starter,Monthly,2025-08-06,in_d56c798ef1,298.93,Paid,N,N
CUST-1152,Fairmont Builders,Starter,Monthly,2025-09-18,in_b22c41a9c8,296.56,Paid,N,N
CUST-1152,Fairmont Builders,Starter,Monthly,2025-10-11,in_7014345f77,303.68,Paid,N,N
CUST-1152,Fairmont Builders,Starter,Monthly,2025-11-11,in_e7cc9a658e,305.13,Paid,N,N
CUST-1152,Fairmont Builders,Starter,Monthly,2025-12-02,in_48cedbf73e,307.27,Paid,N,N
CUST-1153,Harbor Mechanical,Growth,Monthly,2025-05-24,in_267af0deac,907.54,Paid,Y,N
CUST-1153,Harbor Mechanical,Growth,Monthly,2025-06-08,in_37e9feb481,922.01,Paid,N,N
CUST-1153,Harbor Mechanical,Growth,Monthly,2025-07-21,in_6b9a1d36c3,906.92,Paid,N,N
CUST-1153,Harbor Mechanical,Growth,Monthly,2025-08-02,in_62d70bdee6,872.3,Paid,N,N
CUST-1153,Harbor Mechanical,Growth,Monthly,2025-09-15,in_487a0b664b,898.98,Failed,N,N
CUST-1153,Harbor Mechanical,Growth,Monthly,2025-10-24,in_5195fbf84a,907.5,Paid,N,N
CUST-1153,Harbor Mechanical,Growth,Monthly,2025-11-16,in_8e4051ad3e,882.15,Paid,N,Y
CUST-1154,Harbor Construction,Starter,Monthly,2025-01-10,in_6173bae313,297.88,Paid,Y,N
CUST-1154,Harbor Construction,Starter,Monthly,2025-02-14,in_a2667dc6f5,291.17,Paid,N,N
CUST-1154,Harbor Construction,Starter,Monthly,2025-03-03,in_c16c26b676,298.85,Paid,N,N
CUST-1154,Harbor Construction,Starter,Monthly,2025-04-08,in_2842d1b951,298.25,Paid,N,N
CUST-1154,Harbor Construction,Starter,Monthly,2025-05-17,in_3c0affc697,293.21,Paid,N,N
CUST-1154,Harbor Construction,Starter,Monthly,2025-06-21,in_24a49fab49,306.26,Paid,N,N
CUST-1154,Harbor Construction,Starter,Monthly,2025-07-09,in_6f5cb9d32e,292.44,Paid,N,N
CUST-1154,Harbor Construction,Starter,Monthly,2025-08-30,in_24983a91ba,295.44,Paid,N,N
CUST-1154,Harbor Construction,Starter,Monthly,2025-09-29,in_d1c6522a2a,304.02,Paid,N,N
CUST-1154,Harbor Construction,Starter,Monthly,2025-10-21,in_cbff2b7193,297.79,Paid,N,N
CUST-1154,Harbor Construction,Starter,Monthly,2025-11-16,in_5833342a15,292.14,Paid,N,N
CUST-1154,Harbor Construction,Starter,Monthly,2025-12-15,in_446ec2c2a1,302.86,Paid,N,Y
CUST-1155,Keystone Trades Group,Growth,Monthly,2025-02-10,in_3b7b574513,888.08,Paid,Y,N
CUST-1155,Keystone Trades Group,Growth,Monthly,2025-03-14,in_b36d464525,921.86,Paid,N,N
CUST-1155,Keystone Trades Group,Growth,Monthly,2025-04-26,in_c97956a6c8,903.52,Paid,N,N
CUST-1155,Keystone Trades Group,Growth,Monthly,2025-05-19,in_8fb706dc9c,907.6,Paid,N,N
CUST-1155,Keystone Trades Group,Growth,Monthly,2025-06-23,in_62611eec6e,878.51,Paid,N,N
CUST-1155,Keystone Trades Group,Growth,Monthly,2025-07-03,in_9a280ff120,914.23,Paid,N,N
CUST-1155,Keystone Trades Group,Growth,Monthly,2025-08-25,in_51897b1033,887.27,Paid,N,N
CUST-1155,Keystone Trades Group,Growth,Monthly,2025-09-24,in_1b2f7a2fec,876.74,Paid,N,N
CUST-1155,Keystone Trades Group,Growth,Monthly,2025-10-23,in_9776a9d744,888.39,Failed,N,N
CUST-1155,Keystone Trades Group,Growth,Monthly,2025-11-20,in_76b3c34662,875.76,Paid,N,N
CUST-1155,Keystone Trades Group,Growth,Monthly,2025-12-09,in_19048c9bd3,910.27,Paid,N,N
CUST-1156,Highfield Construction,Starter,Annual (prepaid),2025-05-30,in_754b6d4bdb,298.06,Paid,Y,N
CUST-1156,Highfield Construction,Starter,Annual (prepaid),2025-06-01,in_1e22a9186d,295.95,Paid,N,N
CUST-1156,Highfield Construction,Starter,Annual (prepaid),2025-07-13,in_22692b9a60,304.0,Paid,N,N
CUST-1156,Highfield Construction,Starter,Annual (prepaid),2025-08-26,in_4188b7b440,291.89,Paid,N,N
CUST-1156,Highfield Construction,Starter,Annual (prepaid),2025-09-27,in_2081968fb8,303.72,Paid,N,N
CUST-1156,Highfield Construction,Starter,Annual (prepaid),2025-10-25,in_6f8a4d7678,304.88,Paid,N,N
CUST-1156,Highfield Construction,Starter,Annual (prepaid),2025-11-03,in_b9a69c4a77,297.11,Paid,N,N
CUST-1156,Highfield Construction,Starter,Annual (prepaid),2025-12-23,in_c78adbc40e,306.18,Paid,N,N
CUST-1157,Marlow Roofing,Growth,Monthly,2025-10-30,in_748cb6be87,880.98,Paid,Y,N
CUST-1157,Marlow Roofing,Growth,Monthly,2025-11-23,in_c5f0e38290,881.23,Paid,N,N
CUST-1157,Marlow Roofing,Growth,Monthly,2025-12-09,in_bb774f57ab,899.39,Paid,N,N
CUST-1158,Fairmont Mechanical,Growth,Monthly,2025-01-09,in_c777b8ffde,918.58,Paid,Y,N
CUST-1158,Fairmont Mechanical,Growth,Monthly,2025-02-15,in_afc6433330,874.52,Paid,N,N
CUST-1158,Fairmont Mechanical,Growth,Monthly,2025-03-23,in_81861086d8,887.45,Paid,N,N
CUST-1158,Fairmont Mechanical,Growth,Monthly,2025-04-02,in_3bc8826239,913.31,Paid,N,N
CUST-1158,Fairmont Mechanical,Growth,Monthly,2025-05-17,in_dee0cab88b,903.0,Paid,N,N
CUST-1158,Fairmont Mechanical,Growth,Monthly,2025-06-19,in_3210a1a700,913.25,Paid,N,N
CUST-1158,Fairmont Mechanical,Growth,Monthly,2025-07-13,in_332241ed7e,913.17,Paid,N,N
CUST-1158,Fairmont Mechanical,Growth,Monthly,2025-08-12,in_cb361dc3a5,904.29,Refunded,N,N
CUST-1158,Fairmont Mechanical,Growth,Monthly,2025-09-04,in_2a90c6f356,918.02,Paid,N,N
CUST-1158,Fairmont Mechanical,Growth,Monthly,2025-10-06,in_4b1132452f,908.85,Paid,N,N
CUST-1158,Fairmont Mechanical,Growth,Monthly,2025-11-16,in_8587c76aca,916.92,Paid,N,N
CUST-1158,Fairmont Mechanical,Growth,Monthly,2025-12-23,in_4dc682ad43,874.04,Paid,N,N
CUST-1159,Marlow General Contractors,Growth,Monthly,2025-06-11,in_1e4b51d167,881.56,Paid,Y,N
CUST-1159,Marlow General Contractors,Growth,Monthly,2025-07-11,in_b6fd1c22c6,916.32,Failed,N,N
CUST-1159,Marlow General Contractors,Growth,Monthly,2025-08-26,in_3943c58d4e,883.39,Paid,N,N
CUST-1159,Marlow General Contractors,Growth,Monthly,2025-09-11,in_bfe6e6612b,916.62,Paid,N,N
CUST-1159,Marlow General Contractors,Growth,Monthly,2025-10-06,in_8b953dd4cf,910.32,Paid,N,N
CUST-1159,Marlow General Contractors,Growth,Monthly,2025-11-07,in_9290dba960,896.26,Failed,N,N
CUST-1159,Marlow General Contractors,Growth,Monthly,2025-12-01,in_6964923cd9,883.31,Paid,N,N
CUST-1160,Highfield Framing Co,Pro,Annual (prepaid),2025-04-07,in_e188301faa,2555.01,Paid,Y,N
CUST-1160,Highfield Framing Co,Pro,Annual (prepaid),2025-05-06,in_796bee529b,2535.92,Paid,N,N
CUST-1160,Highfield Framing Co,Pro,Annual (prepaid),2025-06-14,in_e5dba1ab30,2510.8,Paid,N,N
CUST-1160,Highfield Framing Co,Pro,Annual (prepaid),2025-07-14,in_5ca4472eef,2521.55,Paid,N,N
CUST-1160,Highfield Framing Co,Pro,Annual (prepaid),2025-08-26,in_826d19b75d,2485.09,Paid,N,N
CUST-1160,Highfield Framing Co,Pro,Annual (prepaid),2025-09-09,in_a5a5bae318,2491.11,Paid,N,N
CUST-1160,Highfield Framing Co,Pro,Annual (prepaid),2025-10-07,in_b94c9866e2,2515.08,Paid,N,N
CUST-1160,Highfield Framing Co,Pro,Annual (prepaid),2025-11-12,in_8c0b884d62,2438.75,Paid,N,N
CUST-1160,Highfield Framing Co,Pro,Annual (prepaid),2025-12-07,in_cb637c29ad,2550.24,Paid,N,N
CUST-1161,Foster Electrical Co,Starter,Monthly,2025-06-26,in_8fff0f3343,295.37,Paid,Y,N
CUST-1161,Foster Electrical Co,Starter,Monthly,2025-07-05,in_8f7bad30b8,296.55,Paid,N,N
CUST-1161,Foster Electrical Co,Starter,Monthly,2025-08-02,in_214c06ea11,290.13,Paid,N,N
CUST-1161,Foster Electrical Co,Starter,Monthly,2025-09-22,in_36f7827478,304.06,Paid,N,N
CUST-1161,Foster Electrical Co,Starter,Monthly,2025-10-12,in_5ce83c4215,294.88,Paid,N,N
CUST-1161,Foster Electrical Co,Starter,Monthly,2025-11-29,in_dd2be09f2c,297.59,Failed,N,N
CUST-1161,Foster Electrical Co,Starter,Monthly,2025-12-10,in_3eaefae109,296.45,Paid,N,N
CUST-1162,Highfield General Contractors,Growth,Annual (prepaid),2025-02-20,in_c13cd306e3,879.57,Paid,Y,N
CUST-1162,Highfield General Contractors,Growth,Annual (prepaid),2025-03-02,in_ce0e32142e,910.82,Paid,N,N
CUST-1162,Highfield General Contractors,Growth,Annual (prepaid),2025-04-27,in_443f2fc358,880.44,Paid,N,N
CUST-1162,Highfield General Contractors,Growth,Annual (prepaid),2025-05-10,in_a2e07fbee6,906.01,Paid,N,N
CUST-1162,Highfield General Contractors,Growth,Annual (prepaid),2025-06-10,in_423939d13f,922.76,Failed,N,N
CUST-1162,Highfield General Contractors,Growth,Annual (prepaid),2025-07-30,in_2944603df8,922.72,Paid,N,N
CUST-1162,Highfield General Contractors,Growth,Annual (prepaid),2025-08-26,in_30510bc84a,890.08,Paid,N,N
CUST-1162,Highfield General Contractors,Growth,Annual (prepaid),2025-09-04,in_b840d7b888,911.46,Paid,N,N
CUST-1162,Highfield General Contractors,Growth,Annual (prepaid),2025-10-14,in_1bf161e95e,905.59,Paid,N,N
CUST-1162,Highfield General Contractors,Growth,Annual (prepaid),2025-11-06,in_99ab93e298,900.9,Paid,N,N
CUST-1162,Highfield General Contractors,Growth,Annual (prepaid),2025-12-14,in_20f2a62b6c,897.22,Paid,N,N
CUST-1163,Summit Roofing,Growth,Monthly,2025-01-20,in_2d9b88d07b,897.5,Paid,Y,N
CUST-1163,Summit Roofing,Growth,Monthly,2025-02-13,in_481f89c7a9,913.88,Paid,N,N
CUST-1163,Summit Roofing,Growth,Monthly,2025-03-03,in_9108a584c0,914.38,Failed,N,N
CUST-1163,Summit Roofing,Growth,Monthly,2025-04-03,in_379a5a4a6f,888.03,Paid,N,N
CUST-1163,Summit Roofing,Growth,Monthly,2025-05-14,in_c60bffde64,905.92,Paid,N,N
CUST-1163,Summit Roofing,Growth,Monthly,2025-06-28,in_98e07d9d7c,906.32,Paid,N,N
CUST-1163,Summit Roofing,Growth,Monthly,2025-07-24,in_9483e1c5a4,903.3,Paid,N,N
CUST-1163,Summit Roofing,Growth,Monthly,2025-08-30,in_1ec79cde0e,876.26,Paid,N,N
CUST-1163,Summit Roofing,Growth,Monthly,2025-09-09,in_505fb839e8,892.91,Paid,N,N
CUST-1163,Summit Roofing,Growth,Monthly,2025-10-26,in_e54dc113b5,876.97,Paid,N,N
CUST-1163,Summit Roofing,Growth,Monthly,2025-11-26,in_9db30b765a,888.9,Paid,N,N
CUST-1163,Summit Roofing,Growth,Monthly,2025-12-31,in_8e6b97a5ca,885.09,Paid,N,N
CUST-1164,Redwood General Contractors,Growth,Monthly,2025-03-20,in_5205c562ec,893.6,Failed,Y,N
CUST-1164,Redwood General Contractors,Growth,Monthly,2025-04-18,in_67e1506e20,878.73,Paid,N,N
CUST-1164,Redwood General Contractors,Growth,Monthly,2025-05-11,in_8d1f56f722,901.33,Paid,N,N
CUST-1164,Redwood General Contractors,Growth,Monthly,2025-06-26,in_2f937c5327,903.42,Paid,N,N
CUST-1164,Redwood General Contractors,Growth,Monthly,2025-07-18,in_abcf125018,917.61,Paid,N,N
CUST-1164,Redwood General Contractors,Growth,Monthly,2025-08-31,in_b822ccc676,879.19,Paid,N,N
CUST-1164,Redwood General Contractors,Growth,Monthly,2025-09-06,in_500c87b6e4,897.06,Paid,N,N
CUST-1164,Redwood General Contractors,Growth,Monthly,2025-10-11,in_6c4c3554f8,888.86,Paid,N,N
CUST-1164,Redwood General Contractors,Growth,Monthly,2025-11-17,in_5270bfb253,910.52,Paid,N,N
CUST-1164,Redwood General Contractors,Growth,Monthly,2025-12-31,in_9630af62d9,884.95,Paid,N,N
CUST-1165,Ridgeline Roofing,Growth,Monthly,2025-02-20,in_1cb2f2251a,908.28,Paid,Y,N
CUST-1165,Ridgeline Roofing,Growth,Monthly,2025-03-27,in_8cc880bb9a,918.23,Paid,N,N
CUST-1165,Ridgeline Roofing,Growth,Monthly,2025-04-29,in_a1d2434466,883.38,Failed,N,N
CUST-1165,Ridgeline Roofing,Growth,Monthly,2025-05-02,in_b18164855b,874.84,Failed,N,N
CUST-1165,Ridgeline Roofing,Growth,Monthly,2025-06-29,in_b7c68cbd6d,923.47,Paid,N,N
CUST-1165,Ridgeline Roofing,Growth,Monthly,2025-07-31,in_4d765f7d98,913.95,Paid,N,N
CUST-1165,Ridgeline Roofing,Growth,Monthly,2025-08-24,in_b71ac770fb,885.83,Paid,N,N
CUST-1165,Ridgeline Roofing,Growth,Monthly,2025-09-23,in_82a1a13dc9,907.25,Paid,N,N
CUST-1165,Ridgeline Roofing,Growth,Monthly,2025-10-28,in_dc17d19143,905.99,Paid,N,N
CUST-1165,Ridgeline Roofing,Growth,Monthly,2025-11-04,in_3de3dc72c4,897.72,Paid,N,N
CUST-1165,Ridgeline Roofing,Growth,Monthly,2025-12-08,in_c9694b6772,916.16,Paid,N,N
CUST-1166,Harbor Electrical Co,Starter,Annual (prepaid),2025-09-24,in_bb0f737d52,300.83,Paid,Y,N
CUST-1166,Harbor Electrical Co,Starter,Annual (prepaid),2025-10-15,in_7ea9594b0d,290.32,Paid,N,N
CUST-1166,Harbor Electrical Co,Starter,Annual (prepaid),2025-11-28,in_e748065a09,293.15,Paid,N,N
CUST-1166,Harbor Electrical Co,Starter,Annual (prepaid),2025-12-20,in_642de79d61,298.58,Paid,N,Y
CUST-1167,Brightline Framing Co,Pro,Monthly,2025-02-08,in_32231cbefe,2445.47,Paid,Y,N
CUST-1167,Brightline Framing Co,Pro,Monthly,2025-03-23,in_55d6b33ae6,2524.92,Paid,N,N
CUST-1167,Brightline Framing Co,Pro,Monthly,2025-04-19,in_d04c047aea,2516.49,Paid,N,N
CUST-1167,Brightline Framing Co,Pro,Monthly,2025-05-15,in_8fd998d46c,2565.32,Paid,N,N
CUST-1167,Brightline Framing Co,Pro,Monthly,2025-06-05,in_d384d995ff,2486.91,Paid,N,N
CUST-1167,Brightline Framing Co,Pro,Monthly,2025-07-09,in_a3fb34c750,2452.68,Paid,N,N
CUST-1167,Brightline Framing Co,Pro,Monthly,2025-08-27,in_3a92a664dc,2428.17,Paid,N,N
CUST-1167,Brightline Framing Co,Pro,Monthly,2025-09-17,in_2a9952d207,2518.83,Paid,N,N
CUST-1167,Brightline Framing Co,Pro,Monthly,2025-10-08,in_6e98f84de5,2491.8,Paid,N,N
CUST-1167,Brightline Framing Co,Pro,Monthly,2025-11-20,in_556e5646bd,2457.82,Paid,N,N
CUST-1167,Brightline Framing Co,Pro,Monthly,2025-12-12,in_7d6eaa4542,2503.87,Paid,N,N
CUST-1168,Vantage Electrical Co,Starter,Monthly,2025-01-08,in_392651acda,305.18,Paid,Y,N
CUST-1168,Vantage Electrical Co,Starter,Monthly,2025-02-26,in_557c61a2dc,302.15,Paid,N,N
CUST-1168,Vantage Electrical Co,Starter,Monthly,2025-03-25,in_269d3251b3,304.72,Paid,N,N
CUST-1168,Vantage Electrical Co,Starter,Monthly,2025-04-07,in_2a9855da5b,290.57,Paid,N,N
CUST-1168,Vantage Electrical Co,Starter,Monthly,2025-05-11,in_6d94b55af2,301.91,Paid,N,N
CUST-1168,Vantage Electrical Co,Starter,Monthly,2025-06-02,in_8c93025617,296.75,Paid,N,N
CUST-1168,Vantage Electrical Co,Starter,Monthly,2025-07-25,in_3b9b8f4b67,296.47,Paid,N,N
CUST-1168,Vantage Electrical Co,Starter,Monthly,2025-08-31,in_79a28f3adc,299.3,Paid,N,N
CUST-1168,Vantage Electrical Co,Starter,Monthly,2025-09-12,in_cf23f2d7df,307.74,Paid,N,N
CUST-1168,Vantage Electrical Co,Starter,Monthly,2025-10-30,in_b39f4be6f9,303.45,Paid,N,N
CUST-1168,Vantage Electrical Co,Starter,Monthly,2025-11-14,in_b4be6db7ef,307.81,Paid,N,N
CUST-1168,Vantage Electrical Co,Starter,Monthly,2025-12-26,in_28908ea6a2,300.55,Paid,N,N
CUST-1169,Summit Framing Co,Starter,Monthly,2025-03-08,in_5832ccf793,304.67,Paid,Y,N
CUST-1169,Summit Framing Co,Starter,Monthly,2025-04-01,in_e63c3e2d34,301.45,Paid,N,N
CUST-1169,Summit Framing Co,Starter,Monthly,2025-05-27,in_6b0ce70d16,304.43,Paid,N,N
CUST-1169,Summit Framing Co,Starter,Monthly,2025-06-16,in_c024c4f16a,298.34,Paid,N,N
CUST-1169,Summit Framing Co,Starter,Monthly,2025-07-20,in_258528de04,298.42,Paid,N,N
CUST-1169,Summit Framing Co,Starter,Monthly,2025-08-07,in_bac66f7f98,300.04,Paid,N,N
CUST-1169,Summit Framing Co,Starter,Monthly,2025-09-05,in_d4d838e262,299.94,Paid,N,N
CUST-1169,Summit Framing Co,Starter,Monthly,2025-10-29,in_2abd4a1dd5,303.87,Paid,N,N
CUST-1169,Summit Framing Co,Starter,Monthly,2025-11-07,in_c4be94d287,292.33,Paid,N,N
CUST-1169,Summit Framing Co,Starter,Monthly,2025-12-14,in_67e9f2005d,304.45,Paid,N,N
CUST-1170,Marlow Builders,Pro,Monthly,2025-04-14,in_536601f575,2444.39,Paid,Y,N
CUST-1170,Marlow Builders,Pro,Monthly,2025-05-31,in_dca9f8f3dc,2463.34,Paid,N,N
CUST-1170,Marlow Builders,Pro,Monthly,2025-06-05,in_18b14d26c7,2471.68,Paid,N,N
CUST-1170,Marlow Builders,Pro,Monthly,2025-07-26,in_74c7cfc098,2479.93,Paid,N,N
CUST-1170,Marlow Builders,Pro,Monthly,2025-08-06,in_91398d8d4b,2564.23,Paid,N,N
CUST-1170,Marlow Builders,Pro,Monthly,2025-09-10,in_4d884edbf9,2515.48,Paid,N,N
CUST-1170,Marlow Builders,Pro,Monthly,2025-10-24,in_36d364706b,2505.71,Paid,N,N
CUST-1170,Marlow Builders,Pro,Monthly,2025-11-25,in_744566df2a,2500.87,Paid,N,N
CUST-1170,Marlow Builders,Pro,Monthly,2025-12-18,in_bbeca6e6b7,2438.61,Paid,N,N
CUST-1171,Pinecrest Contracting,Starter,Monthly,2025-05-31,in_77c43dd273,298.48,Paid,Y,N
CUST-1171,Pinecrest Contracting,Starter,Monthly,2025-06-09,in_1f6840eac0,296.12,Paid,N,N
CUST-1171,Pinecrest Contracting,Starter,Monthly,2025-07-28,in_b44dd37658,290.71,Paid,N,N
CUST-1171,Pinecrest Contracting,Starter,Monthly,2025-08-24,in_8f7fad20e0,292.45,Paid,N,N
CUST-1171,Pinecrest Contracting,Starter,Monthly,2025-09-20,in_c6126aab6b,297.5,Paid,N,N
CUST-1171,Pinecrest Contracting,Starter,Monthly,2025-10-15,in_de6fddcd14,298.43,Paid,N,N
CUST-1171,Pinecrest Contracting,Starter,Monthly,2025-11-21,in_3c56afab8f,300.65,Paid,N,N
CUST-1171,Pinecrest Contracting,Starter,Monthly,2025-12-10,in_b21ea17bab,299.68,Paid,N,N
CUST-1172,Vantage Concrete,Pro,Monthly,2025-01-31,in_6766c9e498,2509.87,Paid,Y,N
CUST-1172,Vantage Concrete,Pro,Monthly,2025-02-07,in_6854322991,2457.34,Paid,N,N
CUST-1172,Vantage Concrete,Pro,Monthly,2025-03-10,in_4a32b39650,2458.65,Paid,N,N
CUST-1172,Vantage Concrete,Pro,Monthly,2025-04-19,in_6bbebc219d,2483.36,Paid,N,N
CUST-1172,Vantage Concrete,Pro,Monthly,2025-05-21,in_3ce4e7ec2c,2553.6,Paid,N,N
CUST-1172,Vantage Concrete,Pro,Monthly,2025-06-29,in_b9445a222e,2459.58,Paid,N,N
CUST-1172,Vantage Concrete,Pro,Monthly,2025-07-29,in_45ec25fe59,2466.35,Paid,N,N
CUST-1172,Vantage Concrete,Pro,Monthly,2025-08-28,in_7c3a2acf19,2437.02,Paid,N,N
CUST-1172,Vantage Concrete,Pro,Monthly,2025-09-01,in_22baa572b4,2530.32,Paid,N,N
CUST-1172,Vantage Concrete,Pro,Monthly,2025-10-18,in_78daeb6d40,2498.54,Paid,N,N
CUST-1172,Vantage Concrete,Pro,Monthly,2025-11-02,in_c9d446ee56,2554.33,Paid,N,N
CUST-1172,Vantage Concrete,Pro,Monthly,2025-12-11,in_2c732888da,2541.1,Paid,N,N
CUST-1173,Redwood Contracting,Growth,Monthly,2025-02-23,in_baa5da0409,873.13,Paid,Y,N
CUST-1173,Redwood Contracting,Growth,Monthly,2025-03-30,in_b0182ec77d,913.87,Paid,N,N
CUST-1173,Redwood Contracting,Growth,Monthly,2025-04-29,in_c551b9eac3,892.36,Paid,N,N
CUST-1173,Redwood Contracting,Growth,Monthly,2025-05-07,in_83b88cefe7,889.57,Paid,N,N
CUST-1173,Redwood Contracting,Growth,Monthly,2025-06-09,in_c370b9df1d,873.69,Paid,N,N
CUST-1173,Redwood Contracting,Growth,Monthly,2025-07-31,in_a2a096c4f5,921.84,Paid,N,N
CUST-1173,Redwood Contracting,Growth,Monthly,2025-08-17,in_3329455271,874.18,Paid,N,N
CUST-1173,Redwood Contracting,Growth,Monthly,2025-09-28,in_1e7d41e054,922.46,Paid,N,N
CUST-1173,Redwood Contracting,Growth,Monthly,2025-10-17,in_4f5e8b1b28,876.03,Paid,N,N
CUST-1173,Redwood Contracting,Growth,Monthly,2025-11-17,in_b413f1b91d,877.45,Paid,N,N
CUST-1173,Redwood Contracting,Growth,Monthly,2025-12-15,in_48d30a0e23,917.73,Paid,N,N
CUST-1174,Summit Roofing,Enterprise,Monthly,2025-01-05,in_908e67c461,6998.41,Paid,Y,N
CUST-1174,Summit Roofing,Enterprise,Monthly,2025-02-02,in_b720c67df1,6973.19,Paid,N,N
CUST-1174,Summit Roofing,Enterprise,Monthly,2025-03-28,in_8a8cb43129,6977.11,Paid,N,N
CUST-1174,Summit Roofing,Enterprise,Monthly,2025-04-17,in_4eb5ce4126,6939.39,Paid,N,N
CUST-1174,Summit Roofing,Enterprise,Monthly,2025-05-09,in_7bdf825cd5,6847.01,Paid,N,N
CUST-1174,Summit Roofing,Enterprise,Monthly,2025-06-17,in_2bbd1dfa2b,6787.04,Paid,N,N
CUST-1174,Summit Roofing,Enterprise,Monthly,2025-07-15,in_4ab59c4ffe,6898.04,Paid,N,N
CUST-1174,Summit Roofing,Enterprise,Monthly,2025-08-11,in_725f884bb9,6765.5,Paid,N,N
CUST-1174,Summit Roofing,Enterprise,Monthly,2025-09-06,in_63f07bffd2,6603.06,Paid,N,N
CUST-1174,Summit Roofing,Enterprise,Monthly,2025-10-02,in_477ae25f86,6844.6,Paid,N,N
CUST-1174,Summit Roofing,Enterprise,Monthly,2025-11-12,in_ae94aae26d,6600.92,Paid,N,N
CUST-1174,Summit Roofing,Enterprise,Monthly,2025-12-22,in_e19841faab,6932.82,Paid,N,N
CUST-1175,Anchor Electrical Co,Pro,Monthly,2025-01-29,in_70514d5320,2457.35,Paid,Y,N
CUST-1175,Anchor Electrical Co,Pro,Monthly,2025-02-06,in_5d7f60010d,2460.18,Paid,N,N
CUST-1175,Anchor Electrical Co,Pro,Monthly,2025-03-30,in_6d0267f709,2562.22,Paid,N,N
CUST-1175,Anchor Electrical Co,Pro,Monthly,2025-04-24,in_1f1d124a70,2457.13,Paid,N,N
CUST-1175,Anchor Electrical Co,Pro,Monthly,2025-05-31,in_6a6f55ad17,2510.69,Paid,N,N
CUST-1175,Anchor Electrical Co,Pro,Monthly,2025-06-21,in_a666c60368,2506.31,Paid,N,N
CUST-1175,Anchor Electrical Co,Pro,Monthly,2025-07-02,in_4af81dcd32,2545.78,Paid,N,N
CUST-1175,Anchor Electrical Co,Pro,Monthly,2025-08-24,in_75bcc4a404,2447.21,Paid,N,N
CUST-1175,Anchor Electrical Co,Pro,Monthly,2025-09-13,in_68c11d22f8,2567.66,Paid,N,N
CUST-1175,Anchor Electrical Co,Pro,Monthly,2025-10-13,in_3c96b5d536,2481.13,Paid,N,N
CUST-1175,Anchor Electrical Co,Pro,Monthly,2025-11-09,in_b6f6324921,2542.57,Paid,N,N
CUST-1175,Anchor Electrical Co,Pro,Monthly,2025-12-23,in_44462e1ea5,2524.55,Paid,N,N
CUST-1176,Harbor Framing Co,Pro,Monthly,2025-04-23,in_4a5a84e9cf,2445.25,Paid,Y,N
CUST-1176,Harbor Framing Co,Pro,Monthly,2025-05-05,in_240bdb72c0,2536.4,Paid,N,N
CUST-1176,Harbor Framing Co,Pro,Monthly,2025-06-15,in_af86f4c7af,2493.57,Paid,N,N
CUST-1176,Harbor Framing Co,Pro,Monthly,2025-07-05,in_6805b88129,2502.64,Paid,N,N
CUST-1176,Harbor Framing Co,Pro,Monthly,2025-08-07,in_a3d9cfdb1a,2438.08,Paid,N,N
CUST-1176,Harbor Framing Co,Pro,Monthly,2025-09-08,in_3d81ec75ec,2475.14,Paid,N,N
CUST-1176,Harbor Framing Co,Pro,Monthly,2025-10-02,in_a0b5653167,2508.1,Paid,N,N
CUST-1176,Harbor Framing Co,Pro,Monthly,2025-11-14,in_899690f853,2445.74,Paid,N,N
CUST-1176,Harbor Framing Co,Pro,Monthly,2025-12-06,in_b803681abf,2532.04,Paid,N,N
CUST-1177,Wexford Trades Group,Growth,Monthly,2025-05-08,in_8b5e59c00a,915.19,Paid,Y,N
CUST-1177,Wexford Trades Group,Growth,Monthly,2025-06-03,in_a412a0388a,923.32,Paid,N,N
CUST-1177,Wexford Trades Group,Growth,Monthly,2025-07-03,in_8c675c1516,912.94,Paid,N,N
CUST-1177,Wexford Trades Group,Growth,Monthly,2025-08-18,in_32909f1a1f,925.25,Paid,N,N
CUST-1177,Wexford Trades Group,Growth,Monthly,2025-09-22,in_e010130185,881.9,Paid,N,N
CUST-1177,Wexford Trades Group,Growth,Monthly,2025-10-07,in_c37203adef,921.52,Paid,N,N
CUST-1177,Wexford Trades Group,Growth,Monthly,2025-11-03,in_b5e9812b4d,878.67,Paid,N,N
CUST-1177,Wexford Trades Group,Growth,Monthly,2025-12-29,in_7acda6cf71,885.11,Paid,N,N
CUST-1178,Marlow General Contractors,Pro,Monthly,2025-05-14,in_5b1d2de4d5,2513.8,Paid,Y,N
CUST-1178,Marlow General Contractors,Pro,Monthly,2025-06-06,in_a60a97583e,2509.45,Paid,N,N
CUST-1178,Marlow General Contractors,Pro,Monthly,2025-07-11,in_c4640f9a5f,2524.44,Paid,N,Y
CUST-1179,Alderwood General Contractors,Starter,Monthly,2025-03-15,in_8936a4078d,303.23,Paid,Y,N
CUST-1179,Alderwood General Contractors,Starter,Monthly,2025-04-06,in_32fd3e1fd2,306.5,Paid,N,N
CUST-1179,Alderwood General Contractors,Starter,Monthly,2025-05-14,in_900be137c6,299.38,Paid,N,N
CUST-1179,Alderwood General Contractors,Starter,Monthly,2025-06-18,in_935568198a,307.03,Paid,N,N
CUST-1179,Alderwood General Contractors,Starter,Monthly,2025-07-03,in_501b57dc53,290.08,Paid,N,N
CUST-1179,Alderwood General Contractors,Starter,Monthly,2025-08-15,in_d0759436da,303.65,Paid,N,N
CUST-1179,Alderwood General Contractors,Starter,Monthly,2025-09-22,in_82bb9a8425,292.26,Paid,N,N
CUST-1179,Alderwood General Contractors,Starter,Monthly,2025-10-27,in_8ca4660341,293.89,Paid,N,N
CUST-1179,Alderwood General Contractors,Starter,Monthly,2025-11-07,in_8c890be609,301.35,Paid,N,N
CUST-1179,Alderwood General Contractors,Starter,Monthly,2025-12-15,in_a737b489bd,299.45,Paid,N,N
CUST-1180,Foster Trades Group,Pro,Annual (prepaid),2025-05-02,in_487bd6244b,2564.05,Paid,Y,N
CUST-1180,Foster Trades Group,Pro,Annual (prepaid),2025-06-30,in_35c937f48e,2564.76,Paid,N,N
CUST-1180,Foster Trades Group,Pro,Annual (prepaid),2025-07-20,in_aebd089efe,2443.09,Paid,N,N
CUST-1180,Foster Trades Group,Pro,Annual (prepaid),2025-08-26,in_8035445df1,2550.51,Paid,N,N
CUST-1180,Foster Trades Group,Pro,Annual (prepaid),2025-09-21,in_227e7bdd62,2566.19,Failed,N,N
CUST-1180,Foster Trades Group,Pro,Annual (prepaid),2025-10-08,in_b6b0349a7b,2529.28,Paid,N,N
CUST-1180,Foster Trades Group,Pro,Annual (prepaid),2025-11-04,in_593de2e208,2528.45,Paid,N,N
CUST-1180,Foster Trades Group,Pro,Annual (prepaid),2025-12-18,in_3038073168,2565.62,Failed,N,N
CUST-1181,Highfield Construction,Growth,Monthly,2025-11-15,in_5057d5405d,899.54,Paid,Y,N
CUST-1181,Highfield Construction,Growth,Monthly,2025-12-22,in_d7e0afc3c9,886.9,Paid,N,N
CUST-1182,Redwood Construction,Growth,Monthly,2025-01-25,in_d8e1ad9289,909.87,Paid,Y,N
CUST-1182,Redwood Construction,Growth,Monthly,2025-02-16,in_e80eb8896a,924.95,Paid,N,N
CUST-1182,Redwood Construction,Growth,Monthly,2025-03-05,in_d5b5e0d422,886.15,Paid,N,N
CUST-1182,Redwood Construction,Growth,Monthly,2025-04-09,in_2ea4a89c60,872.48,Paid,N,N
CUST-1182,Redwood Construction,Growth,Monthly,2025-05-07,in_e5d8c5b047,875.91,Paid,N,N
CUST-1182,Redwood Construction,Growth,Monthly,2025-06-21,in_afde33a1f2,913.07,Paid,N,N
CUST-1182,Redwood Construction,Growth,Monthly,2025-07-04,in_a8db84b515,894.88,Paid,N,N
CUST-1182,Redwood Construction,Growth,Monthly,2025-08-08,in_3b2020cf81,888.47,Paid,N,N
CUST-1182,Redwood Construction,Growth,Monthly,2025-09-22,in_a77be5f3eb,873.68,Paid,N,N
CUST-1182,Redwood Construction,Growth,Monthly,2025-10-25,in_2bd109fe49,892.38,Paid,N,N
CUST-1182,Redwood Construction,Growth,Monthly,2025-11-02,in_5e30f92e0a,880.39,Paid,N,N
CUST-1182,Redwood Construction,Growth,Monthly,2025-12-19,in_4ff73f48e9,917.79,Paid,N,N
CUST-1183,Anchor Contracting,Enterprise,Monthly,2025-01-17,in_e65bcd95ae,6996.78,Paid,Y,N
CUST-1183,Anchor Contracting,Enterprise,Monthly,2025-02-16,in_499660fde1,6858.75,Paid,N,N
CUST-1183,Anchor Contracting,Enterprise,Monthly,2025-03-19,in_34f179857e,6952.06,Paid,N,N
CUST-1183,Anchor Contracting,Enterprise,Monthly,2025-04-06,in_1f5907fbbe,6822.68,Paid,N,N
CUST-1183,Anchor Contracting,Enterprise,Monthly,2025-05-20,in_9a9425002c,6751.56,Paid,N,N
CUST-1183,Anchor Contracting,Enterprise,Monthly,2025-06-11,in_a9fc595a07,6819.77,Paid,N,N
CUST-1183,Anchor Contracting,Enterprise,Monthly,2025-07-16,in_c014434916,6601.39,Paid,N,N
CUST-1183,Anchor Contracting,Enterprise,Monthly,2025-08-17,in_e2394b33da,6813.4,Paid,N,N
CUST-1183,Anchor Contracting,Enterprise,Monthly,2025-09-04,in_2b62b92489,6859.34,Paid,N,N
CUST-1183,Anchor Contracting,Enterprise,Monthly,2025-10-09,in_18a3f3877a,6820.38,Paid,N,N
CUST-1183,Anchor Contracting,Enterprise,Monthly,2025-11-18,in_5754600529,6878.31,Paid,N,N
CUST-1183,Anchor Contracting,Enterprise,Monthly,2025-12-25,in_68a0079ebf,6962.11,Paid,N,N
CUST-1184,Pinecrest Contracting,Pro,Annual (prepaid),2025-01-19,in_ab1722a9fd,2425.1,Paid,Y,N
CUST-1184,Pinecrest Contracting,Pro,Annual (prepaid),2025-02-19,in_e4273caa20,2479.59,Paid,N,N
CUST-1184,Pinecrest Contracting,Pro,Annual (prepaid),2025-03-17,in_9c408eda4b,2506.03,Paid,N,N
CUST-1184,Pinecrest Contracting,Pro,Annual (prepaid),2025-04-17,in_a47d8a9733,2432.56,Paid,N,N
CUST-1184,Pinecrest Contracting,Pro,Annual (prepaid),2025-05-01,in_20135153f9,2443.67,Paid,N,N
CUST-1184,Pinecrest Contracting,Pro,Annual (prepaid),2025-06-27,in_79435a2daa,2503.74,Paid,N,N
CUST-1184,Pinecrest Contracting,Pro,Annual (prepaid),2025-07-19,in_30c0c3dd40,2558.32,Paid,N,N
CUST-1184,Pinecrest Contracting,Pro,Annual (prepaid),2025-08-28,in_1c0f81de1c,2542.61,Paid,N,N
CUST-1184,Pinecrest Contracting,Pro,Annual (prepaid),2025-09-29,in_2238991388,2446.32,Paid,N,N
CUST-1184,Pinecrest Contracting,Pro,Annual (prepaid),2025-10-03,in_60bfaddf97,2436.31,Paid,N,N
CUST-1184,Pinecrest Contracting,Pro,Annual (prepaid),2025-11-22,in_b521e63119,2435.75,Paid,N,N
CUST-1184,Pinecrest Contracting,Pro,Annual (prepaid),2025-12-17,in_7433f26143,2427.3,Paid,N,Y
CUST-1185,Vantage Builders,Starter,Monthly,2025-01-14,in_567c68fa17,292.99,Paid,Y,N
CUST-1185,Vantage Builders,Starter,Monthly,2025-02-13,in_d2ca51233c,305.76,Paid,N,N
CUST-1185,Vantage Builders,Starter,Monthly,2025-03-12,in_8fa8dbf0bd,300.0,Paid,N,N
CUST-1185,Vantage Builders,Starter,Monthly,2025-04-01,in_acd69ae532,298.03,Paid,N,N
CUST-1185,Vantage Builders,Starter,Monthly,2025-05-19,in_38bb7c0ee1,307.93,Paid,N,N
CUST-1185,Vantage Builders,Starter,Monthly,2025-06-03,in_d41debfe5f,301.3,Paid,N,N
CUST-1185,Vantage Builders,Starter,Monthly,2025-07-13,in_ac625ae303,301.16,Paid,N,N
CUST-1185,Vantage Builders,Starter,Monthly,2025-08-20,in_b92a9d90a7,294.77,Paid,N,N
CUST-1185,Vantage Builders,Starter,Monthly,2025-09-18,in_9a3dc7e4b1,292.68,Paid,N,N
CUST-1185,Vantage Builders,Starter,Monthly,2025-10-31,in_be13ff81b4,296.82,Paid,N,N
CUST-1185,Vantage Builders,Starter,Monthly,2025-11-09,in_d73a6b2d49,307.27,Paid,N,N
CUST-1185,Vantage Builders,Starter,Monthly,2025-12-20,in_1cb8b7b807,305.76,Paid,N,N
CUST-1186,Marlow Electrical Co,Pro,Monthly,2025-01-08,in_df2f0bd824,2463.21,Paid,Y,N
CUST-1186,Marlow Electrical Co,Pro,Monthly,2025-02-24,in_d296e0fef5,2529.48,Paid,N,N
CUST-1186,Marlow Electrical Co,Pro,Monthly,2025-03-28,in_1974c24dbe,2565.1,Paid,N,N
CUST-1186,Marlow Electrical Co,Pro,Monthly,2025-04-22,in_388d923b6a,2505.68,Paid,N,N
CUST-1186,Marlow Electrical Co,Pro,Monthly,2025-05-24,in_3fa74d378e,2492.28,Paid,N,N
CUST-1186,Marlow Electrical Co,Pro,Monthly,2025-06-13,in_a6fd80c5a6,2531.64,Paid,N,N
CUST-1186,Marlow Electrical Co,Pro,Monthly,2025-07-05,in_5f973de985,2486.77,Paid,N,N
CUST-1186,Marlow Electrical Co,Pro,Monthly,2025-08-09,in_4445a75732,2480.59,Paid,N,N
CUST-1186,Marlow Electrical Co,Pro,Monthly,2025-09-23,in_4e930b8757,2560.78,Paid,N,N
CUST-1186,Marlow Electrical Co,Pro,Monthly,2025-10-13,in_3a83977e35,2531.08,Paid,N,N
CUST-1186,Marlow Electrical Co,Pro,Monthly,2025-11-30,in_5c340df4ee,2506.31,Paid,N,Y
CUST-1187,Fairmont Concrete,Starter,Monthly,2025-06-11,in_550a5ee54a,303.36,Paid,Y,N
CUST-1187,Fairmont Concrete,Starter,Monthly,2025-07-21,in_b284b696aa,303.7,Paid,N,N
CUST-1187,Fairmont Concrete,Starter,Monthly,2025-08-16,in_2baefb613b,303.87,Paid,N,N
CUST-1187,Fairmont Concrete,Starter,Monthly,2025-09-22,in_a0e27b2012,306.35,Paid,N,N
CUST-1187,Fairmont Concrete,Starter,Monthly,2025-10-26,in_c9898c0c3f,303.86,Paid,N,N
CUST-1187,Fairmont Concrete,Starter,Monthly,2025-11-03,in_5aa0a8a580,297.76,Paid,N,N
CUST-1187,Fairmont Concrete,Starter,Monthly,2025-12-14,in_8cd7a703c8,292.9,Paid,N,N
CUST-1188,Wexford Electrical Co,Pro,Monthly,2025-03-19,in_5eb6fe1d34,2505.88,Paid,Y,N
CUST-1188,Wexford Electrical Co,Pro,Monthly,2025-04-23,in_830c72fec4,2498.31,Paid,N,N
CUST-1188,Wexford Electrical Co,Pro,Monthly,2025-05-18,in_dd20ca482c,2547.62,Paid,N,N
CUST-1188,Wexford Electrical Co,Pro,Monthly,2025-06-21,in_c2c831955e,2506.73,Paid,N,N
CUST-1188,Wexford Electrical Co,Pro,Monthly,2025-07-02,in_b5b920bace,2461.1,Paid,N,N
CUST-1188,Wexford Electrical Co,Pro,Monthly,2025-08-24,in_8a64ccf3ae,2433.7,Paid,N,N
CUST-1188,Wexford Electrical Co,Pro,Monthly,2025-09-13,in_b7b270f73a,2569.71,Paid,N,N
CUST-1188,Wexford Electrical Co,Pro,Monthly,2025-10-24,in_76921dfb6e,2478.62,Paid,N,N
CUST-1188,Wexford Electrical Co,Pro,Monthly,2025-11-14,in_895d9934e6,2481.55,Paid,N,N
CUST-1188,Wexford Electrical Co,Pro,Monthly,2025-12-30,in_2028cd99de,2561.84,Paid,N,N
CUST-1189,Cobalt General Contractors,Growth,Annual (prepaid),2025-05-29,in_93f314ec4d,876.0,Paid,Y,N
CUST-1189,Cobalt General Contractors,Growth,Annual (prepaid),2025-06-26,in_a8396b1d89,911.26,Paid,N,N
CUST-1189,Cobalt General Contractors,Growth,Annual (prepaid),2025-07-19,in_dae9d3ee76,894.93,Paid,N,N
CUST-1189,Cobalt General Contractors,Growth,Annual (prepaid),2025-08-19,in_2658cad8cc,882.02,Paid,N,N
CUST-1189,Cobalt General Contractors,Growth,Annual (prepaid),2025-09-23,in_8a8bc47be7,878.93,Paid,N,N
CUST-1189,Cobalt General Contractors,Growth,Annual (prepaid),2025-10-22,in_e5e07e632d,923.85,Paid,N,N
CUST-1189,Cobalt General Contractors,Growth,Annual (prepaid),2025-11-21,in_2d9a2e880a,886.87,Paid,N,N
CUST-1189,Cobalt General Contractors,Growth,Annual (prepaid),2025-12-11,in_b2a14e2ae1,876.72,Paid,N,N
CUST-1190,Vantage Roofing,Pro,Monthly,2025-02-02,in_5090de0f22,2497.8,Paid,Y,N
CUST-1190,Vantage Roofing,Pro,Monthly,2025-03-18,in_25051616d4,2565.88,Paid,N,N
CUST-1190,Vantage Roofing,Pro,Monthly,2025-04-24,in_2d7fd75459,2478.81,Paid,N,N
CUST-1190,Vantage Roofing,Pro,Monthly,2025-05-06,in_8e05514b3c,2470.55,Paid,N,N
CUST-1190,Vantage Roofing,Pro,Monthly,2025-06-14,in_d450b98803,2555.52,Paid,N,N
CUST-1190,Vantage Roofing,Pro,Monthly,2025-07-12,in_78d6db9087,2550.71,Paid,N,N
CUST-1190,Vantage Roofing,Pro,Monthly,2025-08-27,in_83409305e3,2448.68,Paid,N,N
CUST-1190,Vantage Roofing,Pro,Monthly,2025-09-01,in_9ec23139d7,2449.02,Paid,N,N
CUST-1190,Vantage Roofing,Pro,Monthly,2025-10-31,in_ddeec48819,2509.19,Failed,N,N
CUST-1190,Vantage Roofing,Pro,Monthly,2025-11-29,in_7db8e21f73,2461.71,Paid,N,N
CUST-1190,Vantage Roofing,Pro,Monthly,2025-12-07,in_e8af669ebb,2465.73,Paid,N,N
CUST-1191,Brightline Roofing,Pro,Annual (prepaid),2025-02-03,in_c8bd52a83a,2496.79,Paid,Y,N
CUST-1191,Brightline Roofing,Pro,Annual (prepaid),2025-03-29,in_a27d295e8f,2515.2,Paid,N,N
CUST-1191,Brightline Roofing,Pro,Annual (prepaid),2025-04-20,in_7b5df7323a,2501.73,Paid,N,N
CUST-1191,Brightline Roofing,Pro,Annual (prepaid),2025-05-13,in_b5f294d21e,2468.59,Paid,N,N
CUST-1191,Brightline Roofing,Pro,Annual (prepaid),2025-06-14,in_e2bea8aebe,2513.36,Paid,N,N
CUST-1191,Brightline Roofing,Pro,Annual (prepaid),2025-07-19,in_b3fabc8eb1,2434.76,Paid,N,N
CUST-1191,Brightline Roofing,Pro,Annual (prepaid),2025-08-03,in_c60c2247db,2540.52,Paid,N,N
CUST-1191,Brightline Roofing,Pro,Annual (prepaid),2025-09-27,in_2e1c41ef72,2502.16,Paid,N,N
CUST-1191,Brightline Roofing,Pro,Annual (prepaid),2025-10-14,in_67205daea0,2462.7,Paid,N,N
CUST-1191,Brightline Roofing,Pro,Annual (prepaid),2025-11-22,in_a794735105,2440.34,Paid,N,Y
CUST-1192,Cobalt Electrical Co,Pro,Monthly,2025-01-18,in_9a5cc6b8d5,2439.9,Paid,Y,N
CUST-1192,Cobalt Electrical Co,Pro,Monthly,2025-02-02,in_ab5e7220cc,2512.51,Paid,N,N
CUST-1192,Cobalt Electrical Co,Pro,Monthly,2025-03-08,in_74fa6cf007,2485.88,Paid,N,N
CUST-1192,Cobalt Electrical Co,Pro,Monthly,2025-04-10,in_257df9945e,2520.79,Paid,N,N
CUST-1192,Cobalt Electrical Co,Pro,Monthly,2025-05-24,in_c7bd7fe8a4,2459.62,Paid,N,N
CUST-1192,Cobalt Electrical Co,Pro,Monthly,2025-06-06,in_bbd17d63c3,2569.77,Paid,N,N
CUST-1192,Cobalt Electrical Co,Pro,Monthly,2025-07-20,in_cc3ad52aa2,2442.68,Paid,N,N
CUST-1192,Cobalt Electrical Co,Pro,Monthly,2025-08-26,in_ce0fec0e51,2499.11,Paid,N,N
CUST-1192,Cobalt Electrical Co,Pro,Monthly,2025-09-27,in_941d011808,2514.83,Paid,N,Y
CUST-1193,Stonegate Construction,Starter,Monthly,2025-03-21,in_6b095b6f14,306.76,Paid,Y,N
CUST-1193,Stonegate Construction,Starter,Monthly,2025-04-18,in_b50210ece7,304.16,Paid,N,N
CUST-1193,Stonegate Construction,Starter,Monthly,2025-05-19,in_d0217fdf70,294.79,Paid,N,N
CUST-1193,Stonegate Construction,Starter,Monthly,2025-06-30,in_3318cc55aa,299.22,Paid,N,N
CUST-1193,Stonegate Construction,Starter,Monthly,2025-07-28,in_9a0bd0a593,294.94,Paid,N,N
CUST-1193,Stonegate Construction,Starter,Monthly,2025-08-21,in_c7e1f47125,303.94,Paid,N,N
CUST-1193,Stonegate Construction,Starter,Monthly,2025-09-30,in_e5e94c690c,293.87,Paid,N,N
CUST-1193,Stonegate Construction,Starter,Monthly,2025-10-12,in_b3932a934a,295.36,Paid,N,N
CUST-1193,Stonegate Construction,Starter,Monthly,2025-11-28,in_17a64267dd,292.0,Paid,N,N
CUST-1193,Stonegate Construction,Starter,Monthly,2025-12-16,in_913f683075,307.58,Paid,N,N
CUST-1194,Keystone Trades Group,Pro,Monthly,2025-03-12,in_90cad0858f,2484.12,Paid,Y,N
CUST-1194,Keystone Trades Group,Pro,Monthly,2025-04-05,in_776c0eca5b,2440.7,Failed,N,N
CUST-1194,Keystone Trades Group,Pro,Monthly,2025-05-17,in_7a00cad0ce,2438.75,Paid,N,N
CUST-1194,Keystone Trades Group,Pro,Monthly,2025-06-27,in_af8df3fa62,2523.09,Paid,N,N
CUST-1194,Keystone Trades Group,Pro,Monthly,2025-07-02,in_7c946957bd,2459.82,Paid,N,N
CUST-1194,Keystone Trades Group,Pro,Monthly,2025-08-28,in_70e1ef5789,2471.67,Paid,N,N
CUST-1194,Keystone Trades Group,Pro,Monthly,2025-09-15,in_5e6c1491a9,2539.26,Paid,N,N
CUST-1194,Keystone Trades Group,Pro,Monthly,2025-10-01,in_9103c27187,2480.95,Paid,N,N
CUST-1194,Keystone Trades Group,Pro,Monthly,2025-11-06,in_a7a410136d,2505.9,Failed,N,N
CUST-1194,Keystone Trades Group,Pro,Monthly,2025-12-26,in_65c8fee3cf,2535.25,Paid,N,N
CUST-1195,Cobalt Framing Co,Starter,Monthly,2025-04-16,in_3e46b9efda,296.61,Paid,Y,N
CUST-1195,Cobalt Framing Co,Starter,Monthly,2025-05-25,in_1bc0dbd96c,294.52,Paid,N,N
CUST-1195,Cobalt Framing Co,Starter,Monthly,2025-06-18,in_8a0181a5d1,302.8,Paid,N,N
CUST-1195,Cobalt Framing Co,Starter,Monthly,2025-07-07,in_bf2b2a0253,304.79,Paid,N,N
CUST-1195,Cobalt Framing Co,Starter,Monthly,2025-08-01,in_1e9cc78040,298.08,Paid,N,N
CUST-1195,Cobalt Framing Co,Starter,Monthly,2025-09-30,in_b6eca7a181,299.76,Paid,N,N
CUST-1195,Cobalt Framing Co,Starter,Monthly,2025-10-13,in_378acad730,290.92,Paid,N,N
CUST-1195,Cobalt Framing Co,Starter,Monthly,2025-11-04,in_7d9809cb23,290.25,Paid,N,N
CUST-1195,Cobalt Framing Co,Starter,Monthly,2025-12-23,in_c2f5551eb2,293.87,Paid,N,N
CUST-1196,Cobalt Concrete,Starter,Monthly,2025-01-29,in_d16c65149f,295.37,Paid,Y,N
CUST-1196,Cobalt Concrete,Starter,Monthly,2025-02-17,in_48f9944725,306.04,Paid,N,N
CUST-1196,Cobalt Concrete,Starter,Monthly,2025-03-26,in_d406c6e1bd,299.5,Paid,N,N
CUST-1196,Cobalt Concrete,Starter,Monthly,2025-04-06,in_19a7fc0543,306.48,Paid,N,N
CUST-1196,Cobalt Concrete,Starter,Monthly,2025-05-31,in_9d08fa7fc4,303.62,Paid,N,N
CUST-1196,Cobalt Concrete,Starter,Monthly,2025-06-08,in_9231d3ce02,293.32,Paid,N,N
CUST-1196,Cobalt Concrete,Starter,Monthly,2025-07-26,in_7b2101cc04,290.75,Failed,N,N
CUST-1196,Cobalt Concrete,Starter,Monthly,2025-08-30,in_acc9f85924,305.02,Paid,N,N
CUST-1196,Cobalt Concrete,Starter,Monthly,2025-09-20,in_47dab188b2,302.15,Paid,N,N
CUST-1196,Cobalt Concrete,Starter,Monthly,2025-10-11,in_a6e25ecaff,307.12,Paid,N,N
CUST-1196,Cobalt Concrete,Starter,Monthly,2025-11-26,in_a46b29e46f,292.04,Failed,N,Y
CUST-1197,Anchor Mechanical,Pro,Annual (prepaid),2025-03-19,in_b2d38cf7e6,2554.05,Paid,Y,N
CUST-1197,Anchor Mechanical,Pro,Annual (prepaid),2025-04-14,in_2318f40c43,2476.48,Paid,N,N
CUST-1197,Anchor Mechanical,Pro,Annual (prepaid),2025-05-20,in_47d75aa5b4,2503.41,Paid,N,N
CUST-1197,Anchor Mechanical,Pro,Annual (prepaid),2025-06-21,in_54666fa6f4,2537.57,Paid,N,N
CUST-1197,Anchor Mechanical,Pro,Annual (prepaid),2025-07-08,in_dbc8b93617,2502.23,Paid,N,N
CUST-1197,Anchor Mechanical,Pro,Annual (prepaid),2025-08-19,in_80f09e538a,2496.89,Paid,N,N
CUST-1197,Anchor Mechanical,Pro,Annual (prepaid),2025-09-20,in_8afb406ad4,2430.32,Paid,N,N
CUST-1197,Anchor Mechanical,Pro,Annual (prepaid),2025-10-28,in_54999d0b37,2497.8,Paid,N,N
CUST-1197,Anchor Mechanical,Pro,Annual (prepaid),2025-11-01,in_7ed749d8e5,2541.48,Paid,N,N
CUST-1197,Anchor Mechanical,Pro,Annual (prepaid),2025-12-12,in_e7d173a3d5,2519.53,Paid,N,N
CUST-1198,Pinecrest General Contractors,Growth,Monthly,2025-03-24,in_3ccfe3f8e4,919.67,Paid,Y,N
CUST-1198,Pinecrest General Contractors,Growth,Monthly,2025-04-06,in_904adb5d28,898.3,Paid,N,N
CUST-1198,Pinecrest General Contractors,Growth,Monthly,2025-05-01,in_ad93013602,919.08,Paid,N,N
CUST-1198,Pinecrest General Contractors,Growth,Monthly,2025-06-09,in_4df081c0b6,923.07,Paid,N,N
CUST-1198,Pinecrest General Contractors,Growth,Monthly,2025-07-09,in_85986e7098,883.57,Paid,N,N
CUST-1198,Pinecrest General Contractors,Growth,Monthly,2025-08-08,in_ceab180b7b,887.13,Paid,N,N
CUST-1198,Pinecrest General Contractors,Growth,Monthly,2025-09-07,in_4aca02b384,879.68,Paid,N,N
CUST-1198,Pinecrest General Contractors,Growth,Monthly,2025-10-23,in_3b6a204b06,893.77,Paid,N,N
CUST-1198,Pinecrest General Contractors,Growth,Monthly,2025-11-20,in_5ab7a60f4c,903.93,Paid,N,N
CUST-1198,Pinecrest General Contractors,Growth,Monthly,2025-12-19,in_795a1a032d,887.78,Paid,N,N
CUST-1199,Harbor Construction,Starter,Monthly,2025-03-20,in_1c12345669,297.2,Paid,Y,N
CUST-1199,Harbor Construction,Starter,Monthly,2025-04-17,in_32d0bb81b1,297.2,Paid,N,N
CUST-1199,Harbor Construction,Starter,Monthly,2025-05-24,in_1e74d13afa,299.37,Paid,N,N
CUST-1199,Harbor Construction,Starter,Monthly,2025-06-25,in_d27886113b,298.7,Paid,N,N
CUST-1199,Harbor Construction,Starter,Monthly,2025-07-21,in_7bcb0235de,305.08,Paid,N,N
CUST-1199,Harbor Construction,Starter,Monthly,2025-08-23,in_66d75cfd9e,292.79,Paid,N,N
CUST-1199,Harbor Construction,Starter,Monthly,2025-09-04,in_7de63f9bc6,300.54,Paid,N,N
CUST-1199,Harbor Construction,Starter,Monthly,2025-10-21,in_2abd112d62,304.1,Paid,N,N
CUST-1199,Harbor Construction,Starter,Monthly,2025-11-05,in_5a43cf3b20,293.64,Failed,N,N
CUST-1199,Harbor Construction,Starter,Monthly,2025-12-20,in_5e44e65d9e,303.5,Paid,N,N
CUST-1200,Summit Trades Group,Pro,Monthly,2025-02-28,in_1fbc38c20e,2457.23,Paid,Y,N
CUST-1200,Summit Trades Group,Pro,Monthly,2025-03-28,in_506231f571,2449.44,Paid,N,N
CUST-1200,Summit Trades Group,Pro,Monthly,2025-04-24,in_6ed93ddff1,2506.92,Paid,N,N
CUST-1200,Summit Trades Group,Pro,Monthly,2025-05-01,in_a112dd038f,2525.8,Paid,N,N
CUST-1200,Summit Trades Group,Pro,Monthly,2025-06-16,in_74cde4d6b0,2552.02,Paid,N,N
CUST-1200,Summit Trades Group,Pro,Monthly,2025-07-29,in_b8d3b4f631,2536.24,Paid,N,N
CUST-1200,Summit Trades Group,Pro,Monthly,2025-08-25,in_79a2619b72,2515.35,Paid,N,N
CUST-1200,Summit Trades Group,Pro,Monthly,2025-09-15,in_de94239d98,2430.99,Paid,N,N
CUST-1200,Summit Trades Group,Pro,Monthly,2025-10-03,in_845c8016b2,2559.19,Paid,N,N
CUST-1200,Summit Trades Group,Pro,Monthly,2025-11-03,in_722370d0a0,2428.56,Paid,N,N
CUST-1200,Summit Trades Group,Pro,Monthly,2025-12-09,in_4f99b3f8ce,2565.81,Paid,N,N
CUST-1201,Anchor Builders,Pro,Monthly,2025-01-22,in_5693dbcaad,2424.99,Paid,Y,N
CUST-1201,Anchor Builders,Pro,Monthly,2025-02-01,in_cf27728c76,2570.79,Paid,N,N
CUST-1201,Anchor Builders,Pro,Monthly,2025-03-11,in_4b1d3b19d2,2519.91,Paid,N,N
CUST-1201,Anchor Builders,Pro,Monthly,2025-04-16,in_506a7b7ee3,2514.75,Paid,N,N
CUST-1201,Anchor Builders,Pro,Monthly,2025-05-25,in_8ded1cbbc5,2531.2,Paid,N,N
CUST-1201,Anchor Builders,Pro,Monthly,2025-06-20,in_45f5135482,2425.54,Paid,N,N
CUST-1201,Anchor Builders,Pro,Monthly,2025-07-22,in_46740bf0f4,2484.43,Paid,N,N
CUST-1201,Anchor Builders,Pro,Monthly,2025-08-12,in_de39430101,2492.27,Paid,N,N
CUST-1201,Anchor Builders,Pro,Monthly,2025-09-04,in_8cdbfe4d3a,2501.79,Paid,N,N
CUST-1201,Anchor Builders,Pro,Monthly,2025-10-02,in_e1bbe97360,2486.89,Paid,N,N
CUST-1201,Anchor Builders,Pro,Monthly,2025-11-26,in_899e8bf793,2513.05,Paid,N,N
CUST-1201,Anchor Builders,Pro,Monthly,2025-12-09,in_a18749e106,2490.39,Paid,N,N
CUST-1202,Brightline Construction,Growth,Monthly,2025-02-02,in_e1c9d9ac11,916.25,Paid,Y,N
CUST-1202,Brightline Construction,Growth,Monthly,2025-03-27,in_3baf8cad3c,914.24,Paid,N,N
CUST-1202,Brightline Construction,Growth,Monthly,2025-04-30,in_1eebc4742b,877.87,Paid,N,N
CUST-1202,Brightline Construction,Growth,Monthly,2025-05-17,in_dae8d8ec07,872.86,Paid,N,N
CUST-1202,Brightline Construction,Growth,Monthly,2025-06-15,in_ca87c56404,892.42,Paid,N,N
CUST-1202,Brightline Construction,Growth,Monthly,2025-07-11,in_277e93d5ef,885.35,Paid,N,N
CUST-1202,Brightline Construction,Growth,Monthly,2025-08-06,in_e5d003a449,892.26,Paid,N,N
CUST-1202,Brightline Construction,Growth,Monthly,2025-09-25,in_517e96b668,914.91,Paid,N,N
CUST-1202,Brightline Construction,Growth,Monthly,2025-10-17,in_4505f05b89,900.95,Paid,N,N
CUST-1202,Brightline Construction,Growth,Monthly,2025-11-20,in_461e2be6b9,889.05,Failed,N,N
CUST-1202,Brightline Construction,Growth,Monthly,2025-12-09,in_de7425cc7f,907.12,Paid,N,N
CUST-1203,Redwood Trades Group,Enterprise,Monthly,2025-01-18,in_33a4be63e3,6624.51,Paid,Y,N
CUST-1203,Redwood Trades Group,Enterprise,Monthly,2025-02-21,in_276b9fcee9,6763.4,Paid,N,N
CUST-1203,Redwood Trades Group,Enterprise,Monthly,2025-03-15,in_b84ee2513b,6914.87,Paid,N,N
CUST-1203,Redwood Trades Group,Enterprise,Monthly,2025-04-04,in_25f76d2212,6817.21,Paid,N,N
CUST-1203,Redwood Trades Group,Enterprise,Monthly,2025-05-21,in_3fa1080591,6777.22,Failed,N,N
CUST-1203,Redwood Trades Group,Enterprise,Monthly,2025-06-03,in_4ed161c7b6,6958.71,Paid,N,N
CUST-1203,Redwood Trades Group,Enterprise,Monthly,2025-07-13,in_1d7992a73e,6817.98,Paid,N,N
CUST-1203,Redwood Trades Group,Enterprise,Monthly,2025-08-03,in_1d2d33f53b,6985.79,Paid,N,N
CUST-1203,Redwood Trades Group,Enterprise,Monthly,2025-09-19,in_e7821ab138,6633.56,Paid,N,N
CUST-1203,Redwood Trades Group,Enterprise,Monthly,2025-10-25,in_3e425ff24c,6809.43,Failed,N,N
CUST-1203,Redwood Trades Group,Enterprise,Monthly,2025-11-14,in_6880a4ebd8,6993.41,Paid,N,N
CUST-1203,Redwood Trades Group,Enterprise,Monthly,2025-12-20,in_8d380d8d83,6694.92,Paid,N,N
CUST-1204,Redwood Electrical Co,Pro,Monthly,2025-04-12,in_59fe5190d0,2515.01,Paid,Y,N
CUST-1204,Redwood Electrical Co,Pro,Monthly,2025-05-17,in_3bb2388f78,2564.24,Paid,N,N
CUST-1204,Redwood Electrical Co,Pro,Monthly,2025-06-15,in_327f0975af,2461.82,Paid,N,N
CUST-1204,Redwood Electrical Co,Pro,Monthly,2025-07-19,in_9aaea4e788,2555.66,Paid,N,N
CUST-1204,Redwood Electrical Co,Pro,Monthly,2025-08-10,in_e3c1f14bc5,2517.3,Paid,N,N
CUST-1204,Redwood Electrical Co,Pro,Monthly,2025-09-25,in_5192ec6b79,2441.75,Paid,N,Y
CUST-1205,Foster Trades Group,Starter,Monthly,2025-02-12,in_b8268fbfc6,292.11,Paid,Y,N
CUST-1205,Foster Trades Group,Starter,Monthly,2025-03-18,in_705de0fd87,304.7,Paid,N,N
CUST-1205,Foster Trades Group,Starter,Monthly,2025-04-18,in_48f8e65c9a,295.17,Paid,N,N
CUST-1205,Foster Trades Group,Starter,Monthly,2025-05-18,in_82309562f8,298.95,Failed,N,N
CUST-1205,Foster Trades Group,Starter,Monthly,2025-06-05,in_7f59bb07b2,305.58,Refunded,N,N
CUST-1205,Foster Trades Group,Starter,Monthly,2025-07-15,in_d9b3187a17,298.37,Paid,N,N
CUST-1205,Foster Trades Group,Starter,Monthly,2025-08-20,in_9e96f1f4e4,292.35,Paid,N,N
CUST-1205,Foster Trades Group,Starter,Monthly,2025-09-07,in_2c5db8ca66,305.55,Paid,N,N
CUST-1205,Foster Trades Group,Starter,Monthly,2025-10-25,in_8618a40c9f,301.21,Paid,N,N
CUST-1205,Foster Trades Group,Starter,Monthly,2025-11-07,in_b3cc7416d0,296.98,Paid,N,N
CUST-1205,Foster Trades Group,Starter,Monthly,2025-12-07,in_db4eaa20ea,307.42,Paid,N,N
CUST-1206,Vantage Electrical Co,Starter,Monthly,2025-02-04,in_8dce8aa352,297.8,Paid,Y,N
CUST-1206,Vantage Electrical Co,Starter,Monthly,2025-03-31,in_b934c94807,290.6,Paid,N,N
CUST-1206,Vantage Electrical Co,Starter,Monthly,2025-04-13,in_c0feeda24a,291.08,Paid,N,N
CUST-1206,Vantage Electrical Co,Starter,Monthly,2025-05-18,in_28a90c983b,292.13,Paid,N,N
CUST-1206,Vantage Electrical Co,Starter,Monthly,2025-06-27,in_8bdc8a9108,296.11,Paid,N,N
CUST-1206,Vantage Electrical Co,Starter,Monthly,2025-07-25,in_a0891a8999,294.94,Paid,N,N
CUST-1206,Vantage Electrical Co,Starter,Monthly,2025-08-11,in_7372d8c54c,300.77,Paid,N,N
CUST-1206,Vantage Electrical Co,Starter,Monthly,2025-09-13,in_d72c6846cd,290.73,Paid,N,N
CUST-1206,Vantage Electrical Co,Starter,Monthly,2025-10-13,in_cd635d531b,305.86,Paid,N,N
CUST-1206,Vantage Electrical Co,Starter,Monthly,2025-11-28,in_c161650bde,303.66,Paid,N,N
CUST-1206,Vantage Electrical Co,Starter,Monthly,2025-12-16,in_64242c1685,291.81,Paid,N,N
CUST-1207,Ridgeline Mechanical,Starter,Monthly,2025-02-18,in_58701bfd08,303.97,Paid,Y,N
CUST-1207,Ridgeline Mechanical,Starter,Monthly,2025-03-22,in_5b5a039636,305.27,Paid,N,N
CUST-1207,Ridgeline Mechanical,Starter,Monthly,2025-04-12,in_3e5e0cc0e5,295.92,Paid,N,N
CUST-1207,Ridgeline Mechanical,Starter,Monthly,2025-05-03,in_6b19df7cec,302.15,Paid,N,N
CUST-1207,Ridgeline Mechanical,Starter,Monthly,2025-06-22,in_52e37561fe,293.37,Refunded,N,N
CUST-1207,Ridgeline Mechanical,Starter,Monthly,2025-07-07,in_673bbe403b,307.35,Paid,N,N
CUST-1207,Ridgeline Mechanical,Starter,Monthly,2025-08-17,in_d0e1928edd,290.89,Paid,N,N
CUST-1207,Ridgeline Mechanical,Starter,Monthly,2025-09-15,in_2b0a129ae7,304.63,Paid,N,N
CUST-1207,Ridgeline Mechanical,Starter,Monthly,2025-10-29,in_c057db2cf6,307.69,Paid,N,N
CUST-1207,Ridgeline Mechanical,Starter,Monthly,2025-11-27,in_5064164c36,300.53,Paid,N,N
CUST-1207,Ridgeline Mechanical,Starter,Monthly,2025-12-26,in_b5b37cc35f,293.47,Paid,N,N
CUST-1208,Anchor Framing Co,Starter,Annual (prepaid),2025-01-27,in_20c0b3e452,297.17,Paid,Y,N
CUST-1208,Anchor Framing Co,Starter,Annual (prepaid),2025-02-26,in_d6ff16473d,301.01,Paid,N,N
CUST-1208,Anchor Framing Co,Starter,Annual (prepaid),2025-03-11,in_8922a05e72,304.0,Paid,N,N
CUST-1208,Anchor Framing Co,Starter,Annual (prepaid),2025-04-16,in_cabf905da5,292.33,Paid,N,N
CUST-1208,Anchor Framing Co,Starter,Annual (prepaid),2025-05-09,in_72b507fde5,292.73,Paid,N,N
CUST-1208,Anchor Framing Co,Starter,Annual (prepaid),2025-06-06,in_e35cb1c6de,302.81,Paid,N,N
CUST-1208,Anchor Framing Co,Starter,Annual (prepaid),2025-07-22,in_a32b298439,294.67,Paid,N,N
CUST-1208,Anchor Framing Co,Starter,Annual (prepaid),2025-08-20,in_76c97401ed,301.36,Paid,N,N
CUST-1208,Anchor Framing Co,Starter,Annual (prepaid),2025-09-01,in_d1036206b6,301.67,Paid,N,N
CUST-1208,Anchor Framing Co,Starter,Annual (prepaid),2025-10-29,in_d33974ec29,291.19,Paid,N,N
CUST-1208,Anchor Framing Co,Starter,Annual (prepaid),2025-11-07,in_c187419b5e,291.28,Paid,N,N
CUST-1208,Anchor Framing Co,Starter,Annual (prepaid),2025-12-31,in_b549b728f6,302.02,Paid,N,N
CUST-1209,Ridgeline General Contractors,Starter,Monthly,2025-02-24,in_4683127ec3,305.86,Paid,Y,N
CUST-1209,Ridgeline General Contractors,Starter,Monthly,2025-03-31,in_d032560651,306.78,Failed,N,N
CUST-1209,Ridgeline General Contractors,Starter,Monthly,2025-04-25,in_7e35692eae,307.13,Paid,N,N
CUST-1209,Ridgeline General Contractors,Starter,Monthly,2025-05-17,in_db222626a9,298.07,Paid,N,N
CUST-1209,Ridgeline General Contractors,Starter,Monthly,2025-06-16,in_b6ab32fa84,305.07,Paid,N,N
CUST-1209,Ridgeline General Contractors,Starter,Monthly,2025-07-19,in_d0e5efc19c,293.77,Paid,N,N
CUST-1209,Ridgeline General Contractors,Starter,Monthly,2025-08-22,in_5011b74f26,307.35,Paid,N,N
CUST-1209,Ridgeline General Contractors,Starter,Monthly,2025-09-05,in_d503051dfa,301.8,Paid,N,N
CUST-1209,Ridgeline General Contractors,Starter,Monthly,2025-10-11,in_be9849469b,291.42,Paid,N,N
CUST-1209,Ridgeline General Contractors,Starter,Monthly,2025-11-10,in_3e6a14cd5e,299.9,Paid,N,N
CUST-1209,Ridgeline General Contractors,Starter,Monthly,2025-12-17,in_6c2767a99f,304.48,Paid,N,N
CUST-1210,Alderwood Contracting,Pro,Monthly,2025-09-27,in_ba0e80beff,2426.85,Paid,Y,N
CUST-1210,Alderwood Contracting,Pro,Monthly,2025-10-06,in_4ea8bfcbc4,2456.69,Paid,N,N
CUST-1210,Alderwood Contracting,Pro,Monthly,2025-11-23,in_db5bbfdfc0,2537.5,Paid,N,N
CUST-1210,Alderwood Contracting,Pro,Monthly,2025-12-28,in_64d951aa60,2447.87,Paid,N,N
CUST-1211,Alderwood Framing Co,Pro,Annual (prepaid),2025-03-02,in_348b413cfa,2430.48,Paid,Y,N
CUST-1211,Alderwood Framing Co,Pro,Annual (prepaid),2025-04-15,in_7aee2c2c9c,2545.41,Paid,N,N
CUST-1211,Alderwood Framing Co,Pro,Annual (prepaid),2025-05-04,in_df5ddcb5c3,2448.65,Paid,N,N
CUST-1211,Alderwood Framing Co,Pro,Annual (prepaid),2025-06-18,in_8a17165064,2462.64,Paid,N,N
CUST-1211,Alderwood Framing Co,Pro,Annual (prepaid),2025-07-10,in_1a4f26ba9b,2505.66,Paid,N,N
CUST-1211,Alderwood Framing Co,Pro,Annual (prepaid),2025-08-12,in_a0b48e61fc,2558.66,Paid,N,N
CUST-1211,Alderwood Framing Co,Pro,Annual (prepaid),2025-09-07,in_905be8e229,2523.74,Paid,N,N
CUST-1211,Alderwood Framing Co,Pro,Annual (prepaid),2025-10-27,in_8bbef86e59,2440.4,Paid,N,N
CUST-1211,Alderwood Framing Co,Pro,Annual (prepaid),2025-11-02,in_bd377119b9,2547.16,Paid,N,N
CUST-1211,Alderwood Framing Co,Pro,Annual (prepaid),2025-12-19,in_4b687a666c,2444.76,Failed,N,N
CUST-1212,Stonegate Construction,Growth,Annual (prepaid),2025-02-26,in_1d8c6b935c,875.79,Paid,Y,N
CUST-1212,Stonegate Construction,Growth,Annual (prepaid),2025-03-29,in_1a53a157c7,892.39,Paid,N,N
CUST-1212,Stonegate Construction,Growth,Annual (prepaid),2025-04-16,in_6589437c1e,904.72,Paid,N,N
CUST-1212,Stonegate Construction,Growth,Annual (prepaid),2025-05-02,in_b75d2335d0,883.14,Paid,N,N
CUST-1212,Stonegate Construction,Growth,Annual (prepaid),2025-06-30,in_3c132c7cf3,890.71,Paid,N,N
CUST-1212,Stonegate Construction,Growth,Annual (prepaid),2025-07-22,in_b75b095a58,900.65,Paid,N,N
CUST-1212,Stonegate Construction,Growth,Annual (prepaid),2025-08-05,in_669ff7bcd4,897.99,Paid,N,N
CUST-1212,Stonegate Construction,Growth,Annual (prepaid),2025-09-20,in_47d30160fc,908.06,Paid,N,N
CUST-1212,Stonegate Construction,Growth,Annual (prepaid),2025-10-24,in_3ff6346215,921.13,Paid,N,N
CUST-1212,Stonegate Construction,Growth,Annual (prepaid),2025-11-11,in_6068f892e3,884.17,Paid,N,N
CUST-1212,Stonegate Construction,Growth,Annual (prepaid),2025-12-27,in_65c2b84214,879.54,Paid,N,N
CUST-1213,Anchor Construction,Starter,Annual (prepaid),2025-02-17,in_7d2260b41b,303.44,Paid,Y,N
CUST-1213,Anchor Construction,Starter,Annual (prepaid),2025-03-18,in_3eae232567,306.94,Paid,N,N
CUST-1213,Anchor Construction,Starter,Annual (prepaid),2025-04-20,in_7b8035e034,291.8,Paid,N,N
CUST-1213,Anchor Construction,Starter,Annual (prepaid),2025-05-25,in_c2768addc2,307.62,Paid,N,N
CUST-1213,Anchor Construction,Starter,Annual (prepaid),2025-06-04,in_9c911e16d7,290.62,Refunded,N,N
CUST-1213,Anchor Construction,Starter,Annual (prepaid),2025-07-30,in_6514644812,304.87,Paid,N,N
CUST-1213,Anchor Construction,Starter,Annual (prepaid),2025-08-10,in_a1c2c6bfdd,291.92,Paid,N,N
CUST-1213,Anchor Construction,Starter,Annual (prepaid),2025-09-06,in_640908a54d,302.73,Paid,N,N
CUST-1213,Anchor Construction,Starter,Annual (prepaid),2025-10-01,in_d6991949f8,300.08,Paid,N,N
CUST-1213,Anchor Construction,Starter,Annual (prepaid),2025-11-27,in_8ca9952cee,299.05,Paid,N,N
CUST-1213,Anchor Construction,Starter,Annual (prepaid),2025-12-31,in_57cabc4834,306.74,Paid,N,N
CUST-1214,Wexford Builders,Enterprise,Monthly,2025-01-01,in_29bed05b54,6961.75,Paid,Y,N
CUST-1214,Wexford Builders,Enterprise,Monthly,2025-02-02,in_55ba77a91e,6920.81,Paid,N,N
CUST-1214,Wexford Builders,Enterprise,Monthly,2025-03-15,in_d7d94ccec1,6977.56,Paid,N,N
CUST-1214,Wexford Builders,Enterprise,Monthly,2025-04-17,in_944418857f,6807.76,Paid,N,N
CUST-1214,Wexford Builders,Enterprise,Monthly,2025-05-24,in_b9e2758208,6761.58,Paid,N,N
CUST-1214,Wexford Builders,Enterprise,Monthly,2025-06-17,in_3a214c0470,6763.87,Paid,N,N
CUST-1214,Wexford Builders,Enterprise,Monthly,2025-07-19,in_985d40a346,6630.82,Paid,N,N
CUST-1214,Wexford Builders,Enterprise,Monthly,2025-08-28,in_7e877b3b08,6761.95,Paid,N,N
CUST-1214,Wexford Builders,Enterprise,Monthly,2025-09-22,in_212f63ea1a,6709.62,Paid,N,N
CUST-1214,Wexford Builders,Enterprise,Monthly,2025-10-05,in_61b415ad2e,6811.06,Paid,N,N
CUST-1214,Wexford Builders,Enterprise,Monthly,2025-11-18,in_7407451741,6646.23,Failed,N,N
CUST-1214,Wexford Builders,Enterprise,Monthly,2025-12-22,in_992854accc,6902.07,Paid,N,N
CUST-1215,Fairmont Framing Co,Growth,Monthly,2025-02-20,in_2b76a57a2a,873.84,Paid,Y,N
CUST-1215,Fairmont Framing Co,Growth,Monthly,2025-03-29,in_7addeef2b3,908.52,Paid,N,N
CUST-1215,Fairmont Framing Co,Growth,Monthly,2025-04-24,in_c16945c373,904.14,Paid,N,N
CUST-1215,Fairmont Framing Co,Growth,Monthly,2025-05-19,in_4c7fcef746,905.2,Paid,N,N
CUST-1215,Fairmont Framing Co,Growth,Monthly,2025-06-29,in_419625f5ab,922.87,Paid,N,N
CUST-1215,Fairmont Framing Co,Growth,Monthly,2025-07-03,in_2ff75b19ea,917.22,Failed,N,N
CUST-1215,Fairmont Framing Co,Growth,Monthly,2025-08-18,in_becb341ced,924.18,Paid,N,N
CUST-1215,Fairmont Framing Co,Growth,Monthly,2025-09-26,in_668dbf8069,873.28,Paid,N,N
CUST-1215,Fairmont Framing Co,Growth,Monthly,2025-10-05,in_62158d5a3f,888.66,Paid,N,N
CUST-1215,Fairmont Framing Co,Growth,Monthly,2025-11-13,in_c52ac40e30,887.39,Paid,N,N
CUST-1215,Fairmont Framing Co,Growth,Monthly,2025-12-09,in_998baf93aa,900.75,Paid,N,N
CUST-1216,Anchor General Contractors,Growth,Monthly,2025-04-23,in_353673fdcf,899.84,Paid,Y,N
CUST-1216,Anchor General Contractors,Growth,Monthly,2025-05-19,in_a4f4a564a0,882.62,Paid,N,N
CUST-1216,Anchor General Contractors,Growth,Monthly,2025-06-20,in_72dc9d24d6,906.09,Paid,N,N
CUST-1216,Anchor General Contractors,Growth,Monthly,2025-07-24,in_de10df2788,877.16,Paid,N,N
CUST-1216,Anchor General Contractors,Growth,Monthly,2025-08-22,in_66e3a31c5a,920.72,Paid,N,N
CUST-1216,Anchor General Contractors,Growth,Monthly,2025-09-10,in_a684efdd39,899.78,Paid,N,N
CUST-1216,Anchor General Contractors,Growth,Monthly,2025-10-17,in_55bd45c996,893.43,Paid,N,N
CUST-1216,Anchor General Contractors,Growth,Monthly,2025-11-29,in_46d4294730,902.48,Paid,N,N
CUST-1216,Anchor General Contractors,Growth,Monthly,2025-12-27,in_b9249840fd,918.41,Paid,N,N
CUST-1217,Brightline Roofing,Pro,Annual (prepaid),2025-02-02,in_4a041c85f9,2566.38,Paid,Y,N
CUST-1217,Brightline Roofing,Pro,Annual (prepaid),2025-03-02,in_db952cfa30,2448.7,Failed,N,N
CUST-1217,Brightline Roofing,Pro,Annual (prepaid),2025-04-09,in_bae25ae9a5,2507.33,Paid,N,N
CUST-1217,Brightline Roofing,Pro,Annual (prepaid),2025-05-26,in_60ad61cfd7,2439.17,Paid,N,N
CUST-1217,Brightline Roofing,Pro,Annual (prepaid),2025-06-26,in_c697a66009,2571.2,Paid,N,N
CUST-1217,Brightline Roofing,Pro,Annual (prepaid),2025-07-10,in_b0022d3877,2508.72,Failed,N,N
CUST-1217,Brightline Roofing,Pro,Annual (prepaid),2025-08-20,in_67664a6458,2451.16,Paid,N,N
CUST-1217,Brightline Roofing,Pro,Annual (prepaid),2025-09-15,in_1a76c3631b,2499.14,Paid,N,N
CUST-1217,Brightline Roofing,Pro,Annual (prepaid),2025-10-31,in_dd4696f201,2562.5,Paid,N,N
CUST-1217,Brightline Roofing,Pro,Annual (prepaid),2025-11-19,in_4b7ce5d839,2494.57,Paid,N,N
CUST-1217,Brightline Roofing,Pro,Annual (prepaid),2025-12-23,in_1ad320790f,2533.58,Paid,N,N
CUST-1218,Vantage Mechanical,Pro,Annual (prepaid),2025-03-23,in_b96584a85b,2551.25,Paid,Y,N
CUST-1218,Vantage Mechanical,Pro,Annual (prepaid),2025-04-09,in_e008cd4fe3,2441.47,Paid,N,N
CUST-1218,Vantage Mechanical,Pro,Annual (prepaid),2025-05-03,in_4b12abc88d,2455.43,Paid,N,N
CUST-1218,Vantage Mechanical,Pro,Annual (prepaid),2025-06-17,in_a057908081,2568.83,Paid,N,N
CUST-1218,Vantage Mechanical,Pro,Annual (prepaid),2025-07-17,in_e7ae58c889,2533.1,Paid,N,N
CUST-1218,Vantage Mechanical,Pro,Annual (prepaid),2025-08-04,in_65848799d6,2569.72,Paid,N,N
CUST-1218,Vantage Mechanical,Pro,Annual (prepaid),2025-09-13,in_3f7ea97060,2549.74,Paid,N,N
CUST-1218,Vantage Mechanical,Pro,Annual (prepaid),2025-10-15,in_b280d73c31,2567.82,Paid,N,N
CUST-1218,Vantage Mechanical,Pro,Annual (prepaid),2025-11-20,in_d570c4401a,2573.28,Paid,N,N
CUST-1218,Vantage Mechanical,Pro,Annual (prepaid),2025-12-30,in_d106cec18b,2491.65,Paid,N,N
CUST-1219,Brightline Framing Co,Growth,Monthly,2025-03-12,in_c277d1956a,909.96,Paid,Y,N
CUST-1219,Brightline Framing Co,Growth,Monthly,2025-04-09,in_591ac0b7a9,874.92,Paid,N,N
CUST-1219,Brightline Framing Co,Growth,Monthly,2025-05-21,in_4596f75aff,883.45,Paid,N,N
CUST-1219,Brightline Framing Co,Growth,Monthly,2025-06-26,in_68b65a8a44,882.84,Paid,N,N
CUST-1219,Brightline Framing Co,Growth,Monthly,2025-07-16,in_4993949ab2,873.22,Paid,N,N
CUST-1219,Brightline Framing Co,Growth,Monthly,2025-08-15,in_1d49ef63f5,910.66,Paid,N,N
CUST-1219,Brightline Framing Co,Growth,Monthly,2025-09-27,in_5fc946c90d,906.53,Paid,N,N
CUST-1219,Brightline Framing Co,Growth,Monthly,2025-10-15,in_510ea91938,887.39,Paid,N,N
CUST-1219,Brightline Framing Co,Growth,Monthly,2025-11-30,in_8020efb149,902.28,Paid,N,N
CUST-1219,Brightline Framing Co,Growth,Monthly,2025-12-24,in_740d49e00d,906.56,Paid,N,N
CUST-1220,Alderwood Trades Group,Pro,Monthly,2025-01-22,in_e0749c26fc,2559.3,Paid,Y,N
CUST-1220,Alderwood Trades Group,Pro,Monthly,2025-02-08,in_513e4ac442,2493.99,Paid,N,N
CUST-1220,Alderwood Trades Group,Pro,Monthly,2025-03-02,in_df902ec867,2555.67,Paid,N,N
CUST-1220,Alderwood Trades Group,Pro,Monthly,2025-04-15,in_985402e411,2457.31,Paid,N,N
CUST-1220,Alderwood Trades Group,Pro,Monthly,2025-05-11,in_d379cbd3c7,2531.4,Paid,N,N
CUST-1220,Alderwood Trades Group,Pro,Monthly,2025-06-08,in_9b8ccb48e7,2453.67,Paid,N,N
CUST-1220,Alderwood Trades Group,Pro,Monthly,2025-07-11,in_8a50ba39a2,2488.08,Paid,N,N
CUST-1220,Alderwood Trades Group,Pro,Monthly,2025-08-27,in_603bd70998,2536.49,Paid,N,N
CUST-1220,Alderwood Trades Group,Pro,Monthly,2025-09-18,in_504dcb551a,2531.5,Paid,N,N
CUST-1220,Alderwood Trades Group,Pro,Monthly,2025-10-20,in_74c426bd76,2458.51,Paid,N,N
CUST-1220,Alderwood Trades Group,Pro,Monthly,2025-11-16,in_5dfe411649,2533.18,Paid,N,N
CUST-1220,Alderwood Trades Group,Pro,Monthly,2025-12-12,in_25d804efe0,2567.29,Paid,N,N
CUST-1221,Brightline Roofing,Pro,Annual (prepaid),2025-02-17,in_1aed09da0b,2542.76,Paid,Y,N
CUST-1221,Brightline Roofing,Pro,Annual (prepaid),2025-03-12,in_1c48c64234,2567.18,Paid,N,N
CUST-1221,Brightline Roofing,Pro,Annual (prepaid),2025-04-03,in_7d05f16a08,2519.91,Paid,N,N
CUST-1221,Brightline Roofing,Pro,Annual (prepaid),2025-05-02,in_2c17e2bcf6,2547.45,Paid,N,N
CUST-1221,Brightline Roofing,Pro,Annual (prepaid),2025-06-12,in_8265d14c95,2432.8,Paid,N,N
CUST-1221,Brightline Roofing,Pro,Annual (prepaid),2025-07-12,in_34048146f8,2484.35,Refunded,N,N
CUST-1221,Brightline Roofing,Pro,Annual (prepaid),2025-08-04,in_bc40bf28f2,2427.69,Paid,N,N
CUST-1221,Brightline Roofing,Pro,Annual (prepaid),2025-09-16,in_511a85b936,2498.74,Paid,N,N
CUST-1221,Brightline Roofing,Pro,Annual (prepaid),2025-10-21,in_c21c1107f3,2446.65,Paid,N,N
CUST-1221,Brightline Roofing,Pro,Annual (prepaid),2025-11-01,in_2e78701798,2440.65,Paid,N,N
CUST-1221,Brightline Roofing,Pro,Annual (prepaid),2025-12-08,in_b2115488e4,2489.22,Paid,N,N
CUST-1222,Foster General Contractors,Starter,Monthly,2025-04-15,in_b198463da2,304.96,Paid,Y,N
CUST-1222,Foster General Contractors,Starter,Monthly,2025-05-09,in_dcfa067056,306.18,Paid,N,N
CUST-1222,Foster General Contractors,Starter,Monthly,2025-06-27,in_6253e9bd83,305.62,Paid,N,N
CUST-1222,Foster General Contractors,Starter,Monthly,2025-07-25,in_1a07532d89,302.49,Paid,N,N
CUST-1222,Foster General Contractors,Starter,Monthly,2025-08-26,in_a657a90337,307.11,Paid,N,N
CUST-1222,Foster General Contractors,Starter,Monthly,2025-09-24,in_a4b3a3b8c7,292.92,Paid,N,N
CUST-1222,Foster General Contractors,Starter,Monthly,2025-10-15,in_201f685306,294.54,Paid,N,N
CUST-1222,Foster General Contractors,Starter,Monthly,2025-11-29,in_7a847c6af7,296.46,Paid,N,N
CUST-1222,Foster General Contractors,Starter,Monthly,2025-12-01,in_b458484064,299.99,Paid,N,N
CUST-1223,Ridgeline Mechanical,Pro,Monthly,2025-01-18,in_d0ddb09b4a,2535.47,Paid,Y,N
CUST-1223,Ridgeline Mechanical,Pro,Monthly,2025-02-03,in_92178d49fe,2561.71,Paid,N,N
CUST-1223,Ridgeline Mechanical,Pro,Monthly,2025-03-18,in_48c7340c9c,2448.87,Paid,N,N
CUST-1223,Ridgeline Mechanical,Pro,Monthly,2025-04-25,in_1f8f450b99,2453.12,Paid,N,N
CUST-1223,Ridgeline Mechanical,Pro,Monthly,2025-05-09,in_c0bd9fcaef,2498.71,Paid,N,N
CUST-1223,Ridgeline Mechanical,Pro,Monthly,2025-06-11,in_1d3ee9ec3b,2445.41,Paid,N,N
CUST-1223,Ridgeline Mechanical,Pro,Monthly,2025-07-18,in_25caf7cc46,2457.49,Paid,N,N
CUST-1223,Ridgeline Mechanical,Pro,Monthly,2025-08-11,in_4f32e8742a,2462.04,Paid,N,N
CUST-1223,Ridgeline Mechanical,Pro,Monthly,2025-09-13,in_8f39206bd4,2486.87,Failed,N,N
CUST-1223,Ridgeline Mechanical,Pro,Monthly,2025-10-08,in_71a088e707,2513.86,Paid,N,N
CUST-1223,Ridgeline Mechanical,Pro,Monthly,2025-11-21,in_41228b779d,2564.42,Paid,N,N
CUST-1223,Ridgeline Mechanical,Pro,Monthly,2025-12-08,in_cf7940049c,2520.16,Paid,N,N
CUST-1224,Keystone Contracting,Pro,Monthly,2025-04-12,in_64cab5f899,2433.16,Paid,Y,N
CUST-1224,Keystone Contracting,Pro,Monthly,2025-05-03,in_9809669e97,2434.05,Paid,N,N
CUST-1224,Keystone Contracting,Pro,Monthly,2025-06-22,in_25be333868,2493.06,Paid,N,N
CUST-1224,Keystone Contracting,Pro,Monthly,2025-07-03,in_4e7c67051b,2442.61,Failed,N,N
CUST-1224,Keystone Contracting,Pro,Monthly,2025-08-30,in_9497b47613,2491.27,Paid,N,N
CUST-1224,Keystone Contracting,Pro,Monthly,2025-09-12,in_c3f79973b0,2537.64,Paid,N,N
CUST-1224,Keystone Contracting,Pro,Monthly,2025-10-18,in_2a5381ce32,2507.55,Paid,N,N
CUST-1224,Keystone Contracting,Pro,Monthly,2025-11-21,in_8522ab7b41,2518.99,Paid,N,N
CUST-1224,Keystone Contracting,Pro,Monthly,2025-12-16,in_575a78889a,2459.95,Paid,N,N
CUST-1225,Foster Construction,Enterprise,Annual (prepaid),2025-07-03,in_e73d3ec0e8,6884.88,Paid,Y,N
CUST-1225,Foster Construction,Enterprise,Annual (prepaid),2025-08-11,in_659c474ece,6709.26,Paid,N,N
CUST-1225,Foster Construction,Enterprise,Annual (prepaid),2025-09-23,in_a03d2e3b38,6819.16,Paid,N,N
CUST-1225,Foster Construction,Enterprise,Annual (prepaid),2025-10-28,in_5a53ebab77,6809.94,Paid,N,N
CUST-1225,Foster Construction,Enterprise,Annual (prepaid),2025-11-17,in_5af2e44199,6847.12,Paid,N,N
CUST-1225,Foster Construction,Enterprise,Annual (prepaid),2025-12-26,in_d4d6a6639a,6650.45,Paid,N,N
CUST-1226,Keystone Concrete,Pro,Monthly,2025-01-13,in_4bbaabba28,2523.11,Paid,Y,N
CUST-1226,Keystone Concrete,Pro,Monthly,2025-02-01,in_8371c2062c,2557.79,Paid,N,N
CUST-1226,Keystone Concrete,Pro,Monthly,2025-03-13,in_24edb30270,2554.84,Paid,N,N
CUST-1226,Keystone Concrete,Pro,Monthly,2025-04-24,in_4ea308624e,2507.01,Paid,N,N
CUST-1226,Keystone Concrete,Pro,Monthly,2025-05-30,in_d872580c74,2571.47,Paid,N,N
CUST-1226,Keystone Concrete,Pro,Monthly,2025-06-02,in_497aadc49e,2555.54,Paid,N,N
CUST-1226,Keystone Concrete,Pro,Monthly,2025-07-21,in_84a201641d,2559.13,Paid,N,N
CUST-1226,Keystone Concrete,Pro,Monthly,2025-08-12,in_9ca0c99582,2520.26,Paid,N,N
CUST-1226,Keystone Concrete,Pro,Monthly,2025-09-22,in_4b0436df38,2564.96,Paid,N,N
CUST-1226,Keystone Concrete,Pro,Monthly,2025-10-17,in_c14da32d28,2523.64,Paid,N,N
CUST-1226,Keystone Concrete,Pro,Monthly,2025-11-02,in_ac5a4cf8bd,2504.9,Paid,N,N
CUST-1226,Keystone Concrete,Pro,Monthly,2025-12-14,in_492570c66d,2483.62,Paid,N,N
CUST-1227,Alderwood Trades Group,Pro,Monthly,2025-02-17,in_2ba1e79d71,2426.35,Paid,Y,N
CUST-1227,Alderwood Trades Group,Pro,Monthly,2025-03-27,in_6fab620f2a,2524.46,Paid,N,N
CUST-1227,Alderwood Trades Group,Pro,Monthly,2025-04-06,in_65d7ccce67,2488.3,Paid,N,N
CUST-1227,Alderwood Trades Group,Pro,Monthly,2025-05-29,in_364db350fe,2479.31,Paid,N,N
CUST-1227,Alderwood Trades Group,Pro,Monthly,2025-06-12,in_64ef31ea84,2502.27,Paid,N,N
CUST-1227,Alderwood Trades Group,Pro,Monthly,2025-07-20,in_836e940a52,2553.7,Paid,N,N
CUST-1227,Alderwood Trades Group,Pro,Monthly,2025-08-20,in_4e9c168d38,2563.24,Paid,N,N
CUST-1227,Alderwood Trades Group,Pro,Monthly,2025-09-21,in_a8de23b55d,2554.38,Paid,N,N
CUST-1227,Alderwood Trades Group,Pro,Monthly,2025-10-13,in_87f91c43a5,2477.02,Paid,N,N
CUST-1227,Alderwood Trades Group,Pro,Monthly,2025-11-12,in_3410564405,2535.02,Paid,N,N
CUST-1227,Alderwood Trades Group,Pro,Monthly,2025-12-08,in_8d351ee443,2522.59,Paid,N,N
CUST-1228,Summit Contracting,Growth,Monthly,2025-02-06,in_b08b7f0442,888.48,Paid,Y,N
CUST-1228,Summit Contracting,Growth,Monthly,2025-03-22,in_e4fa6f9030,921.83,Paid,N,N
CUST-1228,Summit Contracting,Growth,Monthly,2025-04-01,in_796c7976b8,892.48,Paid,N,N
CUST-1228,Summit Contracting,Growth,Monthly,2025-05-21,in_c139fe4ab4,883.29,Paid,N,N
CUST-1228,Summit Contracting,Growth,Monthly,2025-06-22,in_2d94c6c2b1,880.43,Paid,N,N
CUST-1228,Summit Contracting,Growth,Monthly,2025-07-10,in_39254c4bce,915.88,Failed,N,N
CUST-1228,Summit Contracting,Growth,Monthly,2025-08-09,in_aff894f051,913.95,Paid,N,N
CUST-1228,Summit Contracting,Growth,Monthly,2025-09-25,in_57c1e21909,877.8,Paid,N,N
CUST-1228,Summit Contracting,Growth,Monthly,2025-10-28,in_437e050394,888.75,Paid,N,N
CUST-1228,Summit Contracting,Growth,Monthly,2025-11-06,in_1f3644ec2b,878.85,Paid,N,N
CUST-1228,Summit Contracting,Growth,Monthly,2025-12-22,in_b1eb2df01d,901.75,Paid,N,N
CUST-1229,Fairmont Roofing,Growth,Monthly,2025-02-07,in_6df6069251,874.32,Paid,Y,N
CUST-1229,Fairmont Roofing,Growth,Monthly,2025-03-29,in_48c04a19a5,895.32,Paid,N,N
CUST-1229,Fairmont Roofing,Growth,Monthly,2025-04-07,in_c9dddc3b8d,886.73,Paid,N,N
CUST-1229,Fairmont Roofing,Growth,Monthly,2025-05-11,in_dfa01aa46b,902.29,Paid,N,N
CUST-1229,Fairmont Roofing,Growth,Monthly,2025-06-09,in_cfd8fccd16,904.0,Paid,N,N
CUST-1229,Fairmont Roofing,Growth,Monthly,2025-07-18,in_4a56ba32c1,872.52,Paid,N,Y
CUST-1230,Cobalt Framing Co,Growth,Monthly,2025-01-22,in_236cebe276,909.33,Paid,Y,N
CUST-1230,Cobalt Framing Co,Growth,Monthly,2025-02-02,in_d700b04b4a,879.23,Paid,N,N
CUST-1230,Cobalt Framing Co,Growth,Monthly,2025-03-27,in_7e29649ab5,908.03,Paid,N,N
CUST-1230,Cobalt Framing Co,Growth,Monthly,2025-04-13,in_762ba035ff,901.61,Paid,N,N
CUST-1230,Cobalt Framing Co,Growth,Monthly,2025-05-04,in_2b08fc9eaa,915.42,Paid,N,N
CUST-1230,Cobalt Framing Co,Growth,Monthly,2025-06-25,in_7abdd08823,876.08,Paid,N,N
CUST-1230,Cobalt Framing Co,Growth,Monthly,2025-07-12,in_a928aee662,914.08,Paid,N,N
CUST-1230,Cobalt Framing Co,Growth,Monthly,2025-08-22,in_49a604de30,924.44,Paid,N,N
CUST-1230,Cobalt Framing Co,Growth,Monthly,2025-09-23,in_91e4d7a94b,893.81,Paid,N,N
CUST-1230,Cobalt Framing Co,Growth,Monthly,2025-10-07,in_6b46d97eb7,918.06,Paid,N,N
CUST-1230,Cobalt Framing Co,Growth,Monthly,2025-11-24,in_1ae4f453e5,898.03,Paid,N,N
CUST-1230,Cobalt Framing Co,Growth,Monthly,2025-12-30,in_2fe6f5c425,893.91,Paid,N,N
CUST-1231,Summit Construction,Growth,Monthly,2025-02-11,in_19150078a6,912.77,Failed,Y,N
CUST-1231,Summit Construction,Growth,Monthly,2025-03-17,in_adb146c2ca,922.46,Paid,N,N
CUST-1231,Summit Construction,Growth,Monthly,2025-04-04,in_bf9451cb6f,917.77,Paid,N,N
CUST-1231,Summit Construction,Growth,Monthly,2025-05-14,in_95b350d6f9,888.36,Paid,N,N
CUST-1231,Summit Construction,Growth,Monthly,2025-06-23,in_55f74e1a9b,903.12,Paid,N,N
CUST-1231,Summit Construction,Growth,Monthly,2025-07-16,in_bb935a1784,873.75,Failed,N,N
CUST-1231,Summit Construction,Growth,Monthly,2025-08-17,in_536afc0a03,882.07,Paid,N,N
CUST-1231,Summit Construction,Growth,Monthly,2025-09-24,in_241d1b5ffa,907.72,Paid,N,N
CUST-1231,Summit Construction,Growth,Monthly,2025-10-03,in_699da467c8,907.86,Paid,N,N
CUST-1231,Summit Construction,Growth,Monthly,2025-11-22,in_739f7c54ca,891.59,Paid,N,N
CUST-1231,Summit Construction,Growth,Monthly,2025-12-17,in_6224e6e645,910.91,Paid,N,N
CUST-1232,Cobalt Framing Co,Starter,Monthly,2025-01-22,in_38a99fe5e1,291.81,Paid,Y,N
CUST-1232,Cobalt Framing Co,Starter,Monthly,2025-02-18,in_1f072da66d,302.73,Paid,N,N
CUST-1232,Cobalt Framing Co,Starter,Monthly,2025-03-15,in_e08666f41a,306.9,Paid,N,N
CUST-1232,Cobalt Framing Co,Starter,Monthly,2025-04-17,in_7d5576ecdf,300.51,Paid,N,N
CUST-1232,Cobalt Framing Co,Starter,Monthly,2025-05-03,in_4e4810e874,306.56,Paid,N,N
CUST-1232,Cobalt Framing Co,Starter,Monthly,2025-06-05,in_7512287313,290.82,Paid,N,N
CUST-1232,Cobalt Framing Co,Starter,Monthly,2025-07-05,in_6b6f823aa2,296.76,Paid,N,N
CUST-1232,Cobalt Framing Co,Starter,Monthly,2025-08-09,in_d970717753,296.24,Paid,N,N
CUST-1232,Cobalt Framing Co,Starter,Monthly,2025-09-18,in_52b4fe8e97,294.88,Paid,N,N
CUST-1232,Cobalt Framing Co,Starter,Monthly,2025-10-25,in_49c525dc7d,297.0,Paid,N,N
CUST-1232,Cobalt Framing Co,Starter,Monthly,2025-11-04,in_5e58a2c5f6,291.96,Paid,N,N
CUST-1232,Cobalt Framing Co,Starter,Monthly,2025-12-12,in_4037fe3502,298.6,Paid,N,N
CUST-1233,Redwood Trades Group,Pro,Monthly,2025-02-08,in_6bc8e731a2,2521.24,Paid,Y,N
CUST-1233,Redwood Trades Group,Pro,Monthly,2025-03-15,in_dae7666d24,2444.02,Paid,N,N
CUST-1233,Redwood Trades Group,Pro,Monthly,2025-04-02,in_c56a403b92,2501.78,Paid,N,N
CUST-1233,Redwood Trades Group,Pro,Monthly,2025-05-21,in_ca3f50840b,2539.86,Paid,N,N
CUST-1233,Redwood Trades Group,Pro,Monthly,2025-06-18,in_667118c795,2474.29,Refunded,N,N
CUST-1233,Redwood Trades Group,Pro,Monthly,2025-07-12,in_621553e6af,2504.17,Paid,N,N
CUST-1233,Redwood Trades Group,Pro,Monthly,2025-08-04,in_654416a62a,2424.18,Paid,N,N
CUST-1233,Redwood Trades Group,Pro,Monthly,2025-09-08,in_e216248f14,2567.04,Paid,N,N
CUST-1233,Redwood Trades Group,Pro,Monthly,2025-10-02,in_7b683ffc27,2442.91,Refunded,N,N
CUST-1233,Redwood Trades Group,Pro,Monthly,2025-11-28,in_8256b3ef90,2519.18,Paid,N,N
CUST-1233,Redwood Trades Group,Pro,Monthly,2025-12-08,in_42bf858adc,2507.31,Paid,N,N
CUST-1234,Harbor Mechanical,Pro,Monthly,2025-01-11,in_51d18c197f,2457.53,Paid,Y,N
CUST-1234,Harbor Mechanical,Pro,Monthly,2025-02-22,in_aae1197b48,2471.19,Failed,N,N
CUST-1234,Harbor Mechanical,Pro,Monthly,2025-03-25,in_62ced2dfd4,2454.62,Paid,N,N
CUST-1234,Harbor Mechanical,Pro,Monthly,2025-04-14,in_997e26482c,2555.36,Paid,N,N
CUST-1234,Harbor Mechanical,Pro,Monthly,2025-05-01,in_c5f254c699,2462.42,Paid,N,N
CUST-1234,Harbor Mechanical,Pro,Monthly,2025-06-26,in_c8a12e2d94,2542.82,Paid,N,N
CUST-1234,Harbor Mechanical,Pro,Monthly,2025-07-04,in_94caa5f6ad,2462.42,Paid,N,N
CUST-1234,Harbor Mechanical,Pro,Monthly,2025-08-26,in_8aece6589d,2519.75,Paid,N,N
CUST-1234,Harbor Mechanical,Pro,Monthly,2025-09-08,in_63fca2e3f0,2565.54,Paid,N,N
CUST-1234,Harbor Mechanical,Pro,Monthly,2025-10-10,in_73dd796491,2451.63,Paid,N,N
CUST-1234,Harbor Mechanical,Pro,Monthly,2025-11-30,in_398002bceb,2483.89,Paid,N,N
CUST-1234,Harbor Mechanical,Pro,Monthly,2025-12-01,in_882f73cd27,2556.52,Paid,N,N
CUST-1235,Pinecrest Contracting,Starter,Annual (prepaid),2025-07-29,in_5e1cec95bd,302.21,Paid,Y,N
CUST-1235,Pinecrest Contracting,Starter,Annual (prepaid),2025-08-04,in_9694f49a92,294.08,Paid,N,N
CUST-1235,Pinecrest Contracting,Starter,Annual (prepaid),2025-09-16,in_c422d136e4,294.25,Paid,N,N
CUST-1235,Pinecrest Contracting,Starter,Annual (prepaid),2025-10-25,in_5fdb534b67,293.61,Paid,N,N
CUST-1235,Pinecrest Contracting,Starter,Annual (prepaid),2025-11-02,in_38dbbf6221,290.67,Failed,N,N
CUST-1235,Pinecrest Contracting,Starter,Annual (prepaid),2025-12-13,in_93c2f5a679,301.48,Paid,N,N
CUST-1236,Harbor Trades Group,Starter,Annual (prepaid),2025-05-26,in_7eb68fcaa5,304.03,Paid,Y,N
CUST-1236,Harbor Trades Group,Starter,Annual (prepaid),2025-06-18,in_5f689f7f07,306.03,Refunded,N,N
CUST-1236,Harbor Trades Group,Starter,Annual (prepaid),2025-07-01,in_c8b9fa0b67,291.25,Paid,N,N
CUST-1236,Harbor Trades Group,Starter,Annual (prepaid),2025-08-18,in_99ebec08eb,298.99,Paid,N,N
CUST-1236,Harbor Trades Group,Starter,Annual (prepaid),2025-09-09,in_e060877c50,293.1,Paid,N,N
CUST-1236,Harbor Trades Group,Starter,Annual (prepaid),2025-10-22,in_90a644f4f9,294.75,Failed,N,N
CUST-1236,Harbor Trades Group,Starter,Annual (prepaid),2025-11-25,in_46fdebd12b,302.51,Paid,N,N
CUST-1236,Harbor Trades Group,Starter,Annual (prepaid),2025-12-27,in_cffa1303fd,303.38,Paid,N,N
CUST-1237,Keystone Roofing,Starter,Monthly,2025-02-22,in_6ae2762490,291.45,Paid,Y,N
CUST-1237,Keystone Roofing,Starter,Monthly,2025-03-28,in_889cf8dae7,305.24,Paid,N,N
CUST-1237,Keystone Roofing,Starter,Monthly,2025-04-14,in_cce72f971a,299.24,Paid,N,N
CUST-1237,Keystone Roofing,Starter,Monthly,2025-05-19,in_c7890195b0,302.99,Paid,N,N
CUST-1237,Keystone Roofing,Starter,Monthly,2025-06-04,in_28e77b2626,304.44,Refunded,N,N
CUST-1237,Keystone Roofing,Starter,Monthly,2025-07-17,in_373b53a6c7,302.4,Paid,N,N
CUST-1237,Keystone Roofing,Starter,Monthly,2025-08-12,in_61e6cff513,300.14,Paid,N,N
CUST-1237,Keystone Roofing,Starter,Monthly,2025-09-04,in_d8d328696c,299.42,Paid,N,N
CUST-1237,Keystone Roofing,Starter,Monthly,2025-10-03,in_9b00fbff7a,298.88,Paid,N,N
CUST-1237,Keystone Roofing,Starter,Monthly,2025-11-28,in_d3bd6ce00f,296.55,Paid,N,N
CUST-1237,Keystone Roofing,Starter,Monthly,2025-12-19,in_563958840d,306.03,Paid,N,N
CUST-1238,Ridgeline Concrete,Growth,Annual (prepaid),2025-03-18,in_e72804186b,891.1,Paid,Y,N
CUST-1238,Ridgeline Concrete,Growth,Annual (prepaid),2025-04-30,in_dc9268ca96,900.03,Paid,N,N
CUST-1238,Ridgeline Concrete,Growth,Annual (prepaid),2025-05-15,in_c1b976833f,892.9,Paid,N,N
CUST-1238,Ridgeline Concrete,Growth,Annual (prepaid),2025-06-09,in_cdfbcc894a,895.05,Paid,N,N
CUST-1238,Ridgeline Concrete,Growth,Annual (prepaid),2025-07-20,in_a7c7052991,903.1,Paid,N,N
CUST-1238,Ridgeline Concrete,Growth,Annual (prepaid),2025-08-08,in_8bd93ee820,876.73,Paid,N,N
CUST-1238,Ridgeline Concrete,Growth,Annual (prepaid),2025-09-28,in_2854c43abd,897.38,Paid,N,N
CUST-1238,Ridgeline Concrete,Growth,Annual (prepaid),2025-10-07,in_6ae01d7f23,879.84,Paid,N,Y
CUST-1239,Ironwood General Contractors,Growth,Monthly,2025-05-13,in_6b7a9e4431,884.26,Paid,Y,N
CUST-1239,Ironwood General Contractors,Growth,Monthly,2025-06-24,in_8a4eaa51c7,921.17,Paid,N,N
CUST-1239,Ironwood General Contractors,Growth,Monthly,2025-07-01,in_50638e9170,884.91,Paid,N,N
CUST-1239,Ironwood General Contractors,Growth,Monthly,2025-08-04,in_66a5449091,888.33,Paid,N,N
CUST-1239,Ironwood General Contractors,Growth,Monthly,2025-09-24,in_29549b8f58,878.18,Paid,N,N
CUST-1239,Ironwood General Contractors,Growth,Monthly,2025-10-09,in_da043bdc03,895.24,Paid,N,N
CUST-1239,Ironwood General Contractors,Growth,Monthly,2025-11-11,in_a1fcd9408a,925.84,Paid,N,N
CUST-1239,Ironwood General Contractors,Growth,Monthly,2025-12-31,in_96b6fb58de,924.59,Paid,N,N
CUST-1240,Ridgeline Contracting,Pro,Monthly,2025-02-19,in_c26c3e068d,2451.26,Paid,Y,N
CUST-1240,Ridgeline Contracting,Pro,Monthly,2025-03-20,in_8b0f714be5,2522.52,Paid,N,N
CUST-1240,Ridgeline Contracting,Pro,Monthly,2025-04-22,in_83cb06fc37,2543.13,Refunded,N,N
CUST-1240,Ridgeline Contracting,Pro,Monthly,2025-05-28,in_59577b3aaa,2440.01,Failed,N,N
CUST-1240,Ridgeline Contracting,Pro,Monthly,2025-06-16,in_709db6844c,2520.83,Failed,N,N
CUST-1240,Ridgeline Contracting,Pro,Monthly,2025-07-20,in_a85fc80180,2481.88,Paid,N,N
CUST-1240,Ridgeline Contracting,Pro,Monthly,2025-08-22,in_d30b845822,2537.94,Paid,N,N
CUST-1240,Ridgeline Contracting,Pro,Monthly,2025-09-01,in_a0f0b0945f,2494.88,Paid,N,N
CUST-1240,Ridgeline Contracting,Pro,Monthly,2025-10-03,in_4260be2d17,2549.58,Paid,N,N
CUST-1240,Ridgeline Contracting,Pro,Monthly,2025-11-11,in_b999894d55,2538.45,Paid,N,N
CUST-1240,Ridgeline Contracting,Pro,Monthly,2025-12-19,in_e381c2ccad,2532.82,Paid,N,N
CUST-1241,Foster Contracting,Growth,Monthly,2025-02-03,in_289e642eb3,873.13,Paid,Y,N
CUST-1241,Foster Contracting,Growth,Monthly,2025-03-10,in_3cd70f18fc,900.02,Paid,N,N
CUST-1241,Foster Contracting,Growth,Monthly,2025-04-25,in_8520cc162a,897.34,Paid,N,N
CUST-1241,Foster Contracting,Growth,Monthly,2025-05-27,in_6056935e30,924.04,Paid,N,N
CUST-1241,Foster Contracting,Growth,Monthly,2025-06-15,in_62c39aee52,879.55,Paid,N,N
CUST-1241,Foster Contracting,Growth,Monthly,2025-07-17,in_5c9ea27adb,880.82,Paid,N,N
CUST-1241,Foster Contracting,Growth,Monthly,2025-08-07,in_9709bd91e7,916.27,Paid,N,N
CUST-1241,Foster Contracting,Growth,Monthly,2025-09-19,in_1db7f016b3,921.31,Paid,N,N
CUST-1241,Foster Contracting,Growth,Monthly,2025-10-04,in_c193fd24d2,907.57,Paid,N,N
CUST-1241,Foster Contracting,Growth,Monthly,2025-11-11,in_a7a70f27a7,890.88,Paid,N,N
CUST-1241,Foster Contracting,Growth,Monthly,2025-12-25,in_2a456e5782,890.39,Paid,N,N
CUST-1242,Harbor Roofing,Starter,Annual (prepaid),2025-04-23,in_c08dcf0368,293.83,Paid,Y,N
CUST-1242,Harbor Roofing,Starter,Annual (prepaid),2025-05-21,in_9bd32a76f9,300.6,Paid,N,N
CUST-1242,Harbor Roofing,Starter,Annual (prepaid),2025-06-29,in_65f9f8c383,297.22,Paid,N,N
CUST-1242,Harbor Roofing,Starter,Annual (prepaid),2025-07-03,in_b3297e8e61,301.71,Paid,N,N
CUST-1242,Harbor Roofing,Starter,Annual (prepaid),2025-08-25,in_68c3c8e3f4,297.42,Paid,N,N
CUST-1242,Harbor Roofing,Starter,Annual (prepaid),2025-09-23,in_1a35b8db25,305.34,Refunded,N,N
CUST-1242,Harbor Roofing,Starter,Annual (prepaid),2025-10-12,in_d4a7e95528,294.21,Paid,N,N
CUST-1242,Harbor Roofing,Starter,Annual (prepaid),2025-11-15,in_88f6d4b5f4,298.58,Paid,N,N
CUST-1242,Harbor Roofing,Starter,Annual (prepaid),2025-12-14,in_1a53ba7248,297.77,Paid,N,N
CUST-1243,Stonegate Electrical Co,Pro,Monthly,2025-01-10,in_ca1fccd006,2453.54,Paid,Y,N
CUST-1243,Stonegate Electrical Co,Pro,Monthly,2025-02-14,in_dc2e1d0699,2488.83,Paid,N,N
CUST-1243,Stonegate Electrical Co,Pro,Monthly,2025-03-25,in_d99ca45574,2517.36,Paid,N,N
CUST-1243,Stonegate Electrical Co,Pro,Monthly,2025-04-22,in_dcdb7b6748,2571.86,Paid,N,N
CUST-1243,Stonegate Electrical Co,Pro,Monthly,2025-05-09,in_cfec6934d8,2552.41,Paid,N,N
CUST-1243,Stonegate Electrical Co,Pro,Monthly,2025-06-20,in_60c2f95179,2470.42,Paid,N,N
CUST-1243,Stonegate Electrical Co,Pro,Monthly,2025-07-22,in_6251bb14b8,2572.35,Paid,N,N
CUST-1243,Stonegate Electrical Co,Pro,Monthly,2025-08-18,in_5f5c4055b2,2534.52,Paid,N,N
CUST-1243,Stonegate Electrical Co,Pro,Monthly,2025-09-10,in_c1fb794610,2515.89,Paid,N,N
CUST-1243,Stonegate Electrical Co,Pro,Monthly,2025-10-27,in_3042e79be9,2452.39,Paid,N,N
CUST-1243,Stonegate Electrical Co,Pro,Monthly,2025-11-18,in_b52ee0cccc,2568.56,Paid,N,N
CUST-1243,Stonegate Electrical Co,Pro,Monthly,2025-12-14,in_c1a62b6e67,2459.24,Paid,N,N
CUST-1244,Wexford General Contractors,Growth,Monthly,2025-01-23,in_ccc6656b0d,903.88,Paid,Y,N
CUST-1244,Wexford General Contractors,Growth,Monthly,2025-02-01,in_e51aeddbf5,905.21,Paid,N,N
CUST-1244,Wexford General Contractors,Growth,Monthly,2025-03-27,in_c82bee79f8,888.59,Paid,N,N
CUST-1244,Wexford General Contractors,Growth,Monthly,2025-04-04,in_d1dea0df09,872.15,Paid,N,N
CUST-1244,Wexford General Contractors,Growth,Monthly,2025-05-13,in_a924d7672c,894.68,Paid,N,N
CUST-1244,Wexford General Contractors,Growth,Monthly,2025-06-01,in_50d9c3e5cc,909.23,Paid,N,N
CUST-1244,Wexford General Contractors,Growth,Monthly,2025-07-25,in_771480c183,875.9,Paid,N,N
CUST-1244,Wexford General Contractors,Growth,Monthly,2025-08-12,in_a9d5bbf69b,912.18,Paid,N,N
CUST-1244,Wexford General Contractors,Growth,Monthly,2025-09-05,in_d508a1c1af,872.89,Paid,N,N
CUST-1244,Wexford General Contractors,Growth,Monthly,2025-10-27,in_93ce8f620c,890.95,Paid,N,N
CUST-1244,Wexford General Contractors,Growth,Monthly,2025-11-09,in_202d1b7dab,902.45,Paid,N,N
CUST-1244,Wexford General Contractors,Growth,Monthly,2025-12-04,in_97633190ee,894.98,Paid,N,N
CUST-1245,Ironwood Trades Group,Enterprise,Monthly,2025-01-24,in_7c01bb4b85,6713.45,Paid,Y,N
CUST-1245,Ironwood Trades Group,Enterprise,Monthly,2025-02-15,in_92805a078c,6817.17,Paid,N,N
CUST-1245,Ironwood Trades Group,Enterprise,Monthly,2025-03-09,in_984fc054fa,6898.83,Paid,N,N
CUST-1245,Ironwood Trades Group,Enterprise,Monthly,2025-04-25,in_362b7d3ca5,6727.83,Paid,N,N
CUST-1245,Ironwood Trades Group,Enterprise,Monthly,2025-05-08,in_92569550e0,6617.91,Failed,N,N
CUST-1245,Ironwood Trades Group,Enterprise,Monthly,2025-06-14,in_51eb988c6a,6819.91,Paid,N,Y
CUST-1246,Ridgeline Builders,Growth,Annual (prepaid),2025-06-16,in_92fb0216e8,915.45,Paid,Y,N
CUST-1246,Ridgeline Builders,Growth,Annual (prepaid),2025-07-02,in_4ade0db712,897.67,Paid,N,N
CUST-1246,Ridgeline Builders,Growth,Annual (prepaid),2025-08-04,in_502fe6e6b5,919.03,Paid,N,N
CUST-1246,Ridgeline Builders,Growth,Annual (prepaid),2025-09-06,in_7c91cece82,922.92,Paid,N,N
CUST-1246,Ridgeline Builders,Growth,Annual (prepaid),2025-10-03,in_dae51cdc15,877.8,Paid,N,N
CUST-1246,Ridgeline Builders,Growth,Annual (prepaid),2025-11-22,in_462cdb9430,917.87,Paid,N,N
CUST-1246,Ridgeline Builders,Growth,Annual (prepaid),2025-12-09,in_a730c4d06e,909.41,Paid,N,N
CUST-1247,Keystone Construction,Growth,Monthly,2025-03-15,in_8142312e0b,911.26,Paid,Y,N
CUST-1247,Keystone Construction,Growth,Monthly,2025-04-04,in_ccff7d338e,923.82,Paid,N,N
CUST-1247,Keystone Construction,Growth,Monthly,2025-05-30,in_1773fa073e,906.26,Paid,N,N
CUST-1247,Keystone Construction,Growth,Monthly,2025-06-29,in_52639af739,897.02,Paid,N,N
CUST-1247,Keystone Construction,Growth,Monthly,2025-07-13,in_8e66efbb96,887.65,Paid,N,N
CUST-1247,Keystone Construction,Growth,Monthly,2025-08-12,in_4a15367cbd,896.32,Paid,N,N
CUST-1247,Keystone Construction,Growth,Monthly,2025-09-06,in_b737afc0fe,899.67,Paid,N,N
CUST-1247,Keystone Construction,Growth,Monthly,2025-10-20,in_6c643cce86,918.88,Paid,N,N
CUST-1247,Keystone Construction,Growth,Monthly,2025-11-02,in_b2a8e467be,914.27,Paid,N,N
CUST-1247,Keystone Construction,Growth,Monthly,2025-12-19,in_cd3b67f740,896.19,Paid,N,N
CUST-1248,Highfield General Contractors,Starter,Monthly,2025-07-18,in_cb41a6af5d,304.25,Paid,Y,N
CUST-1248,Highfield General Contractors,Starter,Monthly,2025-08-25,in_d7d4d926d7,299.54,Paid,N,N
CUST-1248,Highfield General Contractors,Starter,Monthly,2025-09-25,in_6fffceb4be,291.95,Paid,N,N
CUST-1248,Highfield General Contractors,Starter,Monthly,2025-10-05,in_c83e94bd5e,295.49,Paid,N,N
CUST-1248,Highfield General Contractors,Starter,Monthly,2025-11-19,in_5a6e38d68c,306.73,Paid,N,N
CUST-1248,Highfield General Contractors,Starter,Monthly,2025-12-25,in_cb2e221038,297.35,Paid,N,N
CUST-1249,Pinecrest Mechanical,Pro,Annual (prepaid),2025-02-06,in_54eecf4ce8,2448.45,Paid,Y,N
CUST-1249,Pinecrest Mechanical,Pro,Annual (prepaid),2025-03-25,in_8f2dd2e627,2499.17,Paid,N,N
CUST-1249,Pinecrest Mechanical,Pro,Annual (prepaid),2025-04-05,in_b8e3a83533,2515.21,Paid,N,N
CUST-1249,Pinecrest Mechanical,Pro,Annual (prepaid),2025-05-09,in_2c044910e8,2457.78,Paid,N,N
CUST-1249,Pinecrest Mechanical,Pro,Annual (prepaid),2025-06-05,in_5c96934fdf,2496.32,Paid,N,N
CUST-1249,Pinecrest Mechanical,Pro,Annual (prepaid),2025-07-24,in_38cbfed08b,2490.16,Paid,N,N
CUST-1249,Pinecrest Mechanical,Pro,Annual (prepaid),2025-08-12,in_e2f1b4939f,2570.52,Paid,N,N
CUST-1249,Pinecrest Mechanical,Pro,Annual (prepaid),2025-09-09,in_b1b2947c7d,2513.05,Paid,N,N
CUST-1249,Pinecrest Mechanical,Pro,Annual (prepaid),2025-10-23,in_bb6fc01ae4,2510.43,Paid,N,N
CUST-1249,Pinecrest Mechanical,Pro,Annual (prepaid),2025-11-22,in_1d2473c579,2510.84,Paid,N,N
CUST-1249,Pinecrest Mechanical,Pro,Annual (prepaid),2025-12-10,in_79b2a7a1fd,2481.5,Paid,N,N
CUST-1250,Stonegate Electrical Co,Starter,Annual (prepaid),2025-01-28,in_80d52248ed,305.19,Paid,Y,N
CUST-1250,Stonegate Electrical Co,Starter,Annual (prepaid),2025-02-22,in_defcbacbcf,293.03,Paid,N,N
CUST-1250,Stonegate Electrical Co,Starter,Annual (prepaid),2025-03-25,in_dac4a87c9d,307.28,Paid,N,N
CUST-1250,Stonegate Electrical Co,Starter,Annual (prepaid),2025-04-18,in_2cad22a1d0,304.72,Paid,N,N
CUST-1250,Stonegate Electrical Co,Starter,Annual (prepaid),2025-05-24,in_c85d0dcb5a,303.38,Paid,N,N
CUST-1250,Stonegate Electrical Co,Starter,Annual (prepaid),2025-06-06,in_84dd7cb970,303.64,Paid,N,N
CUST-1250,Stonegate Electrical Co,Starter,Annual (prepaid),2025-07-16,in_17c4c470e3,306.18,Paid,N,N
CUST-1250,Stonegate Electrical Co,Starter,Annual (prepaid),2025-08-17,in_b697a27023,297.67,Paid,N,N
CUST-1250,Stonegate Electrical Co,Starter,Annual (prepaid),2025-09-21,in_7bf143737d,299.29,Paid,N,N
CUST-1250,Stonegate Electrical Co,Starter,Annual (prepaid),2025-10-19,in_7f4b8680e5,303.13,Paid,N,N
CUST-1250,Stonegate Electrical Co,Starter,Annual (prepaid),2025-11-05,in_211a8a1a79,298.05,Paid,N,N
CUST-1250,Stonegate Electrical Co,Starter,Annual (prepaid),2025-12-12,in_2ba5732b1b,292.08,Paid,N,N
CUST-1251,Stonegate Electrical Co,Starter,Monthly,2025-08-02,in_775294d761,294.54,Paid,Y,N
CUST-1251,Stonegate Electrical Co,Starter,Monthly,2025-09-23,in_5bd05adf63,302.52,Paid,N,N
CUST-1251,Stonegate Electrical Co,Starter,Monthly,2025-10-27,in_daebe6de2a,303.47,Paid,N,N
CUST-1251,Stonegate Electrical Co,Starter,Monthly,2025-11-25,in_5099071b0c,303.29,Paid,N,N
CUST-1251,Stonegate Electrical Co,Starter,Monthly,2025-12-03,in_781543e3ef,304.14,Paid,N,N
CUST-1252,Brightline Concrete,Pro,Monthly,2025-01-30,in_c48d2e545e,2548.05,Paid,Y,N
CUST-1252,Brightline Concrete,Pro,Monthly,2025-02-14,in_6aec9fde8c,2432.61,Paid,N,N
CUST-1252,Brightline Concrete,Pro,Monthly,2025-03-13,in_e59b02396e,2533.43,Paid,N,N
CUST-1252,Brightline Concrete,Pro,Monthly,2025-04-16,in_a91f4d721a,2513.59,Paid,N,N
CUST-1252,Brightline Concrete,Pro,Monthly,2025-05-30,in_3d92f854fd,2530.35,Paid,N,N
CUST-1252,Brightline Concrete,Pro,Monthly,2025-06-03,in_638aa6df16,2497.1,Paid,N,N
CUST-1252,Brightline Concrete,Pro,Monthly,2025-07-15,in_585dee5912,2448.33,Paid,N,N
CUST-1252,Brightline Concrete,Pro,Monthly,2025-08-19,in_95f459b517,2440.33,Paid,N,N
CUST-1252,Brightline Concrete,Pro,Monthly,2025-09-29,in_6171472214,2463.57,Paid,N,N
CUST-1252,Brightline Concrete,Pro,Monthly,2025-10-28,in_87370cfba6,2556.73,Paid,N,N
CUST-1252,Brightline Concrete,Pro,Monthly,2025-11-16,in_d8ea310a23,2545.42,Paid,N,N
CUST-1252,Brightline Concrete,Pro,Monthly,2025-12-03,in_506b4098f0,2500.01,Paid,N,N
CUST-1253,Redwood Framing Co,Starter,Annual (prepaid),2025-02-16,in_4afa622568,294.23,Paid,Y,N
CUST-1253,Redwood Framing Co,Starter,Annual (prepaid),2025-03-04,in_6daba50a09,291.24,Paid,N,N
CUST-1253,Redwood Framing Co,Starter,Annual (prepaid),2025-04-28,in_c99a55a775,294.39,Failed,N,N
CUST-1253,Redwood Framing Co,Starter,Annual (prepaid),2025-05-13,in_b9e3113b1d,293.63,Paid,N,Y
CUST-1254,Highfield Trades Group,Starter,Monthly,2025-01-20,in_553dea4e27,301.6,Paid,Y,N
CUST-1254,Highfield Trades Group,Starter,Monthly,2025-02-15,in_3bc12dc59d,295.96,Paid,N,N
CUST-1254,Highfield Trades Group,Starter,Monthly,2025-03-24,in_cd250371e4,290.13,Paid,N,N
CUST-1254,Highfield Trades Group,Starter,Monthly,2025-04-01,in_2092539842,292.21,Paid,N,N
CUST-1254,Highfield Trades Group,Starter,Monthly,2025-05-30,in_8b39d323a1,302.65,Paid,N,N
CUST-1254,Highfield Trades Group,Starter,Monthly,2025-06-24,in_af48e548f5,303.2,Paid,N,N
CUST-1254,Highfield Trades Group,Starter,Monthly,2025-07-19,in_dc340a2ab9,300.09,Failed,N,N
CUST-1254,Highfield Trades Group,Starter,Monthly,2025-08-08,in_2fdc2d3097,305.23,Paid,N,N
CUST-1254,Highfield Trades Group,Starter,Monthly,2025-09-29,in_2598eebdbc,305.74,Paid,N,N
CUST-1254,Highfield Trades Group,Starter,Monthly,2025-10-03,in_a960788148,296.3,Paid,N,N
CUST-1254,Highfield Trades Group,Starter,Monthly,2025-11-14,in_224282018e,295.4,Paid,N,N
CUST-1254,Highfield Trades Group,Starter,Monthly,2025-12-29,in_2a5c1a545d,293.6,Paid,N,N
CUST-1255,Timberview Electrical Co,Pro,Monthly,2025-01-25,in_cc33214e1f,2454.45,Paid,Y,N
CUST-1255,Timberview Electrical Co,Pro,Monthly,2025-02-08,in_7027181fdc,2540.57,Paid,N,N
CUST-1255,Timberview Electrical Co,Pro,Monthly,2025-03-06,in_9eddb6f713,2445.86,Failed,N,N
CUST-1255,Timberview Electrical Co,Pro,Monthly,2025-04-30,in_d55df72296,2505.8,Paid,N,Y
CUST-1256,Marlow Electrical Co,Pro,Monthly,2025-04-17,in_594087d060,2573.24,Paid,Y,N
CUST-1256,Marlow Electrical Co,Pro,Monthly,2025-05-04,in_b28cf7e562,2465.62,Paid,N,N
CUST-1256,Marlow Electrical Co,Pro,Monthly,2025-06-29,in_e188978589,2523.85,Paid,N,N
CUST-1256,Marlow Electrical Co,Pro,Monthly,2025-07-08,in_bd5f751ef2,2507.52,Paid,N,N
CUST-1256,Marlow Electrical Co,Pro,Monthly,2025-08-10,in_4b441b0f92,2457.08,Paid,N,N
CUST-1256,Marlow Electrical Co,Pro,Monthly,2025-09-16,in_bedb0238b9,2456.04,Paid,N,N
CUST-1256,Marlow Electrical Co,Pro,Monthly,2025-10-21,in_176ef808fe,2439.27,Paid,N,N
CUST-1256,Marlow Electrical Co,Pro,Monthly,2025-11-03,in_a43cfb1d0e,2558.74,Paid,N,N
CUST-1256,Marlow Electrical Co,Pro,Monthly,2025-12-17,in_4f0cd743a9,2489.38,Paid,N,N
CUST-1257,Keystone Framing Co,Starter,Monthly,2025-02-17,in_56bcb894a5,294.84,Paid,Y,N
CUST-1257,Keystone Framing Co,Starter,Monthly,2025-03-05,in_cbbf0ab6fd,305.26,Paid,N,N
CUST-1257,Keystone Framing Co,Starter,Monthly,2025-04-01,in_49b21143a6,304.95,Paid,N,N
CUST-1257,Keystone Framing Co,Starter,Monthly,2025-05-14,in_20a072079b,292.68,Paid,N,N
CUST-1257,Keystone Framing Co,Starter,Monthly,2025-06-15,in_d07d3106cb,291.88,Paid,N,N
CUST-1257,Keystone Framing Co,Starter,Monthly,2025-07-07,in_7fe16f63a8,291.71,Paid,N,N
CUST-1257,Keystone Framing Co,Starter,Monthly,2025-08-02,in_8799ae64df,297.24,Paid,N,N
CUST-1257,Keystone Framing Co,Starter,Monthly,2025-09-26,in_373706e07e,299.1,Paid,N,N
CUST-1257,Keystone Framing Co,Starter,Monthly,2025-10-09,in_e2322faa09,304.41,Paid,N,N
CUST-1257,Keystone Framing Co,Starter,Monthly,2025-11-28,in_a292d5c242,293.45,Paid,N,N
CUST-1257,Keystone Framing Co,Starter,Monthly,2025-12-10,in_4f94516204,292.61,Paid,N,N
CUST-1258,Timberview Construction,Starter,Monthly,2025-02-05,in_7351a8544e,305.88,Paid,Y,N
CUST-1258,Timberview Construction,Starter,Monthly,2025-03-31,in_35c079657c,307.68,Paid,N,N
CUST-1258,Timberview Construction,Starter,Monthly,2025-04-10,in_29c2a06d81,291.89,Paid,N,N
CUST-1258,Timberview Construction,Starter,Monthly,2025-05-05,in_307065494f,290.92,Paid,N,N
CUST-1258,Timberview Construction,Starter,Monthly,2025-06-10,in_29e685489d,306.22,Paid,N,N
CUST-1258,Timberview Construction,Starter,Monthly,2025-07-01,in_be87558212,305.55,Paid,N,N
CUST-1258,Timberview Construction,Starter,Monthly,2025-08-06,in_36cbd8733c,295.98,Failed,N,N
CUST-1258,Timberview Construction,Starter,Monthly,2025-09-10,in_7a8026298b,301.59,Paid,N,N
CUST-1258,Timberview Construction,Starter,Monthly,2025-10-13,in_184af3feb6,301.95,Paid,N,N
CUST-1258,Timberview Construction,Starter,Monthly,2025-11-19,in_2c60557741,296.11,Paid,N,N
CUST-1258,Timberview Construction,Starter,Monthly,2025-12-11,in_aeaa9d4f89,305.64,Paid,N,N
CUST-1259,Alderwood Roofing,Starter,Monthly,2025-03-17,in_d067e57efc,299.19,Paid,Y,N
CUST-1259,Alderwood Roofing,Starter,Monthly,2025-04-04,in_47ce0db7f3,297.32,Paid,N,N
CUST-1259,Alderwood Roofing,Starter,Monthly,2025-05-27,in_e8c7303fea,295.92,Refunded,N,N
CUST-1259,Alderwood Roofing,Starter,Monthly,2025-06-04,in_db2c2bd3f2,299.97,Paid,N,Y
CUST-1260,Ironwood Roofing,Starter,Monthly,2025-04-05,in_a067871c2c,290.75,Refunded,Y,N
CUST-1260,Ironwood Roofing,Starter,Monthly,2025-05-14,in_b71e1605ff,300.83,Paid,N,N
CUST-1260,Ironwood Roofing,Starter,Monthly,2025-06-01,in_b2b466c6f7,303.72,Paid,N,N
CUST-1260,Ironwood Roofing,Starter,Monthly,2025-07-10,in_51c6417d5f,291.24,Paid,N,N
CUST-1260,Ironwood Roofing,Starter,Monthly,2025-08-23,in_206b1715fd,298.17,Paid,N,N
CUST-1260,Ironwood Roofing,Starter,Monthly,2025-09-07,in_9e5fd26954,306.95,Paid,N,N
CUST-1260,Ironwood Roofing,Starter,Monthly,2025-10-22,in_c395e867b5,290.84,Paid,N,N
CUST-1260,Ironwood Roofing,Starter,Monthly,2025-11-27,in_765adc6995,306.57,Paid,N,N
CUST-1260,Ironwood Roofing,Starter,Monthly,2025-12-13,in_254dfe6737,300.41,Paid,N,N
CUST-1261,Cobalt Roofing,Starter,Annual (prepaid),2025-06-25,in_24e8d014ad,291.53,Paid,Y,N
CUST-1261,Cobalt Roofing,Starter,Annual (prepaid),2025-07-01,in_37c070c5be,300.16,Paid,N,N
CUST-1261,Cobalt Roofing,Starter,Annual (prepaid),2025-08-25,in_94a0ea9877,298.0,Refunded,N,N
CUST-1261,Cobalt Roofing,Starter,Annual (prepaid),2025-09-24,in_4e4bdab3eb,307.56,Paid,N,N
CUST-1261,Cobalt Roofing,Starter,Annual (prepaid),2025-10-15,in_2d9215cd55,298.49,Paid,N,N
CUST-1261,Cobalt Roofing,Starter,Annual (prepaid),2025-11-01,in_df94fbeccc,299.7,Paid,N,N
CUST-1261,Cobalt Roofing,Starter,Annual (prepaid),2025-12-13,in_64160e28a9,307.47,Paid,N,N
CUST-1262,Ironwood Construction,Pro,Monthly,2025-03-24,in_4f18cd544e,2474.88,Paid,Y,N
CUST-1262,Ironwood Construction,Pro,Monthly,2025-04-01,in_e18ef7babd,2537.14,Paid,N,N
CUST-1262,Ironwood Construction,Pro,Monthly,2025-05-26,in_ba8e541465,2458.89,Paid,N,N
CUST-1262,Ironwood Construction,Pro,Monthly,2025-06-15,in_25193dda5e,2441.78,Paid,N,N
CUST-1262,Ironwood Construction,Pro,Monthly,2025-07-26,in_2e2357dedf,2444.67,Paid,N,N
CUST-1262,Ironwood Construction,Pro,Monthly,2025-08-13,in_2b002e1924,2554.58,Paid,N,N
CUST-1262,Ironwood Construction,Pro,Monthly,2025-09-12,in_85e74e96df,2476.89,Paid,N,N
CUST-1262,Ironwood Construction,Pro,Monthly,2025-10-22,in_558159187e,2436.0,Paid,N,N
CUST-1262,Ironwood Construction,Pro,Monthly,2025-11-23,in_da3f43bc1a,2511.63,Paid,N,N
CUST-1262,Ironwood Construction,Pro,Monthly,2025-12-28,in_868f64b7e9,2468.18,Paid,N,N
CUST-1263,Harbor Mechanical,Starter,Monthly,2025-01-14,in_81a85b262c,290.36,Paid,Y,N
CUST-1263,Harbor Mechanical,Starter,Monthly,2025-02-12,in_633c8aa4c3,303.08,Paid,N,N
CUST-1263,Harbor Mechanical,Starter,Monthly,2025-03-12,in_2f55680638,295.31,Paid,N,N
CUST-1263,Harbor Mechanical,Starter,Monthly,2025-04-23,in_2c66e86142,299.92,Paid,N,N
CUST-1263,Harbor Mechanical,Starter,Monthly,2025-05-29,in_2a182e3b67,306.05,Paid,N,N
CUST-1263,Harbor Mechanical,Starter,Monthly,2025-06-28,in_70661d4472,291.16,Paid,N,N
CUST-1263,Harbor Mechanical,Starter,Monthly,2025-07-06,in_34c009487f,302.21,Paid,N,N
CUST-1263,Harbor Mechanical,Starter,Monthly,2025-08-01,in_672e469769,294.24,Failed,N,N
CUST-1263,Harbor Mechanical,Starter,Monthly,2025-09-12,in_d7d0bd4e08,298.76,Paid,N,N
CUST-1263,Harbor Mechanical,Starter,Monthly,2025-10-04,in_26ed00a4eb,307.74,Paid,N,N
CUST-1263,Harbor Mechanical,Starter,Monthly,2025-11-28,in_a76d26ef7c,295.12,Paid,N,N
CUST-1263,Harbor Mechanical,Starter,Monthly,2025-12-02,in_536b81ecae,297.46,Paid,N,N
CUST-1264,Marlow Framing Co,Pro,Monthly,2025-04-23,in_bbb344dcee,2436.33,Paid,Y,N
CUST-1264,Marlow Framing Co,Pro,Monthly,2025-05-16,in_7e76269081,2568.27,Paid,N,N
CUST-1264,Marlow Framing Co,Pro,Monthly,2025-06-11,in_8dc82e1efb,2478.6,Paid,N,N
CUST-1264,Marlow Framing Co,Pro,Monthly,2025-07-10,in_d9511eeced,2447.79,Paid,N,N
CUST-1264,Marlow Framing Co,Pro,Monthly,2025-08-22,in_e7bdd1a347,2527.33,Paid,N,N
CUST-1264,Marlow Framing Co,Pro,Monthly,2025-09-03,in_e5633f7230,2537.7,Paid,N,N
CUST-1264,Marlow Framing Co,Pro,Monthly,2025-10-07,in_501fc66274,2566.04,Paid,N,N
CUST-1264,Marlow Framing Co,Pro,Monthly,2025-11-20,in_589bbe6fda,2555.5,Paid,N,N
CUST-1264,Marlow Framing Co,Pro,Monthly,2025-12-23,in_8f03b2f670,2474.43,Paid,N,N
CUST-1265,Cobalt General Contractors,Enterprise,Monthly,2025-04-25,in_57d9ab2f93,6643.66,Paid,Y,N
CUST-1265,Cobalt General Contractors,Enterprise,Monthly,2025-05-11,in_2908af02ab,6915.25,Paid,N,N
CUST-1265,Cobalt General Contractors,Enterprise,Monthly,2025-06-14,in_4c9b0bc39f,6932.22,Paid,N,N
CUST-1265,Cobalt General Contractors,Enterprise,Monthly,2025-07-19,in_1be0ebffee,6832.36,Paid,N,N
CUST-1265,Cobalt General Contractors,Enterprise,Monthly,2025-08-16,in_499315d2cb,6650.07,Paid,N,N
CUST-1265,Cobalt General Contractors,Enterprise,Monthly,2025-09-30,in_b4b3b077f7,6690.99,Paid,N,N
CUST-1265,Cobalt General Contractors,Enterprise,Monthly,2025-10-02,in_4715d9bace,6817.58,Failed,N,N
CUST-1265,Cobalt General Contractors,Enterprise,Monthly,2025-11-27,in_d03aee49c1,6648.93,Paid,N,N
CUST-1265,Cobalt General Contractors,Enterprise,Monthly,2025-12-27,in_e6b5272ce0,6757.07,Paid,N,N
CUST-1266,Cobalt Electrical Co,Growth,Monthly,2025-02-21,in_c254511c7d,914.2,Paid,Y,N
CUST-1266,Cobalt Electrical Co,Growth,Monthly,2025-03-04,in_87e21585d2,894.77,Paid,N,N
CUST-1266,Cobalt Electrical Co,Growth,Monthly,2025-04-12,in_58ad4710b8,885.01,Paid,N,N
CUST-1266,Cobalt Electrical Co,Growth,Monthly,2025-05-27,in_1e9c9f1c43,896.6,Paid,N,N
CUST-1266,Cobalt Electrical Co,Growth,Monthly,2025-06-05,in_b6adf83674,913.9,Paid,N,N
CUST-1266,Cobalt Electrical Co,Growth,Monthly,2025-07-22,in_5bbdd4892e,889.51,Paid,N,N
CUST-1266,Cobalt Electrical Co,Growth,Monthly,2025-08-17,in_e8759dfc38,885.97,Paid,N,N
CUST-1266,Cobalt Electrical Co,Growth,Monthly,2025-09-24,in_1cf51b5d6f,900.97,Paid,N,N
CUST-1266,Cobalt Electrical Co,Growth,Monthly,2025-10-09,in_2573b4335e,894.02,Paid,N,N
CUST-1266,Cobalt Electrical Co,Growth,Monthly,2025-11-30,in_1e98606194,903.83,Paid,N,N
CUST-1266,Cobalt Electrical Co,Growth,Monthly,2025-12-23,in_559980cc93,925.42,Paid,N,N
CUST-1267,Wexford Concrete,Starter,Annual (prepaid),2025-01-21,in_5bebaa52ab,294.81,Paid,Y,N
CUST-1267,Wexford Concrete,Starter,Annual (prepaid),2025-02-05,in_4ba0d8ec0a,302.95,Paid,N,N
CUST-1267,Wexford Concrete,Starter,Annual (prepaid),2025-03-31,in_5c987e63df,301.94,Paid,N,N
CUST-1267,Wexford Concrete,Starter,Annual (prepaid),2025-04-12,in_99d438af6d,296.35,Paid,N,N
CUST-1267,Wexford Concrete,Starter,Annual (prepaid),2025-05-09,in_9ea9bdac27,304.66,Paid,N,N
CUST-1267,Wexford Concrete,Starter,Annual (prepaid),2025-06-24,in_78db38836b,290.38,Paid,N,N
CUST-1267,Wexford Concrete,Starter,Annual (prepaid),2025-07-21,in_7c568be3fe,297.78,Paid,N,N
CUST-1267,Wexford Concrete,Starter,Annual (prepaid),2025-08-15,in_b0075a71c4,298.97,Paid,N,N
CUST-1267,Wexford Concrete,Starter,Annual (prepaid),2025-09-18,in_9d3c181c2d,301.92,Paid,N,N
CUST-1267,Wexford Concrete,Starter,Annual (prepaid),2025-10-25,in_a3246f4b56,300.81,Paid,N,N
CUST-1267,Wexford Concrete,Starter,Annual (prepaid),2025-11-19,in_88015ed432,302.19,Paid,N,N
CUST-1267,Wexford Concrete,Starter,Annual (prepaid),2025-12-21,in_cca52faacd,299.64,Paid,N,N
CUST-1268,Ridgeline General Contractors,Starter,Monthly,2025-01-30,in_d22a2851cc,302.3,Paid,Y,N
CUST-1268,Ridgeline General Contractors,Starter,Monthly,2025-02-01,in_48a71f7096,294.1,Paid,N,N
CUST-1268,Ridgeline General Contractors,Starter,Monthly,2025-03-22,in_da5c53a7b8,294.67,Failed,N,N
CUST-1268,Ridgeline General Contractors,Starter,Monthly,2025-04-14,in_9696b7f02e,296.11,Paid,N,N
CUST-1268,Ridgeline General Contractors,Starter,Monthly,2025-05-03,in_2e2aedff15,301.73,Paid,N,N
CUST-1268,Ridgeline General Contractors,Starter,Monthly,2025-06-29,in_74fbe75627,301.14,Refunded,N,N
CUST-1268,Ridgeline General Contractors,Starter,Monthly,2025-07-13,in_c716e25c8a,300.96,Paid,N,N
CUST-1268,Ridgeline General Contractors,Starter,Monthly,2025-08-12,in_199a114d4f,301.82,Paid,N,N
CUST-1268,Ridgeline General Contractors,Starter,Monthly,2025-09-12,in_6ca0eda940,293.79,Paid,N,N
CUST-1268,Ridgeline General Contractors,Starter,Monthly,2025-10-05,in_189d407114,303.52,Paid,N,N
CUST-1268,Ridgeline General Contractors,Starter,Monthly,2025-11-05,in_e4ded7d4db,301.7,Paid,N,N
CUST-1268,Ridgeline General Contractors,Starter,Monthly,2025-12-05,in_6e82992215,300.58,Paid,N,N
CUST-1269,Alderwood Construction,Growth,Monthly,2025-01-23,in_4898a1ce87,880.2,Paid,Y,N
CUST-1269,Alderwood Construction,Growth,Monthly,2025-02-22,in_8becb25820,880.37,Paid,N,N
CUST-1269,Alderwood Construction,Growth,Monthly,2025-03-13,in_3b6176d681,896.76,Paid,N,N
CUST-1269,Alderwood Construction,Growth,Monthly,2025-04-22,in_b17c5a4535,897.42,Paid,N,N
CUST-1269,Alderwood Construction,Growth,Monthly,2025-05-04,in_d7ea45c886,883.08,Paid,N,N
CUST-1269,Alderwood Construction,Growth,Monthly,2025-06-27,in_b20c28e313,913.69,Paid,N,N
CUST-1269,Alderwood Construction,Growth,Monthly,2025-07-27,in_950d1599b9,907.45,Paid,N,N
CUST-1269,Alderwood Construction,Growth,Monthly,2025-08-07,in_c195768917,876.19,Paid,N,N
CUST-1269,Alderwood Construction,Growth,Monthly,2025-09-19,in_d04befe7bc,886.28,Paid,N,N
CUST-1269,Alderwood Construction,Growth,Monthly,2025-10-11,in_afd378b9b9,885.84,Paid,N,N
CUST-1269,Alderwood Construction,Growth,Monthly,2025-11-22,in_b635e4d91e,917.73,Paid,N,N
CUST-1269,Alderwood Construction,Growth,Monthly,2025-12-21,in_770ec1d099,925.25,Paid,N,N
CUST-1270,Cobalt Builders,Growth,Monthly,2025-01-04,in_18a36aecd0,885.15,Paid,Y,N
CUST-1270,Cobalt Builders,Growth,Monthly,2025-02-15,in_b0bdb34a0d,894.67,Paid,N,N
CUST-1270,Cobalt Builders,Growth,Monthly,2025-03-03,in_6592a45bf4,912.53,Paid,N,N
CUST-1270,Cobalt Builders,Growth,Monthly,2025-04-28,in_b3f8d94347,925.64,Paid,N,N
CUST-1270,Cobalt Builders,Growth,Monthly,2025-05-23,in_63e98f7103,909.79,Paid,N,N
CUST-1270,Cobalt Builders,Growth,Monthly,2025-06-25,in_4f2bd6a7d0,917.67,Paid,N,N
CUST-1270,Cobalt Builders,Growth,Monthly,2025-07-30,in_b50b2e0c4b,913.2,Paid,N,N
CUST-1270,Cobalt Builders,Growth,Monthly,2025-08-12,in_7c3870e138,917.93,Paid,N,N
CUST-1270,Cobalt Builders,Growth,Monthly,2025-09-23,in_a8e8d57233,891.95,Paid,N,N
CUST-1270,Cobalt Builders,Growth,Monthly,2025-10-08,in_c08d3ef4de,922.57,Paid,N,N
CUST-1270,Cobalt Builders,Growth,Monthly,2025-11-11,in_3d2b9b6285,895.79,Paid,N,N
CUST-1270,Cobalt Builders,Growth,Monthly,2025-12-10,in_aac27604cf,918.75,Paid,N,N
CUST-1271,Summit Trades Group,Growth,Annual (prepaid),2025-04-29,in_76ff15baf8,890.16,Paid,Y,N
CUST-1271,Summit Trades Group,Growth,Annual (prepaid),2025-05-22,in_a089af1e72,883.12,Paid,N,N
CUST-1271,Summit Trades Group,Growth,Annual (prepaid),2025-06-09,in_4783e1ac4a,897.03,Paid,N,N
CUST-1271,Summit Trades Group,Growth,Annual (prepaid),2025-07-29,in_b6c1b849c6,910.28,Paid,N,N
CUST-1271,Summit Trades Group,Growth,Annual (prepaid),2025-08-25,in_8256dabd82,899.08,Paid,N,N
CUST-1271,Summit Trades Group,Growth,Annual (prepaid),2025-09-15,in_431f219a3f,886.74,Paid,N,N
CUST-1271,Summit Trades Group,Growth,Annual (prepaid),2025-10-13,in_6c033c8fee,916.98,Paid,N,N
CUST-1271,Summit Trades Group,Growth,Annual (prepaid),2025-11-25,in_50ef7b9755,888.15,Paid,N,N
CUST-1271,Summit Trades Group,Growth,Annual (prepaid),2025-12-05,in_ab832808ad,893.64,Paid,N,N
CUST-1272,Anchor Roofing,Pro,Monthly,2025-05-01,in_d77e18097a,2492.56,Paid,Y,N
CUST-1272,Anchor Roofing,Pro,Monthly,2025-06-16,in_476b3c001a,2439.06,Paid,N,N
CUST-1272,Anchor Roofing,Pro,Monthly,2025-07-31,in_97cf297848,2516.96,Paid,N,N
CUST-1272,Anchor Roofing,Pro,Monthly,2025-08-05,in_c318a96c75,2486.82,Paid,N,N
CUST-1272,Anchor Roofing,Pro,Monthly,2025-09-03,in_4035736231,2513.46,Paid,N,N
CUST-1272,Anchor Roofing,Pro,Monthly,2025-10-16,in_1e38011ea0,2568.79,Paid,N,N
CUST-1272,Anchor Roofing,Pro,Monthly,2025-11-25,in_6447e553d2,2518.45,Paid,N,N
CUST-1272,Anchor Roofing,Pro,Monthly,2025-12-17,in_81bf26a3dc,2472.14,Paid,N,N
CUST-1273,Pinecrest Mechanical,Starter,Monthly,2025-03-28,in_5a538886c8,291.38,Paid,Y,N
CUST-1273,Pinecrest Mechanical,Starter,Monthly,2025-04-07,in_9042826c9f,293.27,Paid,N,N
CUST-1273,Pinecrest Mechanical,Starter,Monthly,2025-05-27,in_5d6f4a8332,304.2,Paid,N,N
CUST-1273,Pinecrest Mechanical,Starter,Monthly,2025-06-08,in_87a2853334,291.32,Paid,N,N
CUST-1273,Pinecrest Mechanical,Starter,Monthly,2025-07-23,in_79f1c5672c,306.54,Paid,N,N
CUST-1273,Pinecrest Mechanical,Starter,Monthly,2025-08-31,in_56e7a15f3d,302.12,Paid,N,N
CUST-1273,Pinecrest Mechanical,Starter,Monthly,2025-09-29,in_694732956d,305.99,Paid,N,N
CUST-1273,Pinecrest Mechanical,Starter,Monthly,2025-10-26,in_6ae61bb63f,290.73,Paid,N,N
CUST-1273,Pinecrest Mechanical,Starter,Monthly,2025-11-14,in_2a178e3045,305.59,Paid,N,N
CUST-1273,Pinecrest Mechanical,Starter,Monthly,2025-12-18,in_2c10a0426a,301.86,Paid,N,N
CUST-1274,Foster Contracting,Growth,Monthly,2025-03-09,in_83c2ca625f,906.81,Paid,Y,N
CUST-1274,Foster Contracting,Growth,Monthly,2025-04-11,in_673dc52350,880.37,Paid,N,N
CUST-1274,Foster Contracting,Growth,Monthly,2025-05-01,in_2a9dd6773d,879.42,Paid,N,N
CUST-1274,Foster Contracting,Growth,Monthly,2025-06-21,in_3b95c1f881,916.09,Paid,N,N
CUST-1274,Foster Contracting,Growth,Monthly,2025-07-29,in_7e51b55e24,873.82,Paid,N,N
CUST-1274,Foster Contracting,Growth,Monthly,2025-08-23,in_65f04d17d3,922.45,Paid,N,N
CUST-1274,Foster Contracting,Growth,Monthly,2025-09-28,in_b95ac42073,904.66,Paid,N,N
CUST-1274,Foster Contracting,Growth,Monthly,2025-10-26,in_38f8066ba4,898.71,Paid,N,N
CUST-1274,Foster Contracting,Growth,Monthly,2025-11-09,in_1af8c5bb43,876.77,Paid,N,N
CUST-1274,Foster Contracting,Growth,Monthly,2025-12-31,in_b24b7bf789,904.56,Paid,N,N
CUST-1275,Vantage Framing Co,Pro,Monthly,2025-04-23,in_af0347be5a,2450.35,Paid,Y,N
CUST-1275,Vantage Framing Co,Pro,Monthly,2025-05-16,in_b925f39ccb,2569.62,Failed,N,N
CUST-1275,Vantage Framing Co,Pro,Monthly,2025-06-04,in_dcfb994f7d,2496.11,Paid,N,N
CUST-1275,Vantage Framing Co,Pro,Monthly,2025-07-14,in_82c7383791,2520.01,Paid,N,N
CUST-1275,Vantage Framing Co,Pro,Monthly,2025-08-29,in_8d18c975ae,2519.84,Paid,N,N
CUST-1275,Vantage Framing Co,Pro,Monthly,2025-09-06,in_c2630dcbe5,2565.62,Paid,N,N
CUST-1275,Vantage Framing Co,Pro,Monthly,2025-10-12,in_bc8b37098b,2560.11,Paid,N,N
CUST-1275,Vantage Framing Co,Pro,Monthly,2025-11-01,in_66dce67308,2517.57,Paid,N,N
CUST-1275,Vantage Framing Co,Pro,Monthly,2025-12-11,in_d700c140d1,2569.07,Paid,N,N
CUST-1276,Pinecrest General Contractors,Pro,Monthly,2025-01-23,in_823d251cd4,2449.11,Paid,Y,N
CUST-1276,Pinecrest General Contractors,Pro,Monthly,2025-02-08,in_97a188d03d,2517.38,Paid,N,N
CUST-1276,Pinecrest General Contractors,Pro,Monthly,2025-03-27,in_310c46c650,2509.8,Paid,N,N
CUST-1276,Pinecrest General Contractors,Pro,Monthly,2025-04-20,in_ae88be9881,2530.7,Paid,N,N
CUST-1276,Pinecrest General Contractors,Pro,Monthly,2025-05-25,in_cd878eb499,2566.35,Paid,N,N
CUST-1276,Pinecrest General Contractors,Pro,Monthly,2025-06-09,in_a762abb8b4,2510.9,Paid,N,N
CUST-1276,Pinecrest General Contractors,Pro,Monthly,2025-07-16,in_d212f4c08f,2528.41,Failed,N,N
CUST-1276,Pinecrest General Contractors,Pro,Monthly,2025-08-11,in_7c3bbb23f9,2491.53,Paid,N,N
CUST-1276,Pinecrest General Contractors,Pro,Monthly,2025-09-30,in_4bf0865165,2522.71,Paid,N,N
CUST-1276,Pinecrest General Contractors,Pro,Monthly,2025-10-15,in_95c49714ad,2489.03,Paid,N,N
CUST-1276,Pinecrest General Contractors,Pro,Monthly,2025-11-20,in_9dc5e4b958,2436.88,Paid,N,N
CUST-1276,Pinecrest General Contractors,Pro,Monthly,2025-12-05,in_727415b3c0,2547.98,Paid,N,N
CUST-1277,Timberview Contracting,Enterprise,Monthly,2025-04-15,in_e2dc8115f9,6982.53,Paid,Y,N
CUST-1277,Timberview Contracting,Enterprise,Monthly,2025-05-29,in_4efb89df88,6738.45,Paid,N,N
CUST-1277,Timberview Contracting,Enterprise,Monthly,2025-06-20,in_332b7e0c7b,6818.58,Paid,N,N
CUST-1277,Timberview Contracting,Enterprise,Monthly,2025-07-26,in_e165f5598c,6823.77,Paid,N,N
CUST-1277,Timberview Contracting,Enterprise,Monthly,2025-08-13,in_e75ace1a5a,6995.89,Paid,N,N
CUST-1277,Timberview Contracting,Enterprise,Monthly,2025-09-14,in_a0896c7498,6610.48,Paid,N,N
CUST-1277,Timberview Contracting,Enterprise,Monthly,2025-10-18,in_4355b64b9e,6914.8,Paid,N,N
CUST-1277,Timberview Contracting,Enterprise,Monthly,2025-11-26,in_4b933e2295,6776.19,Paid,N,N
CUST-1277,Timberview Contracting,Enterprise,Monthly,2025-12-29,in_e601428886,6876.66,Paid,N,N
CUST-1278,Redwood Framing Co,Growth,Monthly,2025-01-09,in_b728c07309,891.01,Paid,Y,N
CUST-1278,Redwood Framing Co,Growth,Monthly,2025-02-16,in_7c356b36c1,913.89,Paid,N,N
CUST-1278,Redwood Framing Co,Growth,Monthly,2025-03-07,in_73405b29d4,885.37,Paid,N,N
CUST-1278,Redwood Framing Co,Growth,Monthly,2025-04-18,in_63deed95ab,922.39,Paid,N,N
CUST-1278,Redwood Framing Co,Growth,Monthly,2025-05-10,in_69805d0c31,877.4,Paid,N,N
CUST-1278,Redwood Framing Co,Growth,Monthly,2025-06-24,in_4febd52869,880.5,Paid,N,N
CUST-1278,Redwood Framing Co,Growth,Monthly,2025-07-31,in_2c0f376f5d,901.83,Paid,N,N
CUST-1278,Redwood Framing Co,Growth,Monthly,2025-08-27,in_79c0510187,925.32,Paid,N,N
CUST-1278,Redwood Framing Co,Growth,Monthly,2025-09-24,in_52947289cf,921.22,Paid,N,N
CUST-1278,Redwood Framing Co,Growth,Monthly,2025-10-12,in_6189be12fd,902.31,Paid,N,N
CUST-1278,Redwood Framing Co,Growth,Monthly,2025-11-15,in_de3b0fec98,907.39,Paid,N,N
CUST-1278,Redwood Framing Co,Growth,Monthly,2025-12-17,in_e67df43510,894.71,Paid,N,N
CUST-1279,Vantage Mechanical,Enterprise,Monthly,2025-01-07,in_6c473f902f,6981.47,Paid,Y,N
CUST-1279,Vantage Mechanical,Enterprise,Monthly,2025-02-03,in_918b1671b0,6744.48,Paid,N,N
CUST-1279,Vantage Mechanical,Enterprise,Monthly,2025-03-07,in_51c2075432,6829.43,Paid,N,N
CUST-1279,Vantage Mechanical,Enterprise,Monthly,2025-04-02,in_e47d270b1c,6737.05,Paid,N,N
CUST-1279,Vantage Mechanical,Enterprise,Monthly,2025-05-04,in_adfe4d06a5,6837.92,Paid,N,N
CUST-1279,Vantage Mechanical,Enterprise,Monthly,2025-06-09,in_e0cac51f92,6611.63,Paid,N,N
CUST-1279,Vantage Mechanical,Enterprise,Monthly,2025-07-18,in_2c82ca6dd1,6829.43,Paid,N,N
CUST-1279,Vantage Mechanical,Enterprise,Monthly,2025-08-27,in_223d97d06f,6951.17,Paid,N,N
CUST-1279,Vantage Mechanical,Enterprise,Monthly,2025-09-11,in_356ea3b767,6815.12,Paid,N,N
CUST-1279,Vantage Mechanical,Enterprise,Monthly,2025-10-05,in_7f5d70daf8,6953.51,Paid,N,N
CUST-1279,Vantage Mechanical,Enterprise,Monthly,2025-11-29,in_1f57fb1aaa,6650.22,Paid,N,N
CUST-1279,Vantage Mechanical,Enterprise,Monthly,2025-12-23,in_b4e5092e5c,6873.27,Paid,N,N
CUST-1280,Redwood Trades Group,Pro,Monthly,2025-03-11,in_c8315060f8,2518.43,Paid,Y,N
CUST-1280,Redwood Trades Group,Pro,Monthly,2025-04-18,in_389bf1c046,2494.02,Paid,N,N
CUST-1280,Redwood Trades Group,Pro,Monthly,2025-05-26,in_bb3d56602a,2456.48,Paid,N,N
CUST-1280,Redwood Trades Group,Pro,Monthly,2025-06-14,in_4f4532a1a3,2426.11,Paid,N,N
CUST-1280,Redwood Trades Group,Pro,Monthly,2025-07-01,in_1922bbefdb,2456.27,Paid,N,N
CUST-1280,Redwood Trades Group,Pro,Monthly,2025-08-27,in_42ef3328e2,2530.05,Paid,N,N
CUST-1280,Redwood Trades Group,Pro,Monthly,2025-09-09,in_26fc302eb9,2555.59,Paid,N,N
CUST-1280,Redwood Trades Group,Pro,Monthly,2025-10-07,in_69d5701ce6,2467.65,Paid,N,N
CUST-1280,Redwood Trades Group,Pro,Monthly,2025-11-04,in_c12987f8a6,2456.47,Paid,N,N
CUST-1280,Redwood Trades Group,Pro,Monthly,2025-12-30,in_c57ee70ad2,2470.89,Paid,N,N
CUST-1281,Highfield Builders,Growth,Monthly,2025-01-03,in_b1a8be3b95,914.23,Paid,Y,N
CUST-1281,Highfield Builders,Growth,Monthly,2025-02-27,in_6c2a716228,887.21,Paid,N,N
CUST-1281,Highfield Builders,Growth,Monthly,2025-03-22,in_df15712620,905.19,Paid,N,N
CUST-1281,Highfield Builders,Growth,Monthly,2025-04-05,in_e244a5c15d,910.55,Paid,N,N
CUST-1281,Highfield Builders,Growth,Monthly,2025-05-17,in_b12033e6ef,887.92,Paid,N,N
CUST-1281,Highfield Builders,Growth,Monthly,2025-06-17,in_1fc358b499,899.34,Paid,N,N
CUST-1281,Highfield Builders,Growth,Monthly,2025-07-23,in_1d3cd54f6c,882.76,Paid,N,N
CUST-1281,Highfield Builders,Growth,Monthly,2025-08-08,in_32ac036087,898.62,Paid,N,N
CUST-1281,Highfield Builders,Growth,Monthly,2025-09-14,in_3cfb48aa21,890.72,Paid,N,N
CUST-1281,Highfield Builders,Growth,Monthly,2025-10-18,in_28b3e76cc5,909.11,Failed,N,N
CUST-1281,Highfield Builders,Growth,Monthly,2025-11-24,in_74f139b86c,923.58,Paid,N,N
CUST-1281,Highfield Builders,Growth,Monthly,2025-12-18,in_88f2ead381,913.47,Paid,N,N
CUST-1282,Harbor Mechanical,Pro,Monthly,2025-02-20,in_592331b27d,2455.87,Paid,Y,N
CUST-1282,Harbor Mechanical,Pro,Monthly,2025-03-03,in_3778c981ae,2528.59,Paid,N,N
CUST-1282,Harbor Mechanical,Pro,Monthly,2025-04-09,in_cf34385ace,2427.61,Paid,N,N
CUST-1282,Harbor Mechanical,Pro,Monthly,2025-05-29,in_38aba32810,2492.82,Paid,N,N
CUST-1282,Harbor Mechanical,Pro,Monthly,2025-06-04,in_97a381b000,2544.55,Paid,N,N
CUST-1282,Harbor Mechanical,Pro,Monthly,2025-07-25,in_bc3c92cb77,2549.87,Paid,N,N
CUST-1282,Harbor Mechanical,Pro,Monthly,2025-08-23,in_db0d6475c7,2427.94,Paid,N,N
CUST-1282,Harbor Mechanical,Pro,Monthly,2025-09-01,in_1f6d732620,2553.84,Paid,N,N
CUST-1282,Harbor Mechanical,Pro,Monthly,2025-10-05,in_96a9f63380,2475.97,Paid,N,N
CUST-1282,Harbor Mechanical,Pro,Monthly,2025-11-24,in_2a93430ea9,2432.0,Paid,N,N
CUST-1282,Harbor Mechanical,Pro,Monthly,2025-12-02,in_8e59964773,2562.31,Paid,N,N
CUST-1283,Brightline General Contractors,Starter,Monthly,2025-01-07,in_921d938d4e,300.52,Paid,Y,N
CUST-1283,Brightline General Contractors,Starter,Monthly,2025-02-04,in_e5785a4e54,300.19,Paid,N,N
CUST-1283,Brightline General Contractors,Starter,Monthly,2025-03-14,in_6505066293,290.1,Paid,N,N
CUST-1283,Brightline General Contractors,Starter,Monthly,2025-04-02,in_2cd0ba404d,297.35,Paid,N,N
CUST-1283,Brightline General Contractors,Starter,Monthly,2025-05-29,in_73a6058329,300.97,Paid,N,Y
CUST-1284,Summit General Contractors,Starter,Monthly,2025-01-25,in_bcd9d0548d,297.76,Paid,Y,N
CUST-1284,Summit General Contractors,Starter,Monthly,2025-02-28,in_7503a3a411,300.46,Paid,N,N
CUST-1284,Summit General Contractors,Starter,Monthly,2025-03-28,in_4a39ed0f12,306.9,Paid,N,N
CUST-1284,Summit General Contractors,Starter,Monthly,2025-04-14,in_d8a878bd2e,307.14,Paid,N,N
CUST-1284,Summit General Contractors,Starter,Monthly,2025-05-19,in_de1fe0c64c,299.45,Paid,N,N
CUST-1284,Summit General Contractors,Starter,Monthly,2025-06-02,in_565f77dd62,299.17,Paid,N,N
CUST-1284,Summit General Contractors,Starter,Monthly,2025-07-26,in_761734fa18,296.95,Paid,N,N
CUST-1284,Summit General Contractors,Starter,Monthly,2025-08-26,in_5fa1d98454,298.47,Paid,N,N
CUST-1284,Summit General Contractors,Starter,Monthly,2025-09-17,in_4a05a46617,292.9,Paid,N,N
CUST-1284,Summit General Contractors,Starter,Monthly,2025-10-26,in_650b26e7fd,304.86,Paid,N,N
CUST-1284,Summit General Contractors,Starter,Monthly,2025-11-27,in_c0043391f8,298.14,Paid,N,N
CUST-1284,Summit General Contractors,Starter,Monthly,2025-12-22,in_80e20bba48,291.45,Paid,N,N
CUST-1285,Wexford Builders,Growth,Monthly,2025-01-04,in_788d58bea1,920.91,Paid,Y,N
CUST-1285,Wexford Builders,Growth,Monthly,2025-02-23,in_a177926e7e,924.65,Paid,N,N
CUST-1285,Wexford Builders,Growth,Monthly,2025-03-09,in_624edab674,899.56,Paid,N,N
CUST-1285,Wexford Builders,Growth,Monthly,2025-04-08,in_9543c3218b,907.97,Paid,N,N
CUST-1285,Wexford Builders,Growth,Monthly,2025-05-17,in_671b879e69,914.09,Paid,N,N
CUST-1285,Wexford Builders,Growth,Monthly,2025-06-25,in_3c9d8e3d14,924.67,Failed,N,N
CUST-1285,Wexford Builders,Growth,Monthly,2025-07-20,in_a7278693ff,903.67,Paid,N,N
CUST-1285,Wexford Builders,Growth,Monthly,2025-08-22,in_2c8debacba,899.16,Paid,N,N
CUST-1285,Wexford Builders,Growth,Monthly,2025-09-18,in_ad2cc9544c,892.16,Paid,N,N
CUST-1285,Wexford Builders,Growth,Monthly,2025-10-26,in_b8acd848d4,912.78,Failed,N,N
CUST-1285,Wexford Builders,Growth,Monthly,2025-11-29,in_802b0106d3,910.13,Paid,N,N
CUST-1285,Wexford Builders,Growth,Monthly,2025-12-12,in_d49aaf9c59,908.6,Paid,N,N
CUST-1286,Cobalt Trades Group,Growth,Annual (prepaid),2025-01-24,in_e0db9082b8,882.72,Paid,Y,N
CUST-1286,Cobalt Trades Group,Growth,Annual (prepaid),2025-02-14,in_371600d926,905.75,Paid,N,N
CUST-1286,Cobalt Trades Group,Growth,Annual (prepaid),2025-03-10,in_2f77a870b2,905.01,Paid,N,N
CUST-1286,Cobalt Trades Group,Growth,Annual (prepaid),2025-04-11,in_da0aea2ad2,914.84,Paid,N,N
CUST-1286,Cobalt Trades Group,Growth,Annual (prepaid),2025-05-13,in_24cf0d7598,888.97,Paid,N,N
CUST-1286,Cobalt Trades Group,Growth,Annual (prepaid),2025-06-20,in_17d07b6742,918.31,Paid,N,N
CUST-1286,Cobalt Trades Group,Growth,Annual (prepaid),2025-07-04,in_a9ee6382e0,887.38,Paid,N,N
CUST-1286,Cobalt Trades Group,Growth,Annual (prepaid),2025-08-21,in_d6f304d163,900.45,Paid,N,N
CUST-1286,Cobalt Trades Group,Growth,Annual (prepaid),2025-09-27,in_df982b4762,888.88,Paid,N,N
CUST-1286,Cobalt Trades Group,Growth,Annual (prepaid),2025-10-19,in_32711e9e82,911.5,Paid,N,N
CUST-1286,Cobalt Trades Group,Growth,Annual (prepaid),2025-11-17,in_cba66d58d7,912.97,Paid,N,N
CUST-1286,Cobalt Trades Group,Growth,Annual (prepaid),2025-12-23,in_b1dbc77c02,874.96,Paid,N,N
CUST-1287,Brightline Roofing,Starter,Monthly,2025-02-11,in_963af35302,301.28,Paid,Y,N
CUST-1287,Brightline Roofing,Starter,Monthly,2025-03-21,in_a64c78519f,300.87,Paid,N,N
CUST-1287,Brightline Roofing,Starter,Monthly,2025-04-19,in_5b13e09af7,293.8,Paid,N,N
CUST-1287,Brightline Roofing,Starter,Monthly,2025-05-31,in_9cffe9ae13,297.46,Paid,N,N
CUST-1287,Brightline Roofing,Starter,Monthly,2025-06-16,in_b08b82e100,303.52,Paid,N,N
CUST-1287,Brightline Roofing,Starter,Monthly,2025-07-01,in_63b33c14e2,297.64,Refunded,N,N
CUST-1287,Brightline Roofing,Starter,Monthly,2025-08-30,in_75755380d1,306.3,Paid,N,N
CUST-1287,Brightline Roofing,Starter,Monthly,2025-09-28,in_e1f4b5660a,306.13,Paid,N,N
CUST-1287,Brightline Roofing,Starter,Monthly,2025-10-22,in_b03b82dc0a,292.51,Paid,N,N
CUST-1287,Brightline Roofing,Starter,Monthly,2025-11-21,in_a99b3ae4ab,297.18,Paid,N,N
CUST-1287,Brightline Roofing,Starter,Monthly,2025-12-28,in_96a7e96fff,300.93,Paid,N,N
CUST-1288,Cobalt Electrical Co,Growth,Monthly,2025-01-18,in_711dcaabe4,875.14,Paid,Y,N
CUST-1288,Cobalt Electrical Co,Growth,Monthly,2025-02-17,in_93bdb5fe3a,924.73,Paid,N,N
CUST-1288,Cobalt Electrical Co,Growth,Monthly,2025-03-28,in_727589003e,910.21,Paid,N,N
CUST-1288,Cobalt Electrical Co,Growth,Monthly,2025-04-19,in_600373d5e4,912.01,Paid,N,N
CUST-1288,Cobalt Electrical Co,Growth,Monthly,2025-05-18,in_9008bbf7a2,919.18,Paid,N,N
CUST-1288,Cobalt Electrical Co,Growth,Monthly,2025-06-16,in_5610e7b633,884.99,Paid,N,N
CUST-1288,Cobalt Electrical Co,Growth,Monthly,2025-07-26,in_bf53b88e08,893.96,Paid,N,N
CUST-1288,Cobalt Electrical Co,Growth,Monthly,2025-08-09,in_c8fd5e9130,882.41,Paid,N,Y
CUST-1289,Highfield Roofing,Growth,Monthly,2025-06-29,in_a2b68ad345,898.84,Paid,Y,N
CUST-1289,Highfield Roofing,Growth,Monthly,2025-07-02,in_765352568f,885.8,Paid,N,N
CUST-1289,Highfield Roofing,Growth,Monthly,2025-08-17,in_4813cbc148,874.68,Paid,N,N
CUST-1289,Highfield Roofing,Growth,Monthly,2025-09-28,in_4daae5a864,896.33,Paid,N,N
CUST-1289,Highfield Roofing,Growth,Monthly,2025-10-22,in_41de9735d0,919.73,Paid,N,N
CUST-1289,Highfield Roofing,Growth,Monthly,2025-11-11,in_77e85a907e,925.77,Paid,N,N
CUST-1289,Highfield Roofing,Growth,Monthly,2025-12-30,in_7d03562046,913.49,Paid,N,N
CUST-1290,Summit General Contractors,Pro,Monthly,2025-01-04,in_b90edf3546,2470.63,Paid,Y,N
CUST-1290,Summit General Contractors,Pro,Monthly,2025-02-02,in_6992b844e5,2467.45,Paid,N,N
CUST-1290,Summit General Contractors,Pro,Monthly,2025-03-27,in_909891711c,2457.2,Paid,N,N
CUST-1290,Summit General Contractors,Pro,Monthly,2025-04-08,in_cd63bb8e8c,2446.3,Paid,N,N
CUST-1290,Summit General Contractors,Pro,Monthly,2025-05-06,in_797c51685f,2444.17,Paid,N,N
CUST-1290,Summit General Contractors,Pro,Monthly,2025-06-24,in_6106a2480f,2516.99,Paid,N,N
CUST-1290,Summit General Contractors,Pro,Monthly,2025-07-18,in_1f8a31bd9e,2428.99,Paid,N,N
CUST-1290,Summit General Contractors,Pro,Monthly,2025-08-28,in_b1c645f1ce,2566.02,Paid,N,N
CUST-1290,Summit General Contractors,Pro,Monthly,2025-09-04,in_e86beeb6dd,2512.7,Paid,N,N
CUST-1290,Summit General Contractors,Pro,Monthly,2025-10-12,in_33d125937c,2459.1,Paid,N,N
CUST-1290,Summit General Contractors,Pro,Monthly,2025-11-03,in_94013e19cf,2517.81,Failed,N,N
CUST-1290,Summit General Contractors,Pro,Monthly,2025-12-22,in_73025624f3,2447.55,Paid,N,N
CUST-1291,Wexford Construction,Growth,Annual (prepaid),2025-03-12,in_bd652eb39b,897.4,Paid,Y,N
CUST-1291,Wexford Construction,Growth,Annual (prepaid),2025-04-24,in_87ec6ff484,912.15,Paid,N,N
CUST-1291,Wexford Construction,Growth,Annual (prepaid),2025-05-11,in_9117c95ee2,916.26,Paid,N,N
CUST-1291,Wexford Construction,Growth,Annual (prepaid),2025-06-09,in_53d4aef9aa,904.24,Paid,N,Y
CUST-1292,Pinecrest Trades Group,Pro,Monthly,2025-03-11,in_d74fc91973,2456.01,Paid,Y,N
CUST-1292,Pinecrest Trades Group,Pro,Monthly,2025-04-29,in_9e4bb455e3,2518.03,Paid,N,N
CUST-1292,Pinecrest Trades Group,Pro,Monthly,2025-05-10,in_babc49e1ab,2534.87,Paid,N,N
CUST-1292,Pinecrest Trades Group,Pro,Monthly,2025-06-06,in_633dac9b99,2488.08,Paid,N,N
CUST-1292,Pinecrest Trades Group,Pro,Monthly,2025-07-26,in_c620ba7c4c,2558.12,Paid,N,N
CUST-1292,Pinecrest Trades Group,Pro,Monthly,2025-08-24,in_b936157bd0,2446.73,Paid,N,N
CUST-1292,Pinecrest Trades Group,Pro,Monthly,2025-09-23,in_26acae1000,2431.08,Paid,N,N
CUST-1292,Pinecrest Trades Group,Pro,Monthly,2025-10-29,in_c32998d7fb,2496.26,Paid,N,N
CUST-1292,Pinecrest Trades Group,Pro,Monthly,2025-11-10,in_66195a8789,2438.72,Paid,N,N
CUST-1292,Pinecrest Trades Group,Pro,Monthly,2025-12-12,in_64ae099932,2529.09,Paid,N,N
CUST-1293,Anchor Builders,Growth,Monthly,2025-12-30,in_83d9d2e984,904.82,Paid,Y,N
CUST-1294,Stonegate Concrete,Starter,Monthly,2025-04-27,in_50f532fb73,298.82,Paid,Y,N
CUST-1294,Stonegate Concrete,Starter,Monthly,2025-05-13,in_3d6081d36c,295.44,Paid,N,N
CUST-1294,Stonegate Concrete,Starter,Monthly,2025-06-27,in_8aab4f3da1,304.1,Paid,N,N
CUST-1294,Stonegate Concrete,Starter,Monthly,2025-07-03,in_74f3cf2cea,300.64,Paid,N,N
CUST-1294,Stonegate Concrete,Starter,Monthly,2025-08-26,in_a6550abb41,298.29,Paid,N,N
CUST-1294,Stonegate Concrete,Starter,Monthly,2025-09-14,in_779ad1d764,293.18,Paid,N,N
CUST-1294,Stonegate Concrete,Starter,Monthly,2025-10-04,in_9c6fa6effe,302.81,Paid,N,N
CUST-1294,Stonegate Concrete,Starter,Monthly,2025-11-07,in_e52e911d40,307.77,Paid,N,N
CUST-1294,Stonegate Concrete,Starter,Monthly,2025-12-11,in_d4f7d811e6,299.21,Paid,N,N
CUST-1295,Highfield General Contractors,Pro,Monthly,2025-05-24,in_1eb2d1b2f8,2543.49,Paid,Y,N
CUST-1295,Highfield General Contractors,Pro,Monthly,2025-06-07,in_8f2e9e1e64,2535.27,Paid,N,N
CUST-1295,Highfield General Contractors,Pro,Monthly,2025-07-07,in_882ac0ca92,2424.65,Paid,N,N
CUST-1295,Highfield General Contractors,Pro,Monthly,2025-08-27,in_356f56d7d3,2437.6,Paid,N,N
CUST-1295,Highfield General Contractors,Pro,Monthly,2025-09-17,in_b4694d59e7,2454.04,Paid,N,N
CUST-1295,Highfield General Contractors,Pro,Monthly,2025-10-28,in_1840d31763,2439.78,Paid,N,Y
CUST-1296,Highfield General Contractors,Starter,Monthly,2025-01-22,in_1a5424dbc0,306.69,Paid,Y,N
CUST-1296,Highfield General Contractors,Starter,Monthly,2025-02-04,in_56b01e3eeb,293.91,Paid,N,N
CUST-1296,Highfield General Contractors,Starter,Monthly,2025-03-16,in_6b2c607ba6,291.78,Paid,N,N
CUST-1296,Highfield General Contractors,Starter,Monthly,2025-04-11,in_3dfab57790,296.54,Paid,N,N
CUST-1296,Highfield General Contractors,Starter,Monthly,2025-05-29,in_c848151f67,295.21,Paid,N,N
CUST-1296,Highfield General Contractors,Starter,Monthly,2025-06-17,in_36f108bf56,298.18,Paid,N,N
CUST-1296,Highfield General Contractors,Starter,Monthly,2025-07-28,in_3470da7a65,299.25,Paid,N,N
CUST-1296,Highfield General Contractors,Starter,Monthly,2025-08-09,in_6fc4cce4b2,305.25,Paid,N,N
CUST-1296,Highfield General Contractors,Starter,Monthly,2025-09-13,in_c78a01304e,296.61,Paid,N,N
CUST-1296,Highfield General Contractors,Starter,Monthly,2025-10-30,in_e3bfb792b3,299.67,Paid,N,N
CUST-1296,Highfield General Contractors,Starter,Monthly,2025-11-29,in_aac6fbc4af,299.46,Paid,N,N
CUST-1296,Highfield General Contractors,Starter,Monthly,2025-12-03,in_2ac25f1ab3,303.51,Paid,N,N
CUST-1297,Wexford Framing Co,Pro,Annual (prepaid),2025-03-03,in_b81212fc10,2525.15,Paid,Y,N
CUST-1297,Wexford Framing Co,Pro,Annual (prepaid),2025-04-21,in_8106a6dcf0,2569.98,Paid,N,N
CUST-1297,Wexford Framing Co,Pro,Annual (prepaid),2025-05-31,in_5b3968e955,2521.5,Paid,N,N
CUST-1297,Wexford Framing Co,Pro,Annual (prepaid),2025-06-10,in_901f3584e1,2425.03,Paid,N,N
CUST-1297,Wexford Framing Co,Pro,Annual (prepaid),2025-07-28,in_59aa504541,2441.62,Paid,N,N
CUST-1297,Wexford Framing Co,Pro,Annual (prepaid),2025-08-16,in_d37702d414,2528.09,Paid,N,N
CUST-1297,Wexford Framing Co,Pro,Annual (prepaid),2025-09-23,in_ae2f08e9c6,2487.76,Paid,N,N
CUST-1297,Wexford Framing Co,Pro,Annual (prepaid),2025-10-31,in_cf0992c3a1,2548.07,Paid,N,N
CUST-1297,Wexford Framing Co,Pro,Annual (prepaid),2025-11-23,in_ab2b65191d,2492.6,Paid,N,N
CUST-1297,Wexford Framing Co,Pro,Annual (prepaid),2025-12-12,in_d6deb00b51,2492.61,Paid,N,N
CUST-1298,Ironwood Mechanical,Growth,Monthly,2025-01-23,in_8f0fc11ddc,877.03,Failed,Y,N
CUST-1298,Ironwood Mechanical,Growth,Monthly,2025-02-09,in_d39bcafe93,907.94,Paid,N,N
CUST-1298,Ironwood Mechanical,Growth,Monthly,2025-03-11,in_43fac5f316,877.72,Paid,N,N
CUST-1298,Ironwood Mechanical,Growth,Monthly,2025-04-18,in_4ada1d2c36,882.37,Paid,N,N
CUST-1298,Ironwood Mechanical,Growth,Monthly,2025-05-24,in_a6366eac19,908.4,Paid,N,N
CUST-1298,Ironwood Mechanical,Growth,Monthly,2025-06-25,in_ccc7db4429,886.24,Paid,N,N
CUST-1298,Ironwood Mechanical,Growth,Monthly,2025-07-10,in_40c21e0d22,902.49,Paid,N,N
CUST-1298,Ironwood Mechanical,Growth,Monthly,2025-08-28,in_ca8763c3a1,875.42,Refunded,N,N
CUST-1298,Ironwood Mechanical,Growth,Monthly,2025-09-22,in_6092626290,877.09,Paid,N,N
CUST-1298,Ironwood Mechanical,Growth,Monthly,2025-10-09,in_1d3ff278ca,904.3,Paid,N,N
CUST-1298,Ironwood Mechanical,Growth,Monthly,2025-11-30,in_a70f6676ff,900.21,Paid,N,N
CUST-1298,Ironwood Mechanical,Growth,Monthly,2025-12-28,in_234c8528fe,894.18,Paid,N,N
CUST-1299,Keystone Builders,Starter,Monthly,2025-01-29,in_8eb1614372,295.12,Paid,Y,N
CUST-1299,Keystone Builders,Starter,Monthly,2025-02-19,in_befc42ce6c,302.58,Paid,N,N
CUST-1299,Keystone Builders,Starter,Monthly,2025-03-30,in_6d79bc4655,296.05,Paid,N,N
CUST-1299,Keystone Builders,Starter,Monthly,2025-04-14,in_5116adb85c,292.77,Paid,N,N
CUST-1299,Keystone Builders,Starter,Monthly,2025-05-08,in_bd7fab5e32,295.9,Paid,N,N
CUST-1299,Keystone Builders,Starter,Monthly,2025-06-09,in_aa032aa8ab,290.42,Paid,N,N
CUST-1299,Keystone Builders,Starter,Monthly,2025-07-19,in_6621f57fa6,296.0,Paid,N,N
CUST-1299,Keystone Builders,Starter,Monthly,2025-08-15,in_9a8a15a3bf,306.48,Paid,N,N
CUST-1299,Keystone Builders,Starter,Monthly,2025-09-27,in_4f126abdcf,297.86,Paid,N,N
CUST-1299,Keystone Builders,Starter,Monthly,2025-10-22,in_ac8955a9ab,290.15,Paid,N,N
CUST-1299,Keystone Builders,Starter,Monthly,2025-11-08,in_1f99811574,295.37,Paid,N,N
CUST-1299,Keystone Builders,Starter,Monthly,2025-12-04,in_c7e280de2f,304.41,Paid,N,N
CUST-1300,Harbor Mechanical,Pro,Monthly,2025-03-17,in_821222aa2a,2533.03,Paid,Y,N
CUST-1300,Harbor Mechanical,Pro,Monthly,2025-04-11,in_7e7652e72b,2538.0,Paid,N,N
CUST-1300,Harbor Mechanical,Pro,Monthly,2025-05-21,in_5deb7adc64,2568.61,Paid,N,N
CUST-1300,Harbor Mechanical,Pro,Monthly,2025-06-21,in_e0ab7a5235,2504.0,Paid,N,N
CUST-1300,Harbor Mechanical,Pro,Monthly,2025-07-07,in_e500f1ae7d,2551.23,Paid,N,N
CUST-1300,Harbor Mechanical,Pro,Monthly,2025-08-25,in_3356a81a4c,2431.68,Paid,N,N
CUST-1300,Harbor Mechanical,Pro,Monthly,2025-09-27,in_23cedc5ee0,2503.07,Paid,N,N
CUST-1300,Harbor Mechanical,Pro,Monthly,2025-10-08,in_5f147817d2,2515.52,Paid,N,N
CUST-1300,Harbor Mechanical,Pro,Monthly,2025-11-18,in_835fc74468,2429.26,Failed,N,N
CUST-1300,Harbor Mechanical,Pro,Monthly,2025-12-03,in_dce02bc3a3,2542.67,Paid,N,N
CUST-1301,Harbor Construction,Pro,Monthly,2025-07-04,in_be8a55a8cc,2465.66,Paid,Y,N
CUST-1301,Harbor Construction,Pro,Monthly,2025-08-06,in_77e7c1d332,2488.01,Paid,N,N
CUST-1301,Harbor Construction,Pro,Monthly,2025-09-10,in_423b86f7d8,2520.87,Paid,N,N
CUST-1301,Harbor Construction,Pro,Monthly,2025-10-03,in_c2dbc6dbe9,2429.67,Paid,N,N
CUST-1301,Harbor Construction,Pro,Monthly,2025-11-11,in_a991ca6271,2502.39,Paid,N,N
CUST-1301,Harbor Construction,Pro,Monthly,2025-12-20,in_697f29d5b6,2424.17,Paid,N,N
CUST-1302,Marlow General Contractors,Starter,Annual (prepaid),2025-01-29,in_5a3178835c,297.47,Paid,Y,N
CUST-1302,Marlow General Contractors,Starter,Annual (prepaid),2025-02-12,in_9041eab73d,307.95,Paid,N,N
CUST-1302,Marlow General Contractors,Starter,Annual (prepaid),2025-03-04,in_78fe1be030,290.66,Paid,N,N
CUST-1302,Marlow General Contractors,Starter,Annual (prepaid),2025-04-18,in_c6a10948f5,300.66,Paid,N,N
CUST-1302,Marlow General Contractors,Starter,Annual (prepaid),2025-05-10,in_6ea3da9738,307.47,Paid,N,N
CUST-1302,Marlow General Contractors,Starter,Annual (prepaid),2025-06-19,in_d9ff2c40bc,300.57,Paid,N,N
CUST-1302,Marlow General Contractors,Starter,Annual (prepaid),2025-07-16,in_b23d3eedb9,295.87,Refunded,N,N
CUST-1302,Marlow General Contractors,Starter,Annual (prepaid),2025-08-03,in_70aa776d65,295.2,Paid,N,N
CUST-1302,Marlow General Contractors,Starter,Annual (prepaid),2025-09-19,in_453f4293e8,305.79,Paid,N,N
CUST-1302,Marlow General Contractors,Starter,Annual (prepaid),2025-10-10,in_53ab71fbdc,306.06,Paid,N,N
CUST-1302,Marlow General Contractors,Starter,Annual (prepaid),2025-11-22,in_89809b96fd,298.77,Paid,N,N
CUST-1302,Marlow General Contractors,Starter,Annual (prepaid),2025-12-15,in_d33bb8ca86,293.6,Paid,N,N
CUST-1303,Highfield Framing Co,Growth,Monthly,2025-06-01,in_e68d309909,889.65,Paid,Y,N
CUST-1303,Highfield Framing Co,Growth,Monthly,2025-07-06,in_34b3d80670,881.04,Paid,N,N
CUST-1303,Highfield Framing Co,Growth,Monthly,2025-08-07,in_9226a57f9e,924.05,Paid,N,Y
CUST-1304,Vantage Electrical Co,Enterprise,Monthly,2025-01-02,in_89a8b851cc,6853.45,Paid,Y,N
CUST-1304,Vantage Electrical Co,Enterprise,Monthly,2025-02-07,in_37ad833007,6675.11,Paid,N,N
CUST-1304,Vantage Electrical Co,Enterprise,Monthly,2025-03-13,in_b74db39580,6624.52,Paid,N,N
CUST-1304,Vantage Electrical Co,Enterprise,Monthly,2025-04-10,in_6e209eca84,6962.46,Paid,N,N
CUST-1304,Vantage Electrical Co,Enterprise,Monthly,2025-05-30,in_71eba7baa2,6722.51,Paid,N,N
CUST-1304,Vantage Electrical Co,Enterprise,Monthly,2025-06-26,in_2c675e9dbd,6904.82,Paid,N,N
CUST-1304,Vantage Electrical Co,Enterprise,Monthly,2025-07-07,in_9edfd84a88,6826.85,Paid,N,N
CUST-1304,Vantage Electrical Co,Enterprise,Monthly,2025-08-26,in_e34f784764,6850.53,Paid,N,N
CUST-1304,Vantage Electrical Co,Enterprise,Monthly,2025-09-05,in_5b6fd626ad,6672.58,Paid,N,N
CUST-1304,Vantage Electrical Co,Enterprise,Monthly,2025-10-20,in_1b91869ea9,6824.79,Failed,N,N
CUST-1304,Vantage Electrical Co,Enterprise,Monthly,2025-11-05,in_9e92aede3e,6790.51,Paid,N,N
CUST-1304,Vantage Electrical Co,Enterprise,Monthly,2025-12-26,in_59fad5a44b,6955.01,Paid,N,N
CUST-1305,Cascade Concrete,Growth,Monthly,2025-02-22,in_47682d2f6f,887.57,Paid,Y,N
CUST-1305,Cascade Concrete,Growth,Monthly,2025-03-27,in_7c7e7c6126,916.94,Paid,N,N
CUST-1305,Cascade Concrete,Growth,Monthly,2025-04-29,in_3a6354605f,885.23,Paid,N,N
CUST-1305,Cascade Concrete,Growth,Monthly,2025-05-07,in_d6bc7e377b,918.76,Paid,N,N
CUST-1305,Cascade Concrete,Growth,Monthly,2025-06-26,in_2b2cf40819,899.54,Paid,N,N
CUST-1305,Cascade Concrete,Growth,Monthly,2025-07-05,in_d8ecee7c06,889.48,Paid,N,N
CUST-1305,Cascade Concrete,Growth,Monthly,2025-08-24,in_1e8f18dd03,915.01,Paid,N,N
CUST-1305,Cascade Concrete,Growth,Monthly,2025-09-22,in_8d8e2888c5,872.7,Paid,N,N
CUST-1305,Cascade Concrete,Growth,Monthly,2025-10-21,in_85c50f200e,891.67,Paid,N,N
CUST-1305,Cascade Concrete,Growth,Monthly,2025-11-21,in_711670afef,914.17,Paid,N,N
CUST-1305,Cascade Concrete,Growth,Monthly,2025-12-15,in_18a0a19158,917.85,Failed,N,N
CUST-1306,Wexford General Contractors,Pro,Monthly,2025-06-25,in_29e0ce410d,2475.56,Paid,Y,N
CUST-1306,Wexford General Contractors,Pro,Monthly,2025-07-26,in_6269ceedc1,2567.02,Paid,N,N
CUST-1306,Wexford General Contractors,Pro,Monthly,2025-08-04,in_5e96406ea8,2545.3,Paid,N,N
CUST-1306,Wexford General Contractors,Pro,Monthly,2025-09-25,in_5eab27dcb6,2522.7,Paid,N,N
CUST-1306,Wexford General Contractors,Pro,Monthly,2025-10-03,in_7a94566405,2536.86,Failed,N,N
CUST-1306,Wexford General Contractors,Pro,Monthly,2025-11-02,in_84e1226763,2523.89,Paid,N,N
CUST-1306,Wexford General Contractors,Pro,Monthly,2025-12-30,in_def26bc963,2427.79,Paid,N,Y
CUST-1307,Stonegate Framing Co,Enterprise,Monthly,2025-02-14,in_d036001cc6,6606.75,Paid,Y,N
CUST-1307,Stonegate Framing Co,Enterprise,Monthly,2025-03-03,in_df5723d231,6935.7,Refunded,N,N
CUST-1307,Stonegate Framing Co,Enterprise,Monthly,2025-04-21,in_bb40c7e833,6848.08,Paid,N,N
CUST-1307,Stonegate Framing Co,Enterprise,Monthly,2025-05-04,in_b5e8bd1a55,6651.85,Paid,N,N
CUST-1307,Stonegate Framing Co,Enterprise,Monthly,2025-06-29,in_97d26833e0,6637.52,Paid,N,N
CUST-1307,Stonegate Framing Co,Enterprise,Monthly,2025-07-21,in_c5375bbc0c,6922.6,Paid,N,N
CUST-1307,Stonegate Framing Co,Enterprise,Monthly,2025-08-13,in_1cf5b0e50f,6768.54,Paid,N,N
CUST-1307,Stonegate Framing Co,Enterprise,Monthly,2025-09-19,in_51f8e7be55,6622.77,Paid,N,N
CUST-1307,Stonegate Framing Co,Enterprise,Monthly,2025-10-29,in_29f5ee9d8c,6882.46,Paid,N,N
CUST-1307,Stonegate Framing Co,Enterprise,Monthly,2025-11-24,in_2d183537d2,6777.33,Paid,N,N
CUST-1307,Stonegate Framing Co,Enterprise,Monthly,2025-12-26,in_4f523f12b4,6996.65,Paid,N,N
CUST-1308,Foster Construction,Growth,Monthly,2025-03-08,in_6911675857,906.79,Paid,Y,N
CUST-1308,Foster Construction,Growth,Monthly,2025-04-08,in_828d4f0541,920.39,Paid,N,N
CUST-1308,Foster Construction,Growth,Monthly,2025-05-14,in_2dbbf38e24,895.32,Paid,N,N
CUST-1308,Foster Construction,Growth,Monthly,2025-06-24,in_aa9987263f,880.75,Paid,N,N
CUST-1308,Foster Construction,Growth,Monthly,2025-07-18,in_a08d711cda,905.59,Paid,N,N
CUST-1308,Foster Construction,Growth,Monthly,2025-08-03,in_882ab63130,898.79,Paid,N,N
CUST-1308,Foster Construction,Growth,Monthly,2025-09-02,in_d95d5f21cc,913.82,Paid,N,N
CUST-1308,Foster Construction,Growth,Monthly,2025-10-16,in_5cc90051b8,911.42,Paid,N,N
CUST-1308,Foster Construction,Growth,Monthly,2025-11-24,in_e0f35cf7c1,895.6,Paid,N,N
CUST-1308,Foster Construction,Growth,Monthly,2025-12-12,in_d6ba9ee702,895.36,Paid,N,N
CUST-1309,Marlow Builders,Growth,Monthly,2025-01-27,in_45360dada5,920.06,Paid,Y,N
CUST-1309,Marlow Builders,Growth,Monthly,2025-02-11,in_31a8f7c43f,902.48,Paid,N,N
CUST-1309,Marlow Builders,Growth,Monthly,2025-03-15,in_872a1f3f01,876.99,Paid,N,N
CUST-1309,Marlow Builders,Growth,Monthly,2025-04-23,in_bb4f2d2d74,889.92,Paid,N,N
CUST-1309,Marlow Builders,Growth,Monthly,2025-05-31,in_4f3cfb1224,896.43,Paid,N,N
CUST-1309,Marlow Builders,Growth,Monthly,2025-06-28,in_370d99e5e7,876.99,Paid,N,N
CUST-1309,Marlow Builders,Growth,Monthly,2025-07-03,in_272a0bfb41,896.78,Paid,N,N
CUST-1309,Marlow Builders,Growth,Monthly,2025-08-17,in_234a5c81b3,890.17,Paid,N,N
CUST-1309,Marlow Builders,Growth,Monthly,2025-09-03,in_6381f08dd4,876.98,Paid,N,N
CUST-1309,Marlow Builders,Growth,Monthly,2025-10-14,in_bbc8a07392,876.02,Paid,N,N
CUST-1309,Marlow Builders,Growth,Monthly,2025-11-01,in_46eea6d487,916.24,Paid,N,N
CUST-1309,Marlow Builders,Growth,Monthly,2025-12-20,in_b4dcc48d08,879.75,Paid,N,N
CUST-1310,Highfield Construction,Pro,Monthly,2025-02-23,in_66bef24ebf,2529.92,Paid,Y,N
CUST-1310,Highfield Construction,Pro,Monthly,2025-03-30,in_8b47c43028,2556.79,Paid,N,N
CUST-1310,Highfield Construction,Pro,Monthly,2025-04-19,in_e646af7034,2447.82,Paid,N,N
CUST-1310,Highfield Construction,Pro,Monthly,2025-05-01,in_e442feebca,2500.4,Paid,N,N
CUST-1310,Highfield Construction,Pro,Monthly,2025-06-09,in_a64d49a78e,2480.88,Paid,N,N
CUST-1310,Highfield Construction,Pro,Monthly,2025-07-04,in_aeec117b69,2532.0,Paid,N,N
CUST-1310,Highfield Construction,Pro,Monthly,2025-08-18,in_9b8caabdf8,2493.6,Paid,N,N
CUST-1310,Highfield Construction,Pro,Monthly,2025-09-03,in_97427267ff,2545.23,Paid,N,N
CUST-1310,Highfield Construction,Pro,Monthly,2025-10-18,in_7c0d7b0524,2498.1,Paid,N,N
CUST-1310,Highfield Construction,Pro,Monthly,2025-11-21,in_27026ce621,2482.45,Paid,N,N
CUST-1310,Highfield Construction,Pro,Monthly,2025-12-01,in_52fd8417f6,2488.52,Paid,N,N
CUST-1311,Redwood General Contractors,Growth,Monthly,2025-03-27,in_ab346130dc,921.12,Paid,Y,N
CUST-1311,Redwood General Contractors,Growth,Monthly,2025-04-16,in_9269e74e6e,909.2,Paid,N,N
CUST-1311,Redwood General Contractors,Growth,Monthly,2025-05-04,in_dff67d2c87,887.71,Paid,N,N
CUST-1311,Redwood General Contractors,Growth,Monthly,2025-06-05,in_83ff78085f,891.92,Paid,N,N
CUST-1311,Redwood General Contractors,Growth,Monthly,2025-07-05,in_7ecd8b4d09,920.02,Paid,N,N
CUST-1311,Redwood General Contractors,Growth,Monthly,2025-08-31,in_592fc30e83,884.95,Paid,N,N
CUST-1311,Redwood General Contractors,Growth,Monthly,2025-09-25,in_2ca7599db2,920.18,Paid,N,N
CUST-1311,Redwood General Contractors,Growth,Monthly,2025-10-19,in_c58c0c92f9,886.71,Paid,N,N
CUST-1311,Redwood General Contractors,Growth,Monthly,2025-11-15,in_ac48e9d0e2,909.88,Paid,N,N
CUST-1311,Redwood General Contractors,Growth,Monthly,2025-12-04,in_9ae1751853,908.01,Paid,N,N
CUST-1312,Ridgeline Concrete,Starter,Monthly,2025-04-13,in_c53117dc0e,301.03,Paid,Y,N
CUST-1312,Ridgeline Concrete,Starter,Monthly,2025-05-05,in_7c64e67522,293.6,Paid,N,N
CUST-1312,Ridgeline Concrete,Starter,Monthly,2025-06-09,in_4977f31eb2,290.53,Paid,N,N
CUST-1312,Ridgeline Concrete,Starter,Monthly,2025-07-03,in_9133b87335,296.81,Paid,N,N
CUST-1312,Ridgeline Concrete,Starter,Monthly,2025-08-01,in_826af092f9,297.83,Paid,N,N
CUST-1312,Ridgeline Concrete,Starter,Monthly,2025-09-14,in_8a3652fc40,298.12,Paid,N,N
CUST-1312,Ridgeline Concrete,Starter,Monthly,2025-10-31,in_6648f59813,301.61,Refunded,N,N
CUST-1312,Ridgeline Concrete,Starter,Monthly,2025-11-16,in_b13cd05cf5,303.15,Refunded,N,N
CUST-1312,Ridgeline Concrete,Starter,Monthly,2025-12-07,in_685311fb4e,293.28,Paid,N,N
CUST-1313,Wexford General Contractors,Growth,Monthly,2025-01-06,in_cb76fc3bba,884.08,Paid,Y,N
CUST-1313,Wexford General Contractors,Growth,Monthly,2025-02-14,in_90bca20b2a,915.63,Paid,N,N
CUST-1313,Wexford General Contractors,Growth,Monthly,2025-03-31,in_5d36c159e1,886.64,Paid,N,N
CUST-1313,Wexford General Contractors,Growth,Monthly,2025-04-22,in_37b043aa60,894.55,Paid,N,N
CUST-1313,Wexford General Contractors,Growth,Monthly,2025-05-12,in_7667eedcb5,919.25,Paid,N,N
CUST-1313,Wexford General Contractors,Growth,Monthly,2025-06-12,in_cfb1ca811b,889.75,Paid,N,N
CUST-1313,Wexford General Contractors,Growth,Monthly,2025-07-26,in_405921abae,889.07,Paid,N,N
CUST-1313,Wexford General Contractors,Growth,Monthly,2025-08-27,in_59abe0df39,895.72,Paid,N,N
CUST-1313,Wexford General Contractors,Growth,Monthly,2025-09-09,in_37d4220ecc,882.9,Paid,N,N
CUST-1313,Wexford General Contractors,Growth,Monthly,2025-10-03,in_2abad17b94,886.87,Paid,N,N
CUST-1313,Wexford General Contractors,Growth,Monthly,2025-11-09,in_889ceee879,886.27,Paid,N,N
CUST-1313,Wexford General Contractors,Growth,Monthly,2025-12-05,in_7703d640e2,891.98,Paid,N,N
CUST-1314,Timberview Concrete,Starter,Annual (prepaid),2025-06-09,in_8e5cd8f40b,307.87,Paid,Y,N
CUST-1314,Timberview Concrete,Starter,Annual (prepaid),2025-07-01,in_a1647356c2,292.49,Paid,N,N
CUST-1314,Timberview Concrete,Starter,Annual (prepaid),2025-08-05,in_ad98e9b92a,295.71,Paid,N,N
CUST-1314,Timberview Concrete,Starter,Annual (prepaid),2025-09-01,in_def99f4b70,305.67,Paid,N,N
CUST-1314,Timberview Concrete,Starter,Annual (prepaid),2025-10-14,in_519b64121b,295.63,Paid,N,N
CUST-1314,Timberview Concrete,Starter,Annual (prepaid),2025-11-02,in_6228eed212,299.44,Paid,N,N
CUST-1314,Timberview Concrete,Starter,Annual (prepaid),2025-12-29,in_5dd9127c06,304.54,Paid,N,N
CUST-1315,Highfield Framing Co,Pro,Monthly,2025-01-28,in_dcc1204f8a,2438.46,Paid,Y,N
CUST-1315,Highfield Framing Co,Pro,Monthly,2025-02-15,in_b7f9df55d7,2431.35,Paid,N,N
CUST-1315,Highfield Framing Co,Pro,Monthly,2025-03-25,in_94880a830d,2483.71,Paid,N,N
CUST-1315,Highfield Framing Co,Pro,Monthly,2025-04-27,in_568751393e,2491.72,Paid,N,N
CUST-1315,Highfield Framing Co,Pro,Monthly,2025-05-11,in_b088dbc621,2512.31,Paid,N,Y
CUST-1316,Foster Construction,Starter,Monthly,2025-02-24,in_5571e30195,306.46,Paid,Y,N
CUST-1316,Foster Construction,Starter,Monthly,2025-03-03,in_7e19d6dc3e,299.23,Paid,N,N
CUST-1316,Foster Construction,Starter,Monthly,2025-04-26,in_556be6b225,306.76,Paid,N,N
CUST-1316,Foster Construction,Starter,Monthly,2025-05-02,in_73a40572ab,307.79,Paid,N,N
CUST-1316,Foster Construction,Starter,Monthly,2025-06-06,in_20ba845c05,301.5,Paid,N,N
CUST-1316,Foster Construction,Starter,Monthly,2025-07-11,in_7290bf30ee,293.07,Paid,N,Y
CUST-1317,Marlow Builders,Pro,Monthly,2025-02-25,in_8d6cee53dd,2483.28,Paid,Y,N
CUST-1317,Marlow Builders,Pro,Monthly,2025-03-22,in_6c024c6e0d,2475.47,Paid,N,N
CUST-1317,Marlow Builders,Pro,Monthly,2025-04-23,in_4ef3c0a41e,2543.99,Paid,N,N
CUST-1317,Marlow Builders,Pro,Monthly,2025-05-08,in_39c976fb8f,2556.16,Paid,N,N
CUST-1317,Marlow Builders,Pro,Monthly,2025-06-21,in_781b4b2728,2558.91,Paid,N,N
CUST-1317,Marlow Builders,Pro,Monthly,2025-07-28,in_5bce76cd79,2539.93,Paid,N,N
CUST-1317,Marlow Builders,Pro,Monthly,2025-08-06,in_2ec66d5d16,2524.66,Paid,N,N
CUST-1317,Marlow Builders,Pro,Monthly,2025-09-06,in_315252b377,2473.18,Paid,N,N
CUST-1317,Marlow Builders,Pro,Monthly,2025-10-23,in_ac75f26a30,2553.39,Paid,N,N
CUST-1317,Marlow Builders,Pro,Monthly,2025-11-26,in_235063dfad,2508.87,Paid,N,N
CUST-1317,Marlow Builders,Pro,Monthly,2025-12-11,in_1ebe46cac6,2471.25,Paid,N,N
CUST-1318,Marlow Trades Group,Enterprise,Monthly,2025-05-19,in_36618d95a8,6705.71,Paid,Y,N
CUST-1318,Marlow Trades Group,Enterprise,Monthly,2025-06-04,in_404e617607,6934.72,Paid,N,N
CUST-1318,Marlow Trades Group,Enterprise,Monthly,2025-07-11,in_bfc1adfa56,6865.41,Paid,N,N
CUST-1318,Marlow Trades Group,Enterprise,Monthly,2025-08-08,in_6297fced7e,6921.14,Paid,N,N
CUST-1318,Marlow Trades Group,Enterprise,Monthly,2025-09-30,in_9a54576610,6684.52,Paid,N,N
CUST-1318,Marlow Trades Group,Enterprise,Monthly,2025-10-27,in_1f0d0dca96,6909.71,Paid,N,N
CUST-1318,Marlow Trades Group,Enterprise,Monthly,2025-11-16,in_b0bbf67d78,6945.11,Paid,N,N
CUST-1318,Marlow Trades Group,Enterprise,Monthly,2025-12-17,in_72524996cc,6614.64,Paid,N,N
CUST-1319,Brightline Builders,Growth,Monthly,2025-12-17,in_67c6427842,907.24,Paid,Y,N
CUST-1320,Cobalt Contracting,Pro,Annual (prepaid),2025-01-08,in_adeead8a12,2484.03,Paid,Y,N
CUST-1320,Cobalt Contracting,Pro,Annual (prepaid),2025-02-06,in_88cbafeaad,2430.86,Paid,N,N
CUST-1320,Cobalt Contracting,Pro,Annual (prepaid),2025-03-27,in_3ac57c0dfc,2550.7,Paid,N,N
CUST-1320,Cobalt Contracting,Pro,Annual (prepaid),2025-04-17,in_c74558cb17,2573.41,Paid,N,N
CUST-1320,Cobalt Contracting,Pro,Annual (prepaid),2025-05-30,in_1a013bb502,2473.0,Paid,N,N
CUST-1320,Cobalt Contracting,Pro,Annual (prepaid),2025-06-16,in_54e0639fcf,2466.98,Paid,N,N
CUST-1320,Cobalt Contracting,Pro,Annual (prepaid),2025-07-16,in_de66793661,2524.87,Paid,N,N
CUST-1320,Cobalt Contracting,Pro,Annual (prepaid),2025-08-03,in_5505e4bed8,2552.67,Paid,N,N
CUST-1320,Cobalt Contracting,Pro,Annual (prepaid),2025-09-25,in_550c6c407f,2467.08,Paid,N,N
CUST-1320,Cobalt Contracting,Pro,Annual (prepaid),2025-10-19,in_34cd58f452,2504.44,Paid,N,N
CUST-1320,Cobalt Contracting,Pro,Annual (prepaid),2025-11-24,in_b062b95c17,2511.67,Paid,N,N
CUST-1320,Cobalt Contracting,Pro,Annual (prepaid),2025-12-12,in_37c8a67267,2551.23,Paid,N,N
CUST-1321,Summit Mechanical,Pro,Monthly,2025-01-18,in_322b9ea90d,2442.74,Failed,Y,N
CUST-1321,Summit Mechanical,Pro,Monthly,2025-02-01,in_be3849122f,2568.32,Paid,N,N
CUST-1321,Summit Mechanical,Pro,Monthly,2025-03-09,in_a181bdd96d,2461.73,Paid,N,N
CUST-1321,Summit Mechanical,Pro,Monthly,2025-04-16,in_21fd67d588,2520.33,Paid,N,N
CUST-1321,Summit Mechanical,Pro,Monthly,2025-05-18,in_b2cc6b8e70,2472.47,Paid,N,N
CUST-1321,Summit Mechanical,Pro,Monthly,2025-06-02,in_48df2cc2d6,2549.41,Paid,N,N
CUST-1321,Summit Mechanical,Pro,Monthly,2025-07-07,in_76bf165ed1,2531.79,Paid,N,N
CUST-1321,Summit Mechanical,Pro,Monthly,2025-08-06,in_891579a03e,2468.31,Paid,N,N
CUST-1321,Summit Mechanical,Pro,Monthly,2025-09-25,in_9fb2ac0013,2503.83,Paid,N,N
CUST-1321,Summit Mechanical,Pro,Monthly,2025-10-15,in_e6b93744df,2537.37,Paid,N,N
CUST-1321,Summit Mechanical,Pro,Monthly,2025-11-18,in_8960f6e8af,2553.51,Paid,N,N
CUST-1321,Summit Mechanical,Pro,Monthly,2025-12-16,in_78d22de401,2486.88,Paid,N,N
CUST-1322,Stonegate Electrical Co,Starter,Monthly,2025-04-03,in_60e0fd55f2,305.2,Paid,Y,N
CUST-1322,Stonegate Electrical Co,Starter,Monthly,2025-05-17,in_d760cc2b0d,291.73,Paid,N,N
CUST-1322,Stonegate Electrical Co,Starter,Monthly,2025-06-09,in_520457aacb,302.08,Paid,N,N
CUST-1322,Stonegate Electrical Co,Starter,Monthly,2025-07-07,in_7d559ed934,295.73,Failed,N,N
CUST-1322,Stonegate Electrical Co,Starter,Monthly,2025-08-15,in_6e22c040cc,305.92,Paid,N,N
CUST-1322,Stonegate Electrical Co,Starter,Monthly,2025-09-29,in_cf84b7926f,297.17,Paid,N,N
CUST-1322,Stonegate Electrical Co,Starter,Monthly,2025-10-01,in_d0a0355933,292.93,Paid,N,N
CUST-1322,Stonegate Electrical Co,Starter,Monthly,2025-11-19,in_d6c4b01d49,302.57,Paid,N,N
CUST-1322,Stonegate Electrical Co,Starter,Monthly,2025-12-29,in_98ace47bc9,302.77,Paid,N,N
CUST-1323,Harbor Electrical Co,Starter,Annual (prepaid),2025-02-12,in_a9e5c17b69,296.0,Failed,Y,N
CUST-1323,Harbor Electrical Co,Starter,Annual (prepaid),2025-03-07,in_58b529a884,300.43,Paid,N,N
CUST-1323,Harbor Electrical Co,Starter,Annual (prepaid),2025-04-14,in_cd02bd6438,305.27,Paid,N,N
CUST-1323,Harbor Electrical Co,Starter,Annual (prepaid),2025-05-12,in_5613b0b068,306.2,Paid,N,N
CUST-1323,Harbor Electrical Co,Starter,Annual (prepaid),2025-06-09,in_2926de9c55,295.61,Failed,N,N
CUST-1323,Harbor Electrical Co,Starter,Annual (prepaid),2025-07-09,in_552e110b98,302.17,Refunded,N,N
CUST-1323,Harbor Electrical Co,Starter,Annual (prepaid),2025-08-20,in_9d7cccc87e,293.81,Paid,N,N
CUST-1323,Harbor Electrical Co,Starter,Annual (prepaid),2025-09-05,in_a125b78804,294.15,Paid,N,N
CUST-1323,Harbor Electrical Co,Starter,Annual (prepaid),2025-10-31,in_54a65128c7,298.6,Paid,N,Y
CUST-1324,Harbor General Contractors,Growth,Monthly,2025-03-16,in_cd6e1580ed,872.16,Paid,Y,N
CUST-1324,Harbor General Contractors,Growth,Monthly,2025-04-01,in_db63ab3666,900.59,Paid,N,N
CUST-1324,Harbor General Contractors,Growth,Monthly,2025-05-04,in_2ccd8bc20a,879.94,Paid,N,N
CUST-1324,Harbor General Contractors,Growth,Monthly,2025-06-10,in_e196451bc1,891.78,Paid,N,N
CUST-1324,Harbor General Contractors,Growth,Monthly,2025-07-03,in_e776704014,882.92,Paid,N,N
CUST-1324,Harbor General Contractors,Growth,Monthly,2025-08-27,in_c7694348ab,905.71,Paid,N,N
CUST-1324,Harbor General Contractors,Growth,Monthly,2025-09-05,in_a5166bc6f8,873.94,Failed,N,N
CUST-1324,Harbor General Contractors,Growth,Monthly,2025-10-19,in_8deeee42ba,893.57,Paid,N,N
CUST-1324,Harbor General Contractors,Growth,Monthly,2025-11-28,in_8974be6888,875.2,Paid,N,N
CUST-1324,Harbor General Contractors,Growth,Monthly,2025-12-24,in_44ed130dd9,916.37,Paid,N,N
CUST-1325,Fairmont Contracting,Starter,Annual (prepaid),2025-03-03,in_55384dbc82,306.21,Paid,Y,N
CUST-1325,Fairmont Contracting,Starter,Annual (prepaid),2025-04-04,in_651e60c156,299.02,Paid,N,N
CUST-1325,Fairmont Contracting,Starter,Annual (prepaid),2025-05-07,in_30f812303b,299.49,Paid,N,N
CUST-1325,Fairmont Contracting,Starter,Annual (prepaid),2025-06-06,in_812d256480,290.15,Paid,N,N
CUST-1325,Fairmont Contracting,Starter,Annual (prepaid),2025-07-06,in_c36e637891,305.61,Paid,N,N
CUST-1325,Fairmont Contracting,Starter,Annual (prepaid),2025-08-21,in_e23f39677a,298.29,Paid,N,N
CUST-1325,Fairmont Contracting,Starter,Annual (prepaid),2025-09-06,in_57d80b9e6d,303.25,Paid,N,N
CUST-1325,Fairmont Contracting,Starter,Annual (prepaid),2025-10-14,in_75218fc32c,300.51,Paid,N,N
CUST-1325,Fairmont Contracting,Starter,Annual (prepaid),2025-11-25,in_83d4357ef3,293.28,Paid,N,N
CUST-1325,Fairmont Contracting,Starter,Annual (prepaid),2025-12-10,in_c8913331ef,296.7,Paid,N,N
CUST-1326,Timberview Builders,Starter,Annual (prepaid),2025-03-07,in_a14a728970,297.2,Paid,Y,N
CUST-1326,Timberview Builders,Starter,Annual (prepaid),2025-04-10,in_90e92f18a1,303.08,Paid,N,N
CUST-1326,Timberview Builders,Starter,Annual (prepaid),2025-05-25,in_c72e2488d8,304.41,Paid,N,N
CUST-1326,Timberview Builders,Starter,Annual (prepaid),2025-06-04,in_69819ebd81,292.8,Paid,N,N
CUST-1326,Timberview Builders,Starter,Annual (prepaid),2025-07-24,in_d044e55684,299.39,Paid,N,N
CUST-1326,Timberview Builders,Starter,Annual (prepaid),2025-08-28,in_489534947f,307.52,Paid,N,N
CUST-1326,Timberview Builders,Starter,Annual (prepaid),2025-09-07,in_843d347517,303.72,Failed,N,N
CUST-1326,Timberview Builders,Starter,Annual (prepaid),2025-10-01,in_5e48ed944e,291.07,Paid,N,N
CUST-1326,Timberview Builders,Starter,Annual (prepaid),2025-11-15,in_6c529ccb0a,301.5,Paid,N,N
CUST-1326,Timberview Builders,Starter,Annual (prepaid),2025-12-21,in_aec3590427,304.02,Paid,N,N
CUST-1327,Foster Concrete,Growth,Annual (prepaid),2025-05-13,in_4e0b3cee5a,897.87,Paid,Y,N
CUST-1327,Foster Concrete,Growth,Annual (prepaid),2025-06-12,in_cf241c4e69,908.67,Paid,N,N
CUST-1327,Foster Concrete,Growth,Annual (prepaid),2025-07-20,in_9400de8258,925.82,Paid,N,N
CUST-1327,Foster Concrete,Growth,Annual (prepaid),2025-08-01,in_30ade60d91,917.45,Refunded,N,N
CUST-1327,Foster Concrete,Growth,Annual (prepaid),2025-09-01,in_19dabbc851,902.71,Paid,N,N
CUST-1327,Foster Concrete,Growth,Annual (prepaid),2025-10-04,in_ad3304e092,889.71,Paid,N,N
CUST-1327,Foster Concrete,Growth,Annual (prepaid),2025-11-23,in_3f9cba8d23,901.68,Failed,N,N
CUST-1327,Foster Concrete,Growth,Annual (prepaid),2025-12-31,in_3cb379e16b,924.34,Paid,N,N
CUST-1328,Ridgeline Concrete,Starter,Monthly,2025-02-25,in_4379df4e2f,303.01,Paid,Y,N
CUST-1328,Ridgeline Concrete,Starter,Monthly,2025-03-28,in_3c55ebfdab,297.56,Paid,N,N
CUST-1328,Ridgeline Concrete,Starter,Monthly,2025-04-17,in_49a4345be6,293.92,Refunded,N,N
CUST-1328,Ridgeline Concrete,Starter,Monthly,2025-05-17,in_a44d2d53f3,303.48,Paid,N,N
CUST-1328,Ridgeline Concrete,Starter,Monthly,2025-06-02,in_a2123336ba,304.21,Paid,N,N
CUST-1328,Ridgeline Concrete,Starter,Monthly,2025-07-27,in_c2f76d8db0,295.86,Paid,N,N
CUST-1328,Ridgeline Concrete,Starter,Monthly,2025-08-02,in_38ca4fd48b,304.24,Paid,N,Y
CUST-1329,Timberview Construction,Starter,Monthly,2025-01-11,in_b6512d6afa,290.56,Paid,Y,N
CUST-1329,Timberview Construction,Starter,Monthly,2025-02-07,in_891641efc5,298.57,Paid,N,N
CUST-1329,Timberview Construction,Starter,Monthly,2025-03-14,in_63dff0db78,299.34,Paid,N,N
CUST-1329,Timberview Construction,Starter,Monthly,2025-04-28,in_2c20dd3cfb,292.21,Paid,N,N
CUST-1329,Timberview Construction,Starter,Monthly,2025-05-16,in_6bc0424438,297.41,Paid,N,N
CUST-1329,Timberview Construction,Starter,Monthly,2025-06-13,in_873863b10a,305.92,Paid,N,N
CUST-1329,Timberview Construction,Starter,Monthly,2025-07-04,in_2132885800,296.98,Paid,N,N
CUST-1329,Timberview Construction,Starter,Monthly,2025-08-29,in_4d699147e8,294.35,Paid,N,N
CUST-1329,Timberview Construction,Starter,Monthly,2025-09-20,in_656525a626,302.13,Paid,N,N
CUST-1329,Timberview Construction,Starter,Monthly,2025-10-17,in_a8af365444,301.89,Paid,N,N
CUST-1329,Timberview Construction,Starter,Monthly,2025-11-06,in_592e422690,294.54,Paid,N,N
CUST-1329,Timberview Construction,Starter,Monthly,2025-12-14,in_8cbab8d8a0,296.68,Paid,N,N
CUST-1330,Foster Mechanical,Starter,Monthly,2025-01-11,in_b1b0e2f24c,305.26,Paid,Y,N
CUST-1330,Foster Mechanical,Starter,Monthly,2025-02-26,in_39b64114e9,297.95,Paid,N,N
CUST-1330,Foster Mechanical,Starter,Monthly,2025-03-30,in_4ee7c19fd5,301.02,Paid,N,N
CUST-1330,Foster Mechanical,Starter,Monthly,2025-04-14,in_db0f58baa6,292.79,Paid,N,N
CUST-1330,Foster Mechanical,Starter,Monthly,2025-05-03,in_97b56b20a9,306.6,Failed,N,N
CUST-1330,Foster Mechanical,Starter,Monthly,2025-06-25,in_1e9a28fe61,300.33,Paid,N,N
CUST-1330,Foster Mechanical,Starter,Monthly,2025-07-12,in_2c4622c4ad,291.39,Paid,N,N
CUST-1330,Foster Mechanical,Starter,Monthly,2025-08-27,in_368bf390c2,297.62,Paid,N,N
CUST-1330,Foster Mechanical,Starter,Monthly,2025-09-11,in_74ba465293,293.69,Paid,N,N
CUST-1330,Foster Mechanical,Starter,Monthly,2025-10-27,in_32ecb77371,299.81,Paid,N,N
CUST-1330,Foster Mechanical,Starter,Monthly,2025-11-18,in_4cf8e0e17b,301.96,Paid,N,N
CUST-1330,Foster Mechanical,Starter,Monthly,2025-12-05,in_903cbe38ee,295.79,Paid,N,N
CUST-1331,Pinecrest Mechanical,Starter,Monthly,2025-08-18,in_dd1742c944,302.63,Paid,Y,N
CUST-1331,Pinecrest Mechanical,Starter,Monthly,2025-09-30,in_bd014e8c12,303.33,Paid,N,N
CUST-1331,Pinecrest Mechanical,Starter,Monthly,2025-10-11,in_d47835990b,303.29,Paid,N,N
CUST-1331,Pinecrest Mechanical,Starter,Monthly,2025-11-12,in_702d9a58fa,290.57,Paid,N,N
CUST-1331,Pinecrest Mechanical,Starter,Monthly,2025-12-28,in_60812ad453,303.59,Paid,N,N
CUST-1332,Fairmont Roofing,Starter,Monthly,2025-01-19,in_8a98ae7f50,302.25,Paid,Y,N
CUST-1332,Fairmont Roofing,Starter,Monthly,2025-02-25,in_9d73c131ca,301.14,Paid,N,N
CUST-1332,Fairmont Roofing,Starter,Monthly,2025-03-27,in_b2c1eb1ed3,294.56,Paid,N,N
CUST-1332,Fairmont Roofing,Starter,Monthly,2025-04-05,in_8a612224b8,300.91,Paid,N,N
CUST-1332,Fairmont Roofing,Starter,Monthly,2025-05-29,in_83b9258c21,295.51,Paid,N,N
CUST-1332,Fairmont Roofing,Starter,Monthly,2025-06-21,in_55829e6cd3,306.52,Paid,N,N
CUST-1332,Fairmont Roofing,Starter,Monthly,2025-07-03,in_e79f6f911a,291.24,Paid,N,N
CUST-1332,Fairmont Roofing,Starter,Monthly,2025-08-30,in_65e60ddfdb,302.45,Paid,N,N
CUST-1332,Fairmont Roofing,Starter,Monthly,2025-09-08,in_50b4198dbe,306.87,Paid,N,N
CUST-1332,Fairmont Roofing,Starter,Monthly,2025-10-05,in_190ee55346,302.19,Paid,N,N
CUST-1332,Fairmont Roofing,Starter,Monthly,2025-11-15,in_c4fce8db5d,291.54,Paid,N,N
CUST-1332,Fairmont Roofing,Starter,Monthly,2025-12-20,in_9a7547cb89,305.24,Paid,N,N
CUST-1333,Vantage Trades Group,Starter,Monthly,2025-01-24,in_391455c36e,291.99,Paid,Y,N
CUST-1333,Vantage Trades Group,Starter,Monthly,2025-02-13,in_93a51a1dc9,295.28,Paid,N,N
CUST-1333,Vantage Trades Group,Starter,Monthly,2025-03-17,in_4404fbd5c1,299.08,Paid,N,N
CUST-1333,Vantage Trades Group,Starter,Monthly,2025-04-24,in_3365398b18,307.89,Paid,N,N
CUST-1333,Vantage Trades Group,Starter,Monthly,2025-05-12,in_cd1a54cb7c,306.63,Paid,N,N
CUST-1333,Vantage Trades Group,Starter,Monthly,2025-06-16,in_3143f68c02,305.03,Paid,N,N
CUST-1333,Vantage Trades Group,Starter,Monthly,2025-07-22,in_8b48701f21,291.25,Paid,N,N
CUST-1333,Vantage Trades Group,Starter,Monthly,2025-08-29,in_d5387936f6,298.8,Paid,N,N
CUST-1333,Vantage Trades Group,Starter,Monthly,2025-09-03,in_49e451d551,296.38,Paid,N,N
CUST-1333,Vantage Trades Group,Starter,Monthly,2025-10-19,in_a2b99b236a,294.62,Paid,N,N
CUST-1333,Vantage Trades Group,Starter,Monthly,2025-11-09,in_ca3435b8f0,304.88,Paid,N,N
CUST-1333,Vantage Trades Group,Starter,Monthly,2025-12-06,in_6801c2523c,290.15,Paid,N,N
CUST-1334,Highfield Trades Group,Starter,Annual (prepaid),2025-03-03,in_4c5c29982a,297.88,Paid,Y,N
CUST-1334,Highfield Trades Group,Starter,Annual (prepaid),2025-04-21,in_d73f930bec,297.27,Paid,N,N
CUST-1334,Highfield Trades Group,Starter,Annual (prepaid),2025-05-14,in_bccb7f2c66,305.79,Paid,N,N
CUST-1334,Highfield Trades Group,Starter,Annual (prepaid),2025-06-24,in_cd5fb19355,293.12,Paid,N,N
CUST-1334,Highfield Trades Group,Starter,Annual (prepaid),2025-07-03,in_48db0b46bd,295.66,Paid,N,N
CUST-1334,Highfield Trades Group,Starter,Annual (prepaid),2025-08-19,in_2c6ad445b7,294.95,Paid,N,N
CUST-1334,Highfield Trades Group,Starter,Annual (prepaid),2025-09-02,in_4a1512d145,307.05,Paid,N,N
CUST-1334,Highfield Trades Group,Starter,Annual (prepaid),2025-10-30,in_79db1a2f8a,296.56,Paid,N,N
CUST-1334,Highfield Trades Group,Starter,Annual (prepaid),2025-11-29,in_5de3eb155e,295.09,Paid,N,N
CUST-1334,Highfield Trades Group,Starter,Annual (prepaid),2025-12-27,in_8c5baac2b9,305.73,Paid,N,N
CUST-1335,Harbor General Contractors,Enterprise,Annual (prepaid),2025-02-17,in_2d849ee530,6847.19,Paid,Y,N
CUST-1335,Harbor General Contractors,Enterprise,Annual (prepaid),2025-03-16,in_8111876f7e,6659.13,Paid,N,N
CUST-1335,Harbor General Contractors,Enterprise,Annual (prepaid),2025-04-10,in_755c925cba,6957.41,Paid,N,N
CUST-1335,Harbor General Contractors,Enterprise,Annual (prepaid),2025-05-14,in_dfe726f9b3,6686.04,Paid,N,N
CUST-1335,Harbor General Contractors,Enterprise,Annual (prepaid),2025-06-23,in_dccd06257b,6680.23,Paid,N,N
CUST-1335,Harbor General Contractors,Enterprise,Annual (prepaid),2025-07-07,in_43a4ed2a82,6927.47,Failed,N,N
CUST-1335,Harbor General Contractors,Enterprise,Annual (prepaid),2025-08-19,in_33ee098d85,6689.22,Paid,N,N
CUST-1335,Harbor General Contractors,Enterprise,Annual (prepaid),2025-09-22,in_1bcbda4431,6704.68,Paid,N,N
CUST-1335,Harbor General Contractors,Enterprise,Annual (prepaid),2025-10-11,in_18eaf1d9c4,6755.32,Paid,N,N
CUST-1335,Harbor General Contractors,Enterprise,Annual (prepaid),2025-11-03,in_df7777f268,6938.97,Paid,N,N
CUST-1335,Harbor General Contractors,Enterprise,Annual (prepaid),2025-12-29,in_893a5c1988,6635.76,Paid,N,N
CUST-1336,Foster Mechanical,Growth,Monthly,2025-03-20,in_6c811f9b01,879.2,Paid,Y,N
CUST-1336,Foster Mechanical,Growth,Monthly,2025-04-13,in_7d16d435a9,896.94,Paid,N,N
CUST-1336,Foster Mechanical,Growth,Monthly,2025-05-04,in_d6ac9c4813,884.55,Paid,N,N
CUST-1336,Foster Mechanical,Growth,Monthly,2025-06-18,in_78c29c8390,917.73,Paid,N,N
CUST-1336,Foster Mechanical,Growth,Monthly,2025-07-13,in_48444a4f89,904.85,Paid,N,N
CUST-1336,Foster Mechanical,Growth,Monthly,2025-08-02,in_1e2ed50903,891.48,Paid,N,N
CUST-1336,Foster Mechanical,Growth,Monthly,2025-09-04,in_30d9a17269,913.26,Paid,N,N
CUST-1336,Foster Mechanical,Growth,Monthly,2025-10-09,in_bbee8fa052,893.21,Paid,N,N
CUST-1336,Foster Mechanical,Growth,Monthly,2025-11-27,in_8b0c633b10,908.37,Paid,N,N
CUST-1336,Foster Mechanical,Growth,Monthly,2025-12-16,in_17a39a4fd6,877.97,Paid,N,N
CUST-1337,Harbor General Contractors,Starter,Monthly,2025-05-10,in_c6e47a873f,303.33,Failed,Y,N
CUST-1337,Harbor General Contractors,Starter,Monthly,2025-06-10,in_9e3e544797,307.5,Paid,N,N
CUST-1337,Harbor General Contractors,Starter,Monthly,2025-07-03,in_749684bd9d,290.76,Paid,N,N
CUST-1337,Harbor General Contractors,Starter,Monthly,2025-08-18,in_6145d50107,303.42,Paid,N,N
CUST-1337,Harbor General Contractors,Starter,Monthly,2025-09-15,in_9bd04387a7,296.43,Paid,N,N
CUST-1337,Harbor General Contractors,Starter,Monthly,2025-10-19,in_5617161140,298.3,Paid,N,N
CUST-1337,Harbor General Contractors,Starter,Monthly,2025-11-15,in_580f50e9a0,290.98,Paid,N,N
CUST-1337,Harbor General Contractors,Starter,Monthly,2025-12-16,in_94972ed755,299.76,Paid,N,N
CUST-1338,Stonegate Electrical Co,Starter,Monthly,2025-02-23,in_92b0c3ce5f,293.93,Paid,Y,N
CUST-1338,Stonegate Electrical Co,Starter,Monthly,2025-03-07,in_404c619fc6,293.52,Paid,N,N
CUST-1338,Stonegate Electrical Co,Starter,Monthly,2025-04-18,in_9274cb95e5,297.62,Paid,N,N
CUST-1338,Stonegate Electrical Co,Starter,Monthly,2025-05-01,in_1a1e7cf019,295.85,Paid,N,N
CUST-1338,Stonegate Electrical Co,Starter,Monthly,2025-06-14,in_a9b95e8486,307.49,Paid,N,N
CUST-1338,Stonegate Electrical Co,Starter,Monthly,2025-07-03,in_ae8e941306,306.85,Paid,N,N
CUST-1338,Stonegate Electrical Co,Starter,Monthly,2025-08-07,in_c65b9414f6,303.7,Paid,N,N
CUST-1338,Stonegate Electrical Co,Starter,Monthly,2025-09-09,in_5f752c7ed7,305.97,Paid,N,N
CUST-1338,Stonegate Electrical Co,Starter,Monthly,2025-10-22,in_64731c45c6,307.27,Paid,N,N
CUST-1338,Stonegate Electrical Co,Starter,Monthly,2025-11-07,in_b2edfd679f,298.53,Paid,N,N
CUST-1338,Stonegate Electrical Co,Starter,Monthly,2025-12-26,in_1e455041cb,302.15,Paid,N,N
CUST-1339,Foster General Contractors,Pro,Monthly,2025-09-10,in_e83753e9ae,2539.58,Paid,Y,N
CUST-1339,Foster General Contractors,Pro,Monthly,2025-10-30,in_96a11b9d70,2430.91,Paid,N,N
CUST-1339,Foster General Contractors,Pro,Monthly,2025-11-07,in_ae12aab6ec,2514.8,Paid,N,N
CUST-1339,Foster General Contractors,Pro,Monthly,2025-12-10,in_e89b13b79e,2484.43,Paid,N,N
